fecha,tmax,tmin,tmed,prec,velmedia,racha,presMax,presMin,hrMedia,sol
2010-01-01,6.7,-1.1,2.8,4.2,1.1,9.7,,,87.0,
2010-01-02,5.2,0.3,2.8,6.0,1.4,8.1,,,93.0,
2010-01-03,7.1,0.9,4.0,5.2,1.4,9.2,,,100.0,
2010-01-04,6.6,0.8,3.7,0.6,1.1,5.6,,,97.0,
2010-01-05,7.4,-1.0,3.2,0.0,1.4,7.2,,,85.0,
2010-01-06,7.2,-3.6,1.8,0.2,1.1,5.3,,,72.0,
2010-01-07,4.9,-4.7,0.1,0.0,3.9,15.3,,,65.0,
2010-01-08,2.7,-5.6,-1.4,0.0,4.4,13.9,,,69.0,
2010-01-09,2.9,-6.3,-1.7,0.0,3.6,10.3,,,66.0,
2010-01-10,0.7,-10.1,-4.7,0.0,0.3,5.3,,,87.0,
2010-01-11,5.3,-7.3,-1.0,1.6,1.1,3.9,,,82.0,
2010-01-12,7.2,-1.4,2.9,7.8,2.5,13.1,,,94.0,
2010-01-13,3.5,-0.1,1.7,15.2,1.4,6.4,,,97.0,
2010-01-14,7.2,1.8,4.5,0.6,5.0,22.8,,,81.0,
2010-01-15,4.4,-1.4,1.5,0.4,1.4,3.9,,,94.0,
2010-01-16,9.5,1.2,5.4,1.8,1.7,12.2,,,91.0,
2010-01-17,7.4,4.1,5.8,3.4,0.8,3.3,,,97.0,
2010-01-18,6.7,4.7,5.7,1.2,0.8,3.6,,,99.0,
2010-01-19,13.5,2.6,8.0,0.4,2.2,7.5,,,83.0,
2010-01-20,8.2,2.3,5.2,0.2,1.7,8.3,,,86.0,
2010-01-21,7.8,0.2,4.0,0.0,0.8,5.3,,,90.0,
2010-01-22,6.8,4.2,5.5,1.8,0.8,3.3,,,95.0,
2010-01-23,8.5,4.6,6.6,1.4,1.1,3.6,,,95.0,
2010-01-24,11.0,-1.3,4.8,0.0,4.2,9.7,,,74.0,
2010-01-25,9.3,-3.6,2.8,0.0,1.9,9.7,,,65.0,
2010-01-26,11.5,-2.7,4.4,0.0,3.1,10.8,,,58.0,
2010-01-27,5.6,-3.6,1.0,0.0,6.7,18.6,,,61.0,
2010-01-28,12.9,-5.8,3.6,0.0,1.9,7.8,,,49.0,
2010-01-29,8.9,0.8,4.8,0.0,3.6,12.5,,,73.0,
2010-01-30,9.1,1.8,5.4,0.0,5.0,12.8,,,72.0,
2010-01-31,8.5,0.4,4.4,0.0,4.2,11.4,,,74.0,
2010-02-01,10.7,-3.6,3.6,0.0,1.9,6.4,,,56.0,
2010-02-02,10.1,-5.9,2.1,0.0,0.8,4.4,,,68.0,
2010-02-03,9.5,-5.2,2.2,0.0,0.8,,,,74.0,
2010-02-04,6.6,1.6,4.1,4.6,1.7,17.8,,,91.0,
2010-02-05,9.9,0.8,5.4,0.8,4.4,15.3,,,75.0,
2010-02-06,11.5,2.9,7.2,0.0,2.8,12.2,,,78.0,
2010-02-07,8.0,1.5,4.8,2.0,1.4,4.7,,,91.0,
2010-02-08,11.2,3.8,7.5,0.4,3.3,10.8,,,85.0,
2010-02-09,9.9,-4.2,2.8,0.0,5.6,11.9,,,66.0,
2010-02-10,4.1,-5.9,-0.9,0.0,0.6,5.0,,,77.0,
2010-02-11,4.9,-5.5,-0.3,0.0,4.2,10.8,,,59.0,
2010-02-12,7.0,-7.7,-0.4,0.0,2.8,10.3,,,67.0,
2010-02-13,6.5,-7.1,-0.3,0.0,4.4,10.0,,,61.0,
2010-02-14,3.8,-7.4,-1.8,0.0,1.9,6.4,,,71.0,
2010-02-15,6.6,-4.5,1.0,0.0,1.9,8.3,,,68.0,
2010-02-16,6.6,-1.0,2.8,1.2,0.8,3.9,,,82.0,
2010-02-17,8.2,1.2,4.7,0.2,1.4,9.7,,,90.0,
2010-02-18,6.8,-1.6,2.6,0.0,1.7,5.8,,,81.0,
2010-02-19,8.2,-2.1,3.0,0.0,3.3,10.3,,,67.0,
2010-02-20,9.5,-0.9,4.3,0.0,2.8,13.1,,,63.0,
2010-02-21,11.7,-0.5,5.6,5.2,2.5,12.5,,,89.0,
2010-02-22,11.2,3.3,7.2,8.4,4.2,13.6,,,85.0,
2010-02-23,9.2,2.2,5.7,8.0,1.7,9.7,,,89.0,
2010-02-24,9.6,2.1,5.8,19.4,1.1,16.1,,,81.0,
2010-02-25,12.2,2.1,7.2,9.8,6.1,27.5,,,80.0,
2010-02-26,10.1,0.6,5.4,5.8,2.5,9.2,,,74.0,
2010-02-27,12.0,3.5,7.8,26.2,10.6,25.0,,,95.0,
2010-02-28,9.3,1.9,5.6,4.6,2.2,12.5,,,77.0,
2010-03-01,11.3,-0.4,5.4,0.2,3.3,16.4,,,70.0,
2010-03-02,12.2,-0.6,5.8,1.6,1.7,8.3,,,72.0,
2010-03-03,6.8,3.9,5.4,4.0,0.8,4.7,,,92.0,
2010-03-04,15.9,2.4,9.2,0.0,1.7,6.1,,,66.0,
2010-03-05,7.1,2.3,4.7,4.2,3.1,9.7,,,65.0,
2010-03-06,5.8,0.2,3.0,7.2,2.5,8.9,,,94.0,
2010-03-07,4.7,-1.3,1.7,5.6,0.6,8.6,,,93.0,
2010-03-08,5.2,-5.2,0.0,0.0,2.8,,,,59.0,
2010-03-09,8.3,-4.8,1.8,0.0,5.3,12.2,,,47.0,
2010-03-10,8.6,-7.6,0.5,0.0,5.6,11.4,,,51.0,
2010-03-11,6.4,-6.6,-0.1,0.0,2.5,9.2,,,61.0,
2010-03-12,10.1,-5.8,2.2,0.0,3.6,8.9,,,55.0,
2010-03-13,10.4,-5.1,2.6,0.2,3.9,11.9,,,63.0,
2010-03-14,12.0,-3.8,4.1,0.2,1.9,6.1,,,56.0,
2010-03-15,15.1,-5.6,4.8,0.0,1.7,5.3,,,49.0,
2010-03-16,15.3,-3.3,6.0,0.0,0.8,5.8,,,34.0,
2010-03-17,16.5,-1.9,7.3,0.0,3.1,10.6,,,44.0,
2010-03-18,15.9,6.6,11.2,0.8,3.9,9.4,,,69.0,
2010-03-19,14.3,8.9,11.6,10.2,5.3,14.2,,,86.0,
2010-03-20,16.3,7.0,11.6,4.8,3.3,13.3,,,74.0,
2010-03-21,16.6,4.8,10.7,0.2,1.4,6.4,,,72.0,
2010-03-22,18.1,3.9,11.0,0.0,1.9,7.5,,,70.0,
2010-03-23,14.5,2.1,8.3,12.6,2.5,15.0,,,85.0,
2010-03-24,11.9,4.8,8.4,2.6,6.4,12.8,,,85.0,
2010-03-25,10.6,2.0,6.3,0.8,4.7,16.4,,,72.0,
2010-03-26,9.6,-0.2,4.7,0.4,3.3,16.4,,,74.0,
2010-03-27,13.2,3.5,8.4,0.0,3.1,10.3,,,56.0,
2010-03-28,15.1,2.3,8.7,0.0,2.5,8.6,,,70.0,
2010-03-29,12.2,2.3,7.2,4.0,5.0,18.1,,,83.0,
2010-03-30,10.9,3.3,7.1,0.0,6.4,,,,69.0,
2010-03-31,11.4,1.5,6.4,1.2,5.6,17.5,,,68.0,
2010-04-01,11.4,-0.6,5.4,0.0,3.1,10.3,,,63.0,
2010-04-02,11.2,0.2,5.7,0.8,3.3,11.1,,,82.0,
2010-04-03,11.6,2.9,7.2,0.2,5.0,15.0,,,65.0,
2010-04-04,13.3,-0.1,6.6,0.0,3.1,10.0,,,51.0,
2010-04-05,16.4,-1.3,7.6,0.0,1.7,6.7,,,51.0,
2010-04-06,18.1,0.7,9.4,0.0,2.5,13.6,,,50.0,
2010-04-07,18.6,1.5,10.0,0.0,1.9,8.6,,,43.0,
2010-04-08,17.8,-0.9,8.4,0.0,1.9,6.1,,,55.0,
2010-04-09,18.5,2.5,10.5,0.0,1.9,7.8,,,46.0,
2010-04-10,20.3,3.9,12.1,0.0,2.8,8.9,,,43.0,
2010-04-11,21.3,5.2,13.2,0.0,2.2,7.2,,,41.0,
2010-04-12,16.2,1.5,8.8,0.0,3.3,10.6,,,51.0,
2010-04-13,13.6,-2.8,5.4,0.0,3.3,9.7,,,47.0,
2010-04-14,13.4,2.3,7.8,8.8,3.1,10.0,,,57.0,
2010-04-15,14.7,5.0,9.8,33.2,2.2,7.5,,,95.0,
2010-04-16,14.7,5.6,10.2,17.2,3.1,19.2,,,87.0,
2010-04-17,16.4,6.9,11.6,0.8,2.2,10.3,,,81.0,
2010-04-18,16.5,7.5,12.0,0.4,3.6,12.5,,,78.0,
2010-04-19,18.0,5.3,11.6,0.2,1.9,7.5,,,74.0,
2010-04-20,18.0,6.7,12.4,0.6,2.5,8.1,,,64.0,
2010-04-21,14.8,5.8,10.3,21.6,2.2,14.7,,,89.0,
2010-04-22,19.3,4.6,12.0,6.6,1.1,9.4,,,73.0,
2010-04-23,18.5,6.6,12.6,0.2,3.3,8.6,,,71.0,
2010-04-24,22.0,6.5,14.2,0.0,1.7,8.3,,,68.0,
2010-04-25,22.6,9.2,15.9,0.0,2.2,6.1,,,62.0,
2010-04-26,24.9,7.0,16.0,0.0,1.9,6.1,,,61.0,
2010-04-27,26.4,8.2,17.3,0.0,2.8,6.4,,,47.0,
2010-04-28,25.2,8.8,17.0,0.0,2.5,10.0,,,52.0,
2010-04-29,22.9,8.7,15.8,0.0,4.2,12.2,,,55.0,
2010-04-30,21.1,4.0,12.6,0.0,2.5,8.6,,,65.0,
2010-05-01,21.4,6.2,13.8,0.0,3.1,8.3,,,46.0,
2010-05-02,18.2,4.5,11.4,0.0,4.7,,,,52.0,
2010-05-03,12.5,2.4,7.4,0.0,5.8,15.3,,,49.0,
2010-05-04,10.6,1.2,5.9,0.0,7.5,15.6,,,48.0,
2010-05-05,16.0,0.1,8.0,0.0,4.7,12.5,,,44.0,
2010-05-06,15.7,-1.6,7.0,0.0,2.5,7.2,,,50.0,
2010-05-07,15.6,4.6,10.1,2.8,2.5,10.8,,,63.0,
2010-05-08,15.8,6.2,11.0,6.4,2.5,13.3,,,75.0,
2010-05-09,15.4,4.9,10.2,0.2,6.9,13.6,,,63.0,
2010-05-10,10.8,0.4,5.6,0.2,2.8,9.2,,,78.0,
2010-05-11,13.6,3.3,8.4,9.4,3.1,7.5,,,76.0,
2010-05-12,10.4,4.0,7.2,18.0,0.6,6.4,,,93.0,
2010-05-13,9.8,1.6,5.7,3.8,1.7,,,,78.0,
2010-05-14,13.2,-0.4,6.4,0.0,4.2,13.9,,,73.0,
2010-05-15,15.0,1.8,8.4,0.0,4.7,11.4,,,52.0,
2010-05-16,18.2,-0.4,8.9,0.0,2.5,6.9,,,55.0,
2010-05-17,21.9,2.8,12.4,0.0,2.8,7.2,,,56.0,
2010-05-18,25.3,5.8,15.6,0.0,1.4,5.8,,,47.0,
2010-05-19,25.0,6.1,15.6,0.0,1.9,6.9,,,47.0,
2010-05-20,24.6,8.4,16.5,0.0,2.2,7.5,,,40.0,
2010-05-21,28.0,8.0,18.0,0.0,1.7,5.8,,,37.0,
2010-05-22,28.8,7.3,18.0,0.0,1.7,5.8,,,38.0,
2010-05-23,27.7,9.4,18.6,0.0,2.5,8.1,,,49.0,
2010-05-24,23.1,13.3,18.2,0.0,5.3,12.2,,,53.0,
2010-05-25,17.6,8.5,13.0,5.4,5.0,13.9,,,82.0,
2010-05-26,19.1,7.8,13.4,0.2,3.3,10.3,,,69.0,
2010-05-27,18.5,7.0,12.8,0.0,3.1,8.3,,,59.0,
2010-05-28,22.6,7.2,14.9,0.0,3.3,10.6,,,50.0,
2010-05-29,24.6,8.0,16.3,0.0,3.3,10.3,,,56.0,
2010-05-30,28.5,9.9,19.2,0.0,3.1,8.9,,,47.0,
2010-05-31,30.9,12.3,21.6,0.0,3.3,9.2,,,55.0,
2010-06-01,29.4,11.8,20.6,0.0,2.2,8.6,,,55.0,
2010-06-02,27.8,13.1,20.4,0.0,2.8,8.1,,,55.0,
2010-06-03,29.4,13.2,21.3,0.0,3.1,11.1,,,47.0,
2010-06-04,29.1,10.8,20.0,0.0,2.2,6.9,,,46.0,
2010-06-05,29.0,13.3,21.2,0.0,4.4,13.1,,,50.0,
2010-06-06,26.4,9.0,17.7,0.0,2.5,7.8,,,47.0,
2010-06-07,26.2,7.5,16.8,0.0,3.3,12.8,,,54.0,
2010-06-08,16.6,10.3,13.4,16.6,2.8,8.3,,,76.0,
2010-06-09,15.4,9.8,12.6,18.0,2.5,7.8,,,92.0,
2010-06-10,12.1,8.5,10.3,5.2,4.7,11.9,,,80.0,
2010-06-11,17.8,8.7,13.2,0.8,3.6,12.2,,,83.0,
2010-06-12,18.9,8.4,13.6,0.0,3.1,9.7,,,68.0,
2010-06-13,24.9,7.0,16.0,0.0,1.7,7.2,,,50.0,
2010-06-14,19.9,8.4,14.2,0.0,6.1,13.6,,,53.0,
2010-06-15,18.0,6.8,12.4,0.6,5.0,13.1,,,69.0,
2010-06-16,18.9,3.7,11.3,0.2,6.1,15.8,,,53.0,
2010-06-17,22.2,1.7,12.0,0.0,1.4,6.9,,,40.0,
2010-06-18,22.7,7.0,14.8,0.0,2.8,11.4,,,54.0,
2010-06-19,24.1,6.8,15.4,0.0,3.1,8.9,,,50.0,
2010-06-20,22.4,7.1,14.8,0.0,3.3,10.3,,,40.0,
2010-06-21,25.3,3.4,14.4,0.0,2.2,7.8,,,39.0,
2010-06-22,28.3,8.2,18.2,0.0,1.9,6.1,,,37.0,
2010-06-23,30.1,10.7,20.4,0.0,1.9,7.2,,,42.0,
2010-06-24,31.5,10.6,21.0,0.2,1.7,10.0,,,32.0,
2010-06-25,26.6,13.6,20.1,0.0,2.8,11.1,,,55.0,
2010-06-26,26.6,13.1,19.8,4.0,3.1,7.5,,,62.0,
2010-06-27,27.7,12.7,20.2,0.0,2.8,7.5,,,64.0,
2010-06-28,29.9,10.4,20.2,0.0,1.9,5.8,,,47.0,
2010-06-29,29.9,13.8,21.8,0.0,1.9,6.7,,,53.0,
2010-06-30,30.4,15.7,23.0,0.0,1.4,7.2,,,45.0,
2010-07-01,32.0,13.1,22.6,0.0,3.1,12.2,,,36.0,
2010-07-02,27.9,13.9,20.9,0.0,1.9,9.4,,,46.0,
2010-07-03,30.1,14.4,22.2,0.0,3.1,10.0,,,47.0,
2010-07-04,34.1,15.3,24.7,0.0,2.8,6.7,,,48.0,
2010-07-05,32.6,14.8,23.7,0.0,2.2,7.8,,,46.0,
2010-07-06,31.9,13.0,22.4,0.0,1.9,6.7,,,45.0,
2010-07-07,35.3,14.9,25.1,0.0,2.8,10.8,,,40.0,
2010-07-08,33.9,17.6,25.8,0.0,4.2,14.7,,,40.0,
2010-07-09,33.3,14.9,24.1,0.0,2.8,7.5,,,46.0,
2010-07-10,34.2,14.5,24.4,0.0,2.5,9.4,,,40.0,
2010-07-11,33.8,14.4,24.1,0.0,1.9,10.8,,,42.0,
2010-07-12,29.8,13.6,21.7,0.0,5.3,11.1,,,44.0,
2010-07-13,30.6,12.6,21.6,0.0,2.5,10.0,,,50.0,
2010-07-14,22.9,10.6,16.8,0.0,6.1,13.6,,,45.0,
2010-07-15,29.6,6.6,18.1,0.0,2.8,8.3,,,42.0,
2010-07-16,28.2,13.5,20.8,0.0,4.2,12.2,,,45.0,
2010-07-17,29.1,8.3,18.7,0.0,1.9,6.4,,,41.0,
2010-07-18,33.0,8.1,20.6,0.0,1.9,7.2,,,38.0,
2010-07-19,34.4,13.8,24.1,0.0,2.8,8.3,,,42.0,
2010-07-20,31.0,14.9,23.0,0.0,3.3,13.3,,,42.0,
2010-07-21,26.5,12.2,19.4,0.0,2.5,10.3,,,46.0,
2010-07-22,26.8,8.2,17.5,0.0,2.5,7.2,,,40.0,
2010-07-23,26.3,7.1,16.7,0.0,2.2,6.7,,,44.0,
2010-07-24,30.4,7.7,19.0,0.0,1.4,6.9,,,37.0,
2010-07-25,32.1,9.7,20.9,0.0,4.2,11.9,,,35.0,
2010-07-26,30.5,11.3,20.9,1.5,3.1,7.2,,,40.0,
2010-07-27,32.3,12.1,22.2,0.0,2.2,6.4,,,34.0,
2010-07-28,36.5,14.7,25.6,0.0,3.1,8.3,,,27.0,
2010-07-29,32.2,12.8,22.5,0.0,3.1,8.9,,,37.0,
2010-07-30,30.8,12.1,21.4,0.0,1.9,6.7,,,45.0,
2010-07-31,34.2,13.2,23.7,0.0,1.9,7.8,,,37.0,
2010-08-01,31.0,14.4,22.7,0.0,2.2,10.3,,,49.0,
2010-08-02,30.5,11.8,21.2,0.0,4.2,8.9,,,51.0,
2010-08-03,29.1,7.7,18.4,0.0,2.2,7.2,,,43.0,
2010-08-04,31.7,10.7,21.2,0.0,3.3,10.6,,,40.0,
2010-08-05,27.7,6.6,17.2,0.0,2.2,7.2,,,41.0,
2010-08-06,29.1,9.1,19.1,0.0,1.7,8.6,,,35.0,
2010-08-07,33.8,10.7,22.2,0.0,2.2,7.8,,,24.0,
2010-08-08,34.7,14.3,24.5,0.0,1.4,8.6,,,40.0,
2010-08-09,33.2,17.8,25.5,0.0,3.6,11.4,,,27.0,
2010-08-10,32.0,12.3,22.2,0.0,3.9,11.1,,,33.0,
2010-08-11,32.0,13.0,22.5,0.0,3.1,11.1,,,26.0,
2010-08-12,29.1,13.0,21.0,0.0,3.9,10.0,,,47.0,
2010-08-13,23.9,8.5,16.2,0.0,5.0,12.2,,,50.0,
2010-08-14,25.3,5.4,15.4,0.0,1.9,6.9,,,40.0,
2010-08-15,25.1,7.5,16.3,0.0,2.2,8.3,,,49.0,
2010-08-16,27.4,7.2,17.3,0.0,2.5,7.2,,,39.0,
2010-08-17,31.0,8.5,19.8,0.0,3.1,9.7,,,37.0,
2010-08-18,29.2,12.8,21.0,0.0,3.3,9.4,,,50.0,
2010-08-19,31.8,10.3,21.0,0.0,2.8,8.9,,,48.0,
2010-08-20,32.6,10.5,21.6,0.0,1.9,7.8,,,42.0,
2010-08-21,34.8,14.3,24.6,0.0,2.5,11.4,,,36.0,
2010-08-22,33.0,16.3,24.6,0.0,3.1,9.7,,,43.0,
2010-08-23,29.1,13.0,21.0,0.0,2.8,10.8,,,49.0,
2010-08-24,30.0,14.1,22.0,0.0,3.3,10.0,,,45.0,
2010-08-25,34.7,13.0,23.8,0.0,2.2,13.6,,,42.0,
2010-08-26,31.4,14.4,22.9,0.0,3.3,16.1,,,39.0,
2010-08-27,28.8,14.3,21.6,0.0,4.7,12.5,,,39.0,
2010-08-28,28.3,9.2,18.8,0.0,2.8,6.7,,,52.0,
2010-08-29,28.9,9.6,19.2,0.0,1.9,7.5,,,36.0,
2010-08-30,28.4,9.9,19.2,0.0,2.2,7.5,,,38.0,
2010-08-31,26.7,9.6,18.2,0.0,1.4,5.8,,,38.0,
2010-09-01,23.3,13.2,18.2,0.0,1.9,10.3,,,52.0,
2010-09-02,31.9,10.8,21.4,0.0,2.5,7.8,,,43.0,
2010-09-03,30.7,9.4,20.0,0.0,1.9,8.6,,,38.0,
2010-09-04,33.4,14.3,23.8,0.0,1.4,6.9,,,39.0,
2010-09-05,32.2,12.0,22.1,0.0,4.2,12.5,,,41.0,
2010-09-06,25.9,11.9,18.9,6.6,2.8,9.7,,,69.0,
2010-09-07,18.4,9.7,14.0,2.4,5.0,14.4,,,67.0,
2010-09-08,19.1,9.0,14.0,0.2,2.8,10.3,,,75.0,
2010-09-09,25.3,8.3,16.8,0.0,1.9,7.8,,,50.0,
2010-09-10,27.8,6.7,17.2,0.0,2.2,5.3,,,53.0,
2010-09-11,29.6,9.4,19.5,0.0,2.2,6.9,,,43.0,
2010-09-12,28.3,11.3,19.8,0.0,1.9,6.9,,,50.0,
2010-09-13,28.6,7.8,18.2,0.0,1.9,5.8,,,48.0,
2010-09-14,30.4,9.3,19.8,0.0,2.2,7.5,,,34.0,
2010-09-15,30.1,12.9,21.5,0.0,2.5,8.9,,,44.0,
2010-09-16,23.8,13.8,18.8,1.6,1.4,9.4,,,73.0,
2010-09-17,19.0,10.1,14.6,1.2,0.3,7.2,,,83.0,
2010-09-18,21.2,6.9,14.0,0.0,1.7,6.4,,,62.0,
2010-09-19,23.8,4.2,14.0,0.0,1.4,7.2,,,63.0,
2010-09-20,26.2,7.0,16.6,0.0,2.8,8.3,,,57.0,
2010-09-21,25.4,8.7,17.0,0.0,2.5,8.9,,,60.0,
2010-09-22,23.9,9.7,16.8,0.0,3.6,10.6,,,56.0,
2010-09-23,23.6,10.0,16.8,0.0,3.1,8.9,,,62.0,
2010-09-24,19.9,6.8,13.4,0.0,3.6,11.1,,,56.0,
2010-09-25,20.8,3.3,12.0,0.0,3.3,10.3,,,59.0,
2010-09-26,20.3,2.9,11.6,0.0,1.7,6.4,,,49.0,
2010-09-27,22.2,1.5,11.8,0.0,1.9,6.1,,,55.0,
2010-09-28,24.7,6.1,15.4,0.0,2.5,9.2,,,46.0,
2010-09-29,27.0,6.0,16.5,0.0,2.8,8.9,,,53.0,
2010-09-30,22.2,9.7,16.0,0.0,1.7,6.7,,,63.0,
2010-10-01,20.0,8.9,14.4,0.0,2.5,6.4,,,54.0,
2010-10-02,22.6,7.9,15.2,0.0,5.6,18.1,,,51.0,
2010-10-03,14.3,9.7,12.0,11.6,9.4,25.0,,,88.0,
2010-10-04,17.6,7.9,12.8,0.0,3.1,13.1,,,63.0,
2010-10-05,20.0,6.7,13.4,0.0,4.4,13.1,,,65.0,
2010-10-06,14.5,11.1,12.8,6.2,2.2,10.8,,,94.0,
2010-10-07,20.8,10.6,15.7,0.0,3.9,10.6,,,75.0,
2010-10-08,20.9,11.6,16.2,9.4,6.9,16.7,,,72.0,
2010-10-09,17.5,8.7,13.1,5.6,4.7,10.6,,,76.0,
2010-10-10,18.6,6.1,12.4,0.2,3.3,8.9,,,70.0,
2010-10-11,20.5,9.0,14.8,0.0,4.4,12.8,,,71.0,
2010-10-12,21.2,9.9,15.6,0.2,1.4,6.1,,,73.0,
2010-10-13,23.0,5.5,14.2,0.0,1.7,6.1,,,61.0,
2010-10-14,19.1,3.6,11.4,0.0,1.4,5.8,,,63.0,
2010-10-15,17.3,2.0,9.6,0.0,1.7,4.7,,,66.0,
2010-10-16,16.6,2.0,9.3,0.0,2.2,6.1,,,69.0,
2010-10-17,17.4,1.5,9.4,0.0,3.1,10.3,,,62.0,
2010-10-18,15.6,-1.4,7.1,0.0,0.8,6.1,,,62.0,
2010-10-19,19.2,-2.5,8.4,0.0,1.4,5.3,,,59.0,
2010-10-20,17.3,-0.4,8.4,0.0,1.1,5.3,,,59.0,
2010-10-21,20.6,0.0,10.3,0.0,1.9,6.4,,,64.0,
2010-10-22,16.4,1.8,9.1,0.0,1.4,5.6,,,64.0,
2010-10-23,21.2,5.5,13.4,0.0,2.5,9.7,,,64.0,
2010-10-24,16.0,8.5,12.2,0.0,4.2,11.7,,,79.0,
2010-10-25,18.2,2.7,10.4,0.0,3.3,11.1,,,48.0,
2010-10-26,16.6,-2.3,7.2,0.0,1.1,4.4,,,51.0,
2010-10-27,19.8,3.3,11.6,0.0,1.9,5.3,,,50.0,
2010-10-28,20.3,3.5,11.9,0.0,1.9,7.5,,,48.0,
2010-10-29,12.6,4.4,8.5,10.4,3.3,13.6,,,82.0,
2010-10-30,11.0,3.3,7.2,4.6,4.2,14.7,,,84.0,
2010-10-31,12.2,4.8,8.5,1.2,4.7,17.8,,,82.0,
2010-11-01,15.4,7.4,11.4,0.0,4.7,16.4,,,72.0,
2010-11-02,20.4,3.4,11.9,0.0,1.7,5.8,,,72.0,
2010-11-03,23.9,5.8,14.8,0.0,1.7,5.3,,,70.0,
2010-11-04,22.5,5.5,14.0,0.0,0.6,6.1,,,68.0,
2010-11-05,22.3,4.7,13.5,0.0,1.9,5.8,,,63.0,
2010-11-06,21.1,4.1,12.6,0.0,2.5,9.4,,,70.0,
2010-11-07,13.2,3.1,8.2,0.0,2.8,10.8,,,70.0,
2010-11-08,11.7,4.0,7.8,13.0,7.5,18.1,,,85.0,
2010-11-09,7.8,3.1,5.4,7.2,6.9,18.9,,,82.0,
2010-11-10,10.5,2.2,6.4,0.0,4.4,12.8,,,71.0,
2010-11-11,12.5,2.5,7.5,0.0,1.9,9.7,,,77.0,
2010-11-12,17.2,7.7,12.4,0.0,1.9,9.7,,,77.0,
2010-11-13,14.5,4.0,9.2,6.4,7.2,15.8,,,86.0,
2010-11-14,12.1,1.6,6.8,0.2,4.2,14.2,,,75.0,
2010-11-15,9.4,1.5,5.4,0.4,4.2,12.8,,,77.0,
2010-11-16,10.5,0.8,5.6,3.0,1.4,6.4,,,79.0,
2010-11-17,9.6,3.2,6.4,1.4,3.6,11.9,,,79.0,
2010-11-18,10.0,2.8,6.4,0.2,2.8,8.9,,,78.0,
2010-11-19,9.1,1.9,5.5,9.4,2.8,13.9,,,92.0,
2010-11-20,9.1,3.2,6.2,3.0,6.7,16.7,,,77.0,
2010-11-21,10.5,1.7,6.1,0.0,3.6,11.1,,,76.0,
2010-11-22,10.8,0.1,5.4,0.0,2.2,8.9,,,75.0,
2010-11-23,11.7,0.9,6.3,0.0,1.7,4.7,,,76.0,
2010-11-24,9.5,-1.9,3.8,0.0,0.8,5.0,,,77.0,
2010-11-25,7.9,-3.0,2.4,0.0,3.3,12.5,,,78.0,
2010-11-26,11.1,-5.5,2.8,0.0,1.4,4.2,,,60.0,
2010-11-27,10.1,-5.7,2.2,0.0,2.5,7.8,,,66.0,
2010-11-28,6.3,-4.9,0.7,0.0,3.1,8.6,,,64.0,
2010-11-29,2.8,-7.6,-2.4,0.0,1.4,6.1,,,75.0,
2010-11-30,1.5,-1.3,0.1,4.8,1.4,4.2,,,97.0,
2010-12-01,5.6,-2.0,1.8,1.8,3.1,8.9,,,84.0,
2010-12-02,3.9,-3.2,0.4,0.4,2.8,12.2,,,79.0,
2010-12-03,5.0,-3.8,0.6,2.8,3.3,10.0,,,70.0,
2010-12-04,-1.4,-6.7,-4.0,0.0,0.8,5.6,,,94.0,
2010-12-05,2.0,-1.6,0.2,6.4,0.8,5.3,,,99.0,
2010-12-06,14.1,1.8,8.0,6.6,2.2,14.4,,,81.0,
2010-12-07,9.0,5.1,7.0,8.4,1.7,8.9,,,97.0,
2010-12-08,13.5,6.1,9.8,3.4,1.9,14.2,,,81.0,
2010-12-09,6.7,4.4,5.6,0.2,0.8,5.8,,,90.0,
2010-12-10,17.1,0.9,9.0,0.0,0.8,7.8,,,43.0,
2010-12-11,17.4,3.6,10.5,0.0,1.1,4.2,,,45.0,
2010-12-12,17.6,3.4,10.5,1.0,1.1,4.4,,,62.0,
2010-12-13,15.4,2.4,8.9,0.0,1.4,4.7,,,78.0,
2010-12-14,11.6,-3.2,4.2,0.2,0.8,3.3,,,80.0,
2010-12-15,7.8,-5.0,1.4,0.0,4.7,11.9,,,62.0,
2010-12-16,5.9,-8.3,-1.2,0.0,1.1,5.3,,,68.0,
2010-12-17,7.4,-7.3,0.0,0.0,4.2,14.2,,,76.0,
2010-12-18,-0.1,-4.7,-2.4,0.0,0.6,3.6,,,93.0,
2010-12-19,7.8,-6.6,0.6,0.0,2.5,11.4,,,78.0,
2010-12-20,7.4,-1.0,3.2,6.6,3.1,11.1,,,94.0,
2010-12-21,4.9,0.7,2.8,13.4,1.1,5.3,,,99.0,
2010-12-22,9.2,4.0,6.6,10.8,2.5,8.6,,,94.0,
2010-12-23,4.6,-1.0,1.8,0.2,5.6,13.9,,,73.0,
2010-12-24,6.6,-3.8,1.4,0.0,4.2,8.6,,,70.0,
2010-12-25,3.8,-5.5,-0.8,0.0,1.4,5.3,,,74.0,
2010-12-26,11.0,-9.4,0.8,0.0,0.6,3.3,,,36.0,
2010-12-27,4.7,-4.4,0.2,0.4,0.6,3.3,,,51.0,
2010-12-28,3.6,-0.2,1.7,0.2,0.3,3.3,,,96.0,
2010-12-29,8.4,2.9,5.6,0.4,1.1,4.2,,,95.0,
2010-12-30,6.7,3.7,5.2,5.0,1.4,7.2,,,87.0,
2010-12-31,7.9,3.4,5.6,2.2,0.8,3.3,,,99.0,
2011-01-01,13.7,-0.1,6.8,0.2,0.6,4.7,,,82.0,
2011-01-02,11.2,1.0,6.1,0.0,1.1,6.4,,,73.0,
2011-01-03,1.4,-2.4,-0.5,1.8,0.6,2.8,,,100.0,
2011-01-04,4.3,1.2,2.8,13.4,0.0,4.7,,,100.0,
2011-01-05,9.6,4.1,6.8,1.0,3.9,13.1,,,98.0,
2011-01-06,11.3,7.9,9.6,3.0,6.7,13.6,,,87.0,
2011-01-07,10.8,6.0,8.4,4.0,6.9,15.6,,,79.0,
2011-01-08,8.6,3.6,6.1,2.6,6.9,19.7,,,93.0,
2011-01-09,6.5,2.0,4.2,2.4,0.6,4.2,,,94.0,
2011-01-10,7.9,0.6,4.2,0.4,0.8,9.7,,,96.0,
2011-01-11,13.5,7.5,10.5,0.2,3.9,12.2,,,81.0,
2011-01-12,12.9,3.9,8.4,0.0,1.7,5.0,,,92.0,
2011-01-13,6.7,4.7,5.7,0.4,1.1,3.9,,,97.0,
2011-01-14,8.5,3.1,5.8,0.2,1.7,5.8,,,96.0,
2011-01-15,4.8,2.8,3.8,0.2,1.1,3.6,,,96.0,
2011-01-16,4.3,2.1,3.2,0.2,0.8,4.2,,,100.0,
2011-01-17,5.9,4.0,5.0,7.0,0.8,5.0,,,100.0,
2011-01-18,7.7,5.0,6.4,1.2,1.4,4.2,,,100.0,
2011-01-19,6.9,1.5,4.2,0.2,0.8,3.6,,,95.0,
2011-01-20,12.8,-0.8,6.0,0.0,1.9,6.9,,,58.0,
2011-01-21,5.6,-4.3,0.6,0.0,1.7,5.8,,,68.0,
2011-01-22,5.8,-7.3,-0.8,0.0,1.1,8.9,,,63.0,
2011-01-23,6.0,-6.2,-0.1,0.0,1.7,6.1,,,68.0,
2011-01-24,9.5,-9.2,0.2,0.0,0.8,5.3,,,57.0,
2011-01-25,7.0,-5.2,0.9,0.0,1.9,5.3,,,71.0,
2011-01-26,5.7,-8.3,-1.3,0.0,0.8,2.5,,,91.0,
2011-01-27,3.7,-1.8,1.0,0.0,0.8,6.1,,,88.0,
2011-01-28,7.6,0.0,3.8,4.0,1.7,6.9,,,90.0,
2011-01-29,6.7,-0.4,3.2,0.4,1.9,6.7,,,77.0,
2011-01-30,8.4,-1.4,3.5,0.8,3.9,10.8,,,72.0,
2011-01-31,10.3,-5.3,2.5,0.0,1.7,7.8,,,67.0,
2011-02-01,11.7,-6.3,2.7,0.0,1.4,7.5,,,59.0,
2011-02-02,12.3,-5.1,3.6,0.0,1.4,5.0,,,62.0,
2011-02-03,13.9,-3.0,5.4,0.0,1.7,4.7,,,64.0,
2011-02-04,14.0,-2.2,5.9,0.0,1.1,4.7,,,68.0,
2011-02-05,15.7,-2.3,6.7,0.0,1.1,4.7,,,64.0,
2011-02-06,16.2,-1.0,7.6,0.0,1.7,5.8,,,54.0,
2011-02-07,15.4,-2.6,6.4,0.0,1.4,5.3,,,64.0,
2011-02-08,14.6,-2.8,5.9,0.0,1.9,9.7,,,61.0,
2011-02-09,6.8,0.2,3.5,0.0,1.1,3.3,,,89.0,
2011-02-10,13.5,0.8,7.2,0.0,4.2,10.6,,,71.0,
2011-02-11,11.6,-2.0,4.8,0.0,2.5,5.3,,,92.0,
2011-02-12,14.1,0.6,7.4,0.0,2.5,6.9,,,63.0,
2011-02-13,7.0,-0.7,3.2,0.2,3.9,14.7,,,88.0,
2011-02-14,5.7,-1.0,2.4,2.6,4.7,13.3,,,75.0,
2011-02-15,7.2,-1.7,2.8,1.4,3.1,7.5,,,85.0,
2011-02-16,6.6,-1.9,2.4,3.0,6.1,15.6,,,99.0,
2011-02-17,6.9,-1.9,2.5,10.8,5.6,15.0,,,85.0,
2011-02-18,7.0,-1.0,3.0,4.4,0.8,4.7,,,88.0,
2011-02-19,13.2,3.6,8.4,0.0,2.5,8.3,,,79.0,
2011-02-20,10.9,0.6,5.8,6.2,2.2,12.8,,,81.0,
2011-02-21,10.0,3.7,6.8,1.4,3.9,11.7,,,83.0,
2011-02-22,13.1,5.8,9.4,0.0,5.3,13.3,,,73.0,
2011-02-23,16.9,2.2,9.6,0.0,1.9,7.2,,,64.0,
2011-02-24,13.4,0.6,7.0,0.0,1.9,8.1,,,84.0,
2011-02-25,20.4,-0.2,10.1,0.0,1.4,4.4,,,66.0,
2011-02-26,17.0,2.7,9.8,0.0,4.4,10.6,,,58.0,
2011-02-27,11.8,0.6,6.2,0.0,4.4,11.9,,,55.0,
2011-02-28,11.0,0.1,5.6,0.0,5.6,15.0,,,55.0,
2011-03-01,9.2,-3.0,3.1,0.0,6.1,14.7,,,55.0,
2011-03-02,9.2,-3.9,2.6,0.0,5.3,13.9,,,62.0,
2011-03-03,8.1,-3.7,2.2,0.0,6.4,14.2,,,60.0,
2011-03-04,3.3,-2.9,0.2,7.8,1.9,10.0,,,94.0,
2011-03-05,8.8,0.0,4.4,0.4,1.9,7.2,,,82.0,
2011-03-06,13.8,-1.5,6.2,0.0,0.8,6.7,,,60.0,
2011-03-07,14.5,-2.5,6.0,0.0,1.7,6.7,,,57.0,
2011-03-08,13.6,1.7,7.6,0.0,2.2,7.5,,,58.0,
2011-03-09,16.4,4.0,10.2,0.0,1.9,7.5,,,59.0,
2011-03-10,18.7,-0.7,9.0,0.0,1.1,5.8,,,58.0,
2011-03-11,15.6,1.6,8.6,0.2,2.5,9.4,,,54.0,
2011-03-12,12.0,4.5,8.2,0.4,2.8,8.1,,,87.0,
2011-03-13,11.8,3.9,7.8,2.6,3.9,9.7,,,78.0,
2011-03-14,8.7,4.5,6.6,16.6,1.4,10.3,,,97.0,
2011-03-15,11.4,3.0,7.2,0.4,3.6,11.1,,,80.0,
2011-03-16,12.8,4.1,8.4,0.0,5.0,13.6,,,74.0,
2011-03-17,18.1,3.3,10.7,0.0,3.1,10.0,,,59.0,
2011-03-18,18.0,2.0,10.0,0.0,1.4,5.0,,,63.0,
2011-03-19,19.1,-0.6,9.2,0.0,1.4,6.1,,,58.0,
2011-03-20,19.3,1.4,10.4,0.0,2.2,6.1,,,47.0,
2011-03-21,18.1,-0.5,8.8,0.0,2.5,8.1,,,35.0,
2011-03-22,15.4,2.2,8.8,6.8,2.5,11.9,,,54.0,
2011-03-23,6.6,1.0,3.8,4.2,2.5,9.7,,,89.0,
2011-03-24,9.3,4.6,7.0,20.0,1.9,11.1,,,86.0,
2011-03-25,13.1,5.4,9.2,2.0,2.2,5.3,,,90.0,
2011-03-26,10.6,2.1,6.4,7.4,4.4,12.5,,,95.0,
2011-03-27,11.2,2.5,6.8,3.4,3.6,11.7,,,87.0,
2011-03-28,10.5,3.9,7.2,2.2,0.8,6.9,,,81.0,
2011-04-01,22.2,6.4,14.3,0.0,3.1,8.9,,,59.0,
2011-04-02,17.4,7.7,12.6,9.2,2.8,7.2,,,80.0,
2011-04-03,15.3,5.0,10.2,0.0,1.9,10.0,,,66.0,
2011-04-04,17.4,0.2,8.8,0.0,2.5,8.1,,,62.0,
2011-04-05,22.9,2.8,12.8,0.0,1.9,7.2,,,64.0,
2011-04-06,24.5,8.5,16.5,0.0,1.1,7.8,,,52.0,
2011-04-07,26.3,8.9,17.6,0.0,1.7,6.4,,,46.0,
2011-04-08,27.8,8.6,18.2,0.0,2.8,6.7,,,47.0,
2011-04-09,26.0,7.5,16.8,0.0,5.0,11.7,,,50.0,
2011-04-10,22.2,6.4,14.3,0.0,3.6,9.7,,,51.0,
2011-04-11,23.2,4.5,13.8,0.0,2.2,6.4,,,53.0,
2011-04-12,20.8,3.9,12.4,0.0,2.2,6.7,,,62.0,
2011-04-13,24.4,3.4,13.9,0.0,1.9,8.3,,,56.0,
2011-04-14,25.0,7.5,16.2,0.0,2.8,8.9,,,31.0,
2011-04-15,19.1,2.3,10.7,0.0,2.2,6.9,,,43.0,
2011-04-16,20.5,4.3,12.4,0.0,1.4,7.8,,,39.0,
2011-04-17,22.4,3.3,12.8,1.8,2.5,9.7,,,52.0,
2011-04-18,21.7,7.1,14.4,2.0,4.2,10.3,,,60.0,
2011-04-19,15.9,8.9,12.4,9.4,2.5,12.2,,,88.0,
2011-04-20,14.7,9.1,11.9,16.0,1.9,8.3,,,94.0,
2011-04-21,17.7,9.0,13.4,16.8,2.5,7.5,,,85.0,
2011-04-22,15.9,7.1,11.5,0.8,3.1,10.6,,,79.0,
2011-04-23,18.9,3.2,11.0,0.0,1.7,10.0,,,69.0,
2011-04-24,17.6,8.8,13.2,0.0,7.5,14.2,,,66.0,
2011-04-25,19.0,7.6,13.3,0.0,6.7,13.3,,,56.0,
2011-04-26,21.1,5.6,13.4,0.0,5.8,10.8,,,47.0,
2011-04-27,21.0,0.5,10.8,0.0,2.8,6.9,,,44.0,
2011-04-28,20.0,4.4,12.2,0.2,1.9,7.8,,,58.0,
2011-04-29,21.0,4.9,13.0,10.2,3.1,8.9,,,61.0,
2011-04-30,17.3,7.9,12.6,20.8,0.8,8.6,,,81.0,
2011-05-01,16.1,8.0,12.0,3.4,3.6,9.4,,,90.0,
2011-05-02,19.2,5.0,12.1,0.0,2.8,8.6,,,67.0,
2011-05-03,20.0,7.3,13.6,0.0,3.1,10.8,,,54.0,
2011-05-04,20.0,6.1,13.0,0.0,1.1,6.1,,,57.0,
2011-05-05,20.5,6.5,13.5,0.0,2.2,10.8,,,63.0,
2011-05-06,21.2,8.1,14.6,0.2,,12.5,,,71.0,
2011-05-07,16.9,8.8,12.8,0.2,5.0,15.0,,,59.0,
2011-05-08,18.3,7.0,12.6,0.0,8.3,16.1,,,65.0,
2011-05-09,22.8,4.0,13.4,0.0,2.5,8.1,,,59.0,
2011-05-10,26.0,7.5,16.8,0.0,2.5,9.7,,,50.0,
2011-05-11,23.5,10.8,17.2,8.8,2.8,9.4,,,68.0,
2011-05-12,22.1,8.3,15.2,0.8,2.2,9.4,,,63.0,
2011-05-13,22.4,9.6,16.0,1.8,1.4,7.2,,,78.0,
2011-05-14,18.6,4.3,11.4,0.0,6.1,13.3,,,59.0,
2011-05-15,19.5,0.1,9.8,0.0,2.8,8.3,,,47.0,
2011-05-16,21.9,4.4,13.2,0.0,1.9,6.7,,,49.0,
2011-05-17,24.2,6.1,15.2,0.0,1.4,5.6,,,52.0,
2011-05-18,23.9,11.6,17.8,1.8,2.5,13.1,,,59.0,
2011-05-19,22.9,9.7,16.3,0.0,2.5,8.3,,,56.0,
2011-05-20,23.8,8.3,16.0,0.0,2.2,7.8,,,48.0,
2011-05-21,23.6,9.7,16.6,0.6,1.9,9.7,,,70.0,
2011-05-22,25.3,8.7,17.0,0.0,1.9,6.7,,,54.0,
2011-05-23,27.6,8.5,18.0,0.0,2.2,9.2,,,60.0,
2011-05-24,28.7,9.5,19.1,0.0,1.9,10.0,,,46.0,
2011-05-25,25.8,10.1,18.0,4.4,2.5,10.0,,,61.0,
2011-05-26,27.3,7.7,17.5,0.8,3.1,9.7,,,53.0,
2011-05-27,22.2,10.7,16.4,0.0,2.5,8.6,,,64.0,
2011-05-28,26.3,7.9,17.1,0.0,2.2,8.1,,,52.0,
2011-05-29,25.8,10.2,18.0,1.2,1.9,9.2,,,63.0,
2011-05-30,23.2,8.9,16.0,0.6,2.2,9.7,,,71.0,
2011-05-31,19.6,7.3,13.4,0.2,3.3,9.4,,,60.0,
2011-06-01,22.7,3.9,13.3,0.0,3.1,9.7,,,43.0,
2011-06-02,23.6,0.7,12.2,0.0,2.2,8.9,,,42.0,
2011-06-03,24.4,6.4,15.4,0.0,1.9,8.1,,,47.0,
2011-06-04,25.3,8.0,16.6,0.6,2.2,9.4,,,66.0,
2011-06-05,22.2,8.6,15.4,0.2,1.4,9.4,,,66.0,
2011-06-06,21.3,10.7,16.0,0.2,3.1,10.0,,,79.0,
2011-06-07,19.8,6.8,13.3,0.0,3.3,9.2,,,62.0,
2011-06-08,20.7,5.3,13.0,0.0,4.2,9.2,,,52.0,
2011-06-09,20.2,5.3,12.8,0.0,2.5,9.7,,,61.0,
2011-06-10,20.2,5.5,12.8,0.0,4.4,12.2,,,47.0,
2011-06-11,23.6,5.7,14.6,0.0,2.2,6.7,,,55.0,
2011-06-12,26.9,12.4,19.6,0.0,2.5,8.6,,,50.0,
2011-06-13,24.8,10.1,17.4,0.0,3.3,8.3,,,49.0,
2011-06-14,29.4,10.9,20.2,0.0,2.5,10.3,,,51.0,
2011-06-15,27.8,10.1,19.0,0.0,3.6,12.2,,,54.0,
2011-06-16,23.9,9.7,16.8,0.0,4.2,10.0,,,48.0,
2011-06-17,22.0,8.9,15.4,0.0,4.2,12.8,,,56.0,
2011-06-18,22.0,7.1,14.6,0.0,3.6,10.0,,,44.0,
2011-06-19,28.6,7.0,17.8,0.0,3.1,9.4,,,41.0,
2011-06-20,31.1,12.3,21.7,0.0,2.2,9.2,,,44.0,
2011-06-21,30.7,12.7,21.7,0.0,2.8,11.1,,,39.0,
2011-06-22,24.7,10.0,17.4,0.0,4.2,11.4,,,39.0,
2011-06-23,25.3,5.7,15.5,0.0,1.9,7.5,,,45.0,
2011-06-24,29.0,7.4,18.2,0.0,1.7,6.4,,,42.0,
2011-06-25,33.1,9.5,21.3,0.0,3.3,10.3,,,32.0,
2011-06-26,35.2,14.1,24.6,0.0,3.1,10.3,,,35.0,
2011-06-27,33.2,16.8,25.0,0.0,4.7,12.8,,,40.0,
2011-06-28,28.2,10.2,19.2,0.0,5.0,9.7,,,57.0,
2011-06-29,25.8,6.2,16.0,0.0,1.7,9.2,,,46.0,
2011-06-30,26.9,5.3,16.1,0.0,2.2,6.9,,,38.0,
2011-07-01,29.6,5.9,17.8,0.0,1.9,8.1,,,42.0,
2011-07-02,31.9,12.3,22.1,0.0,2.8,12.2,,,30.0,
2011-07-03,28.2,13.4,20.8,0.0,2.2,13.3,,,47.0,
2011-07-04,31.3,9.5,20.4,0.0,2.5,10.6,,,36.0,
2011-07-05,28.2,12.6,20.4,0.0,3.9,14.2,,,40.0,
2011-07-06,24.4,9.9,17.2,0.0,3.9,12.8,,,44.0,
2011-07-07,19.2,7.4,13.3,0.0,6.1,13.9,,,46.0,
2011-07-08,23.4,7.2,15.3,0.0,2.5,8.1,,,57.0,
2011-07-09,26.9,12.5,19.7,0.0,2.5,10.8,,,59.0,
2011-07-10,26.5,10.6,18.6,0.0,1.9,8.3,,,52.0,
2011-07-11,28.4,10.7,19.6,0.0,3.1,11.1,,,58.0,
2011-07-12,21.3,10.0,15.6,0.0,3.9,13.3,,,70.0,
2011-07-13,23.8,9.1,16.4,0.0,3.3,10.0,,,55.0,
2011-07-14,24.9,7.6,16.2,0.0,2.2,7.5,,,52.0,
2011-07-15,30.5,9.8,20.2,0.0,3.1,10.3,,,45.0,
2011-07-16,28.0,13.6,20.8,0.0,4.7,11.4,,,55.0,
2011-07-17,21.1,9.0,15.0,0.0,4.2,11.7,,,46.0,
2011-07-18,22.1,7.5,14.8,0.0,4.4,12.5,,,58.0,
2011-07-19,22.9,9.9,16.4,0.0,4.4,14.4,,,45.0,
2011-07-20,27.1,8.1,17.6,0.0,3.6,11.9,,,45.0,
2011-07-21,27.4,8.5,18.0,2.2,2.2,7.8,,,46.0,
2011-07-22,25.2,7.2,16.2,0.0,2.2,6.9,,,46.0,
2011-07-23,28.4,6.9,17.6,0.0,2.2,10.0,,,45.0,
2011-07-24,27.4,10.1,18.8,0.0,2.8,8.1,,,45.0,
2011-07-25,28.9,12.4,20.6,0.0,3.1,10.3,,,48.0,
2011-07-26,30.6,13.3,22.0,0.0,3.1,7.8,,,42.0,
2011-07-27,27.7,9.1,18.4,0.0,2.5,6.9,,,42.0,
2011-07-28,29.0,10.7,19.8,0.0,2.8,6.7,,,41.0,
2011-07-29,30.5,11.7,21.1,0.0,2.5,7.5,,,40.0,
2011-07-30,30.1,11.7,20.9,0.0,2.5,7.5,,,45.0,
2011-07-31,30.6,9.7,20.2,0.0,2.5,7.2,,,41.0,
2011-08-01,28.3,12.6,20.4,5.6,3.1,9.2,,,47.0,
2011-08-02,25.7,13.4,19.6,2.0,3.1,8.9,,,68.0,
2011-08-03,28.5,11.2,19.8,0.0,2.8,7.5,,,51.0,
2011-08-04,30.8,14.1,22.4,0.0,3.1,11.4,,,49.0,
2011-08-05,28.1,13.9,21.0,0.0,3.1,9.4,,,46.0,
2011-08-06,26.5,12.7,19.6,0.4,3.6,12.5,,,59.0,
2011-08-07,25.6,9.5,17.6,0.0,4.4,11.4,,,50.0,
2011-08-08,26.2,7.2,16.7,0.0,2.5,7.2,,,40.0,
2011-08-09,26.9,7.1,17.0,0.0,1.9,13.1,,,44.0,
2011-08-10,30.4,7.2,18.8,0.0,1.9,6.4,,,31.0,
2011-08-11,35.5,9.4,22.4,0.0,2.2,8.3,,,30.0,
2011-08-12,35.8,12.2,24.0,0.0,1.7,7.5,,,31.0,
2011-08-13,33.8,15.2,24.5,0.0,3.6,11.9,,,39.0,
2011-08-14,29.9,16.3,23.1,0.0,3.6,12.8,,,62.0,
2011-08-15,30.6,15.5,23.0,0.0,1.9,7.8,,,53.0,
2011-08-16,33.2,12.8,23.0,0.0,2.5,8.3,,,45.0,
2011-08-17,32.8,15.4,24.1,0.0,3.1,8.9,,,41.0,
2011-08-18,31.8,11.0,21.4,0.0,3.1,11.4,,,35.0,
2011-08-19,34.5,13.0,23.8,0.4,3.3,11.4,,,39.0,
2011-08-20,33.4,17.6,25.5,0.0,3.9,9.2,,,49.0,
2011-08-21,25.2,14.4,19.8,20.4,3.1,13.9,,,67.0,
2011-08-22,22.3,13.3,17.8,1.0,2.2,8.3,,,74.0,
2011-08-23,23.7,11.5,17.6,0.0,2.5,7.2,,,75.0,
2011-08-24,25.7,11.4,18.6,0.0,2.5,9.2,,,55.0,
2011-08-25,25.7,10.9,18.3,0.0,4.4,15.3,,,52.0,
2011-08-26,20.0,6.9,13.4,0.0,5.8,15.6,,,48.0,
2011-08-27,22.7,2.9,12.8,0.0,1.7,6.4,,,45.0,
2011-08-28,27.4,5.5,16.4,0.0,4.4,11.1,,,38.0,
2011-08-29,27.3,8.3,17.8,0.0,2.2,6.9,,,46.0,
2011-08-30,27.8,8.2,18.0,0.0,3.9,12.5,,,48.0,
2011-08-31,23.0,11.5,17.2,0.6,4.2,12.2,,,57.0,
2011-09-01,19.6,12.3,16.0,4.4,2.8,9.7,,,86.0,
2011-09-02,23.3,10.9,17.1,0.0,1.9,10.8,,,63.0,
2011-09-03,24.7,10.9,17.8,0.8,2.8,9.7,,,63.0,
2011-09-04,22.1,10.4,16.2,0.0,3.9,12.5,,,60.0,
2011-09-05,24.8,8.5,16.6,0.0,2.2,8.6,,,49.0,
2011-09-06,29.4,7.0,18.2,0.0,1.9,8.3,,,45.0,
2011-09-07,30.2,10.6,20.4,0.0,2.5,7.2,,,34.0,
2011-09-08,30.0,10.1,20.0,0.0,1.7,6.1,,,45.0,
2011-09-09,31.2,10.7,21.0,0.0,3.6,13.6,,,41.0,
2011-09-10,27.6,10.3,19.0,0.0,2.2,11.7,,,49.0,
2011-09-11,22.1,11.8,17.0,0.0,3.3,11.9,,,61.0,
2011-09-12,30.2,11.5,20.8,0.0,1.9,6.7,,,54.0,
2011-09-13,32.7,11.7,22.2,0.0,1.7,6.7,,,41.0,
2011-09-14,28.7,12.3,20.5,0.0,1.1,8.1,,,56.0,
2011-09-15,29.7,13.7,21.7,2.2,2.8,10.0,,,54.0,
2011-09-16,26.8,13.4,20.1,5.8,3.3,12.8,,,81.0,
2011-09-17,26.2,11.1,18.6,0.0,1.9,12.8,,,63.0,
2011-09-18,19.3,5.2,12.2,0.0,4.7,11.7,,,52.0,
2011-09-19,23.3,2.0,12.6,0.0,1.7,5.6,,,50.0,
2011-09-20,26.9,4.7,15.8,0.0,1.7,6.1,,,51.0,
2011-09-21,28.6,8.6,18.6,0.0,2.2,7.5,,,40.0,
2011-09-22,26.3,9.5,17.9,0.0,1.7,6.1,,,51.0,
2011-09-23,26.1,8.3,17.2,0.0,2.2,12.2,,,60.0,
2011-09-24,23.9,8.7,16.3,0.0,1.1,6.9,,,54.0,
2011-09-25,25.7,7.5,16.6,0.0,1.9,6.4,,,57.0,
2011-09-26,27.5,7.3,17.4,0.0,1.9,6.7,,,45.0,
2011-09-27,27.4,10.8,19.1,0.0,1.1,5.0,,,47.0,
2011-09-28,27.2,12.6,19.9,0.0,1.9,6.9,,,47.0,
2011-09-29,27.1,13.5,20.3,0.0,1.4,6.4,,,47.0,
2011-09-30,26.3,11.2,18.8,0.0,2.2,6.1,,,41.0,
2011-10-01,26.1,9.3,17.7,0.0,2.8,7.8,,,46.0,
2011-10-02,27.7,9.1,18.4,0.0,1.7,6.7,,,45.0,
2011-10-03,30.3,7.9,19.1,0.0,2.8,7.5,,,46.0,
2011-10-04,28.0,8.2,18.1,0.0,1.9,6.7,,,48.0,
2011-10-05,31.1,8.4,19.8,0.0,2.2,6.7,,,47.0,
2011-10-06,27.1,12.4,19.8,0.0,3.6,11.4,,,47.0,
2011-10-07,21.4,5.3,13.4,0.0,2.8,11.7,,,62.0,
2011-10-08,22.4,1.9,12.2,0.0,1.1,5.8,,,55.0,
2011-10-09,22.6,3.2,12.9,0.0,0.8,5.0,,,57.0,
2011-10-10,27.4,6.7,17.0,0.0,1.4,5.0,,,48.0,
2011-10-11,29.7,7.3,18.5,0.0,1.7,5.3,,,41.0,
2011-10-12,29.3,7.0,18.2,0.0,1.1,5.6,,,41.0,
2011-10-13,29.5,7.3,18.4,0.0,1.7,6.4,,,34.0,
2011-10-14,27.5,6.9,17.2,0.0,1.4,6.7,,,39.0,
2011-10-15,27.3,6.0,16.6,0.0,1.4,6.4,,,37.0,
2011-10-16,24.6,6.0,15.3,0.0,1.7,7.5,,,34.0,
2011-10-17,24.0,6.6,15.3,0.0,1.4,6.4,,,33.0,
2011-10-18,25.9,5.1,15.5,0.0,1.7,9.7,,,45.0,
2011-10-19,21.8,5.0,13.4,0.0,3.3,10.0,,,63.0,
2011-10-20,16.8,1.9,9.4,0.0,1.1,6.1,,,61.0,
2011-10-21,17.0,-0.7,8.2,0.0,1.1,5.3,,,62.0,
2011-10-22,19.4,-0.5,9.4,0.2,1.4,9.7,,,59.0,
2011-10-23,15.7,6.0,10.8,20.8,7.2,18.6,,,78.0,
2011-10-24,13.2,2.7,8.0,2.0,3.9,16.7,,,74.0,
2011-10-25,11.5,1.9,6.7,0.0,2.8,9.4,,,71.0,
2011-10-26,9.9,3.0,6.4,21.4,7.2,18.1,,,98.0,
2011-10-27,15.3,6.3,10.8,0.0,2.5,11.9,,,81.0,
2011-10-28,17.7,1.1,9.4,0.0,1.1,6.1,,,63.0,
2011-10-29,18.0,0.1,9.0,0.0,0.8,3.6,,,67.0,
2011-10-30,18.9,1.8,10.4,0.0,1.1,5.0,,,62.0,
2011-10-31,15.5,1.9,8.7,6.4,1.9,10.0,,,82.0,
2011-11-01,14.1,4.5,9.3,1.8,2.2,8.3,,,87.0,
2011-11-02,12.4,8.3,10.4,37.0,6.1,18.1,,,89.0,
2011-11-03,10.5,5.9,8.2,0.6,6.4,14.7,,,82.0,
2011-11-04,14.3,4.0,9.2,0.2,1.7,8.6,,,76.0,
2011-11-05,12.6,4.6,8.6,0.0,4.7,11.9,,,71.0,
2011-11-06,13.8,2.5,8.2,0.0,4.4,11.4,,,64.0,
2011-11-07,18.4,1.5,10.0,0.0,1.9,8.1,,,67.0,
2011-11-08,11.9,1.1,6.5,1.8,0.8,4.7,,,91.0,
2011-11-09,11.9,6.5,9.2,1.2,2.8,6.4,,,99.0,
2011-11-10,12.9,6.0,9.4,0.4,1.7,15.3,,,96.0,
2011-11-11,12.6,9.6,11.1,0.6,4.2,14.7,,,93.0,
2011-11-12,17.3,9.2,13.2,0.2,2.5,8.9,,,73.0,
2011-11-13,15.1,7.4,11.2,0.0,2.5,7.5,,,83.0,
2011-11-14,10.3,4.2,7.2,17.0,2.5,9.7,,,94.0,
2011-11-15,10.2,4.2,7.2,6.4,3.6,10.3,,,92.0,
2011-11-16,14.7,3.6,9.2,0.0,2.2,6.9,,,73.0,
2011-11-17,13.6,1.2,7.4,0.0,1.7,5.0,,,76.0,
2011-11-18,7.7,3.6,5.6,6.8,1.1,5.3,,,93.0,
2011-11-19,9.2,5.9,7.6,5.4,1.7,6.1,,,95.0,
2011-11-20,11.4,7.5,9.4,1.6,1.7,6.7,,,94.0,
2011-11-21,12.0,5.8,8.9,0.4,1.1,7.8,,,93.0,
2011-11-22,13.9,3.5,8.7,0.2,0.6,8.1,,,83.0,
2011-11-23,16.5,3.1,9.8,0.0,1.7,6.4,,,77.0,
2011-11-24,17.5,1.6,9.6,0.0,0.8,4.2,,,72.0,
2011-11-25,18.8,-0.2,9.3,0.0,1.1,3.3,,,72.0,
2011-11-26,16.8,-0.4,8.2,0.0,1.4,3.3,,,74.0,
2011-11-27,17.4,-0.5,8.4,0.0,1.1,3.9,,,73.0,
2011-11-28,13.7,-1.3,6.2,0.2,1.7,3.6,,,69.0,
2011-11-29,5.4,-0.4,2.5,0.6,0.8,4.2,,,97.0,
2011-11-30,6.0,3.7,4.8,0.2,1.1,4.2,,,97.0,
2011-12-01,8.5,2.3,5.4,2.8,1.7,5.8,,,100.0,
2011-12-02,10.1,1.4,5.8,0.0,5.3,15.0,,,77.0,
2011-12-03,11.0,-0.3,5.4,0.0,2.2,8.6,,,77.0,
2011-12-04,11.4,5.9,8.6,0.0,4.7,10.0,,,75.0,
2012-04-10,11.2,3.8,7.5,1.6,4.4,15.6,,,65.0,
2012-04-11,13.5,3.5,8.5,,2.2,9.4,,,77.0,
2012-04-21,15.9,5.6,10.8,0.6,4.2,13.6,,,68.0,
2012-04-22,14.5,3.5,9.0,0.0,4.2,11.4,,,52.0,
2012-04-23,10.6,2.6,6.6,0.0,4.7,15.8,,,68.0,
2012-04-24,12.4,2.1,7.2,0.6,3.3,13.3,,,62.0,
2012-04-25,12.9,3.7,8.3,2.2,5.3,19.7,,,74.0,
2012-04-26,9.7,2.8,6.2,0.8,4.2,13.3,,,69.0,
2012-04-27,8.3,3.9,6.1,0.8,1.9,6.4,,,86.0,
2012-04-28,12.0,2.2,7.1,11.2,1.4,7.8,,,77.0,
2012-04-29,9.8,-0.1,4.8,1.8,2.5,7.8,,,86.0,
2012-04-30,11.8,1.0,6.4,0.0,4.2,12.5,,,66.0,
2012-05-01,9.6,-2.1,3.8,0.8,4.4,14.7,,,79.0,
2012-05-02,14.7,4.8,9.8,7.2,4.7,13.9,,,69.0,
2012-05-03,12.7,5.8,9.2,3.4,3.3,16.9,,,94.0,
2012-05-04,10.1,4.4,7.2,4.8,3.9,11.4,,,85.0,
2012-05-05,14.4,2.3,8.4,0.2,3.3,11.7,,,70.0,
2012-05-06,15.4,4.1,9.8,0.0,3.1,8.1,,,62.0,
2012-05-07,12.7,4.4,8.6,3.4,6.1,14.4,,,87.0,
2012-05-08,19.8,9.1,14.4,0.0,4.7,15.3,,,73.0,
2012-05-09,23.9,10.1,17.0,0.0,5.0,12.8,,,60.0,
2012-05-10,27.8,9.1,18.4,0.0,4.2,10.8,,,53.0,
2012-05-11,26.1,12.7,19.4,0.0,1.9,11.4,,,54.0,
2012-05-12,28.3,12.2,20.2,0.0,1.7,9.2,,,50.0,
2012-05-13,28.4,11.0,19.7,0.0,2.5,8.9,,,53.0,
2012-05-14,25.9,8.7,17.3,0.0,3.3,12.8,,,47.0,
2012-05-15,25.0,5.0,15.0,0.0,2.2,7.8,,,54.0,
2012-05-16,23.0,4.9,14.0,0.0,1.4,5.6,,,55.0,
2012-05-17,26.1,9.8,18.0,0.0,3.6,11.9,,,44.0,
2012-05-18,19.6,7.7,13.6,2.0,4.4,10.8,,,60.0,
2012-05-19,16.5,4.8,10.6,0.0,4.2,13.9,,,62.0,
2012-05-20,15.0,2.4,8.7,1.2,2.8,12.5,,,64.0,
2012-05-21,15.6,4.4,10.0,0.0,4.2,12.8,,,60.0,
2012-05-22,23.5,7.3,15.4,0.0,2.2,8.3,,,50.0,
2012-05-23,26.1,6.6,16.4,0.0,2.2,6.1,,,44.0,
2012-05-24,29.1,8.2,18.6,0.0,1.7,6.4,,,33.0,
2012-05-25,28.1,10.6,19.4,0.0,3.9,15.6,,,44.0,
2012-05-26,17.9,5.4,11.6,1.4,1.4,8.3,,,50.0,
2012-05-27,20.7,6.0,13.4,0.0,2.2,7.5,,,50.0,
2012-05-28,25.2,6.3,15.8,0.0,2.8,9.2,,,40.0,
2012-05-29,26.7,8.4,17.6,0.0,3.6,10.6,,,39.0,
2012-05-30,30.0,9.0,19.5,0.0,1.4,6.9,,,41.0,
2012-05-31,31.4,10.9,21.2,0.0,1.4,7.5,,,36.0,
2012-06-01,32.1,12.0,22.0,4.2,5.3,20.8,,,38.0,
2012-06-02,23.1,12.9,18.0,4.4,1.7,10.0,,,78.0,
2012-06-03,24.0,9.8,16.9,0.0,3.9,8.9,,,51.0,
2012-06-04,27.7,8.2,18.0,0.0,2.2,7.8,,,40.0,
2012-06-05,26.2,9.7,18.0,0.0,3.6,11.7,,,62.0,
2012-06-06,22.6,11.3,17.0,0.8,3.6,13.1,,,56.0,
2012-06-07,21.6,10.0,15.8,0.0,3.9,11.7,,,55.0,
2012-06-08,20.5,7.3,13.9,0.0,5.0,10.0,,,44.0,
2012-06-09,15.9,6.6,11.2,0.0,1.9,5.8,,,72.0,
2012-06-10,22.4,11.3,16.8,0.0,4.7,13.6,,,58.0,
2012-06-11,17.4,9.2,13.3,0.0,4.2,16.1,,,63.0,
2012-06-12,18.8,8.0,13.4,0.0,4.2,11.7,,,61.0,
2012-06-13,22.6,2.8,12.7,0.0,1.4,6.7,,,43.0,
2012-06-14,24.8,6.4,15.6,0.0,3.3,11.7,,,44.0,
2012-06-15,25.0,8.2,16.6,0.0,3.9,13.6,,,51.0,
2012-06-16,23.5,8.1,15.8,0.0,3.6,10.8,,,58.0,
2012-06-17,24.7,8.0,16.4,0.0,5.6,15.3,,,52.0,
2012-06-18,25.0,8.2,16.6,0.0,2.8,9.7,,,51.0,
2012-06-19,26.8,10.5,18.6,0.0,2.8,11.4,,,56.0,
2012-06-20,24.9,7.9,16.4,1.8,2.2,12.8,,,57.0,
2012-06-21,21.8,9.0,15.4,0.0,6.7,12.8,,,43.0,
2012-06-22,25.5,3.9,14.7,0.0,2.5,7.8,,,44.0,
2012-06-23,29.5,7.4,18.4,0.0,2.5,10.3,,,42.0,
2012-06-24,32.3,10.8,21.6,0.0,3.1,9.4,,,33.0,
2012-06-25,34.0,10.9,22.4,0.0,1.4,7.8,,,34.0,
2012-06-26,37.1,13.4,25.2,0.0,1.9,7.5,,,30.0,
2012-06-27,34.6,18.5,26.6,0.0,4.2,13.6,,,37.0,
2012-06-28,29.2,13.5,21.4,0.0,5.6,15.8,,,37.0,
2012-06-29,22.7,10.0,16.4,0.0,3.6,10.3,,,42.0,
2012-06-30,20.3,7.9,14.1,0.0,5.0,12.5,,,53.0,
2012-07-01,24.5,4.9,14.7,0.0,3.1,8.9,,,36.0,
2012-07-02,26.6,9.9,18.2,0.0,2.5,9.7,,,44.0,
2012-07-03,29.5,11.8,20.6,0.4,3.1,10.8,,,47.0,
2012-07-04,24.9,10.2,17.6,0.0,5.8,12.2,,,47.0,
2012-07-05,20.7,8.4,14.6,0.0,5.3,12.5,,,52.0,
2012-07-06,24.4,9.7,17.0,0.0,3.1,11.4,,,50.0,
2012-07-07,22.4,9.5,16.0,0.0,3.9,13.3,,,56.0,
2012-07-08,26.6,9.0,17.8,0.0,2.5,8.6,,,46.0,
2012-07-09,26.9,8.5,17.7,0.0,3.3,9.7,,,51.0,
2012-07-10,25.3,7.5,16.4,0.0,2.5,8.3,,,51.0,
2012-07-11,25.9,7.5,16.7,0.0,3.6,10.8,,,40.0,
2012-07-12,28.9,5.2,17.0,0.0,3.1,13.3,,,43.0,
2012-07-13,25.5,10.4,18.0,0.0,5.3,12.2,,,65.0,
2012-07-14,21.6,9.7,15.6,0.0,4.7,12.5,,,47.0,
2012-07-15,26.9,4.8,15.8,0.0,3.1,9.7,,,41.0,
2012-07-16,30.9,10.2,20.6,0.0,2.5,6.9,,,39.0,
2012-07-17,34.3,11.5,22.9,0.0,2.5,6.9,,,25.0,
2012-07-18,35.7,13.5,24.6,0.0,3.1,11.4,,,26.0,
2012-07-19,32.7,11.6,22.2,0.0,2.8,10.6,,,29.0,
2012-07-20,29.9,12.5,21.2,0.0,2.8,10.6,,,48.0,
2012-07-21,29.7,11.4,20.6,0.0,2.5,8.3,,,45.0,
2012-07-22,28.9,11.0,20.0,0.0,2.2,8.1,,,39.0,
2012-07-23,31.7,12.2,22.0,0.0,2.8,9.2,,,31.0,
2012-07-24,35.0,12.1,23.6,0.0,3.1,10.8,,,25.0,
2012-07-25,32.6,14.7,23.6,3.0,2.2,11.1,,,47.0,
2012-07-26,29.4,14.3,21.8,4.4,5.6,16.4,,,51.0,
2012-07-27,28.2,10.6,19.4,0.6,1.7,12.5,,,51.0,
2012-07-28,25.0,12.7,18.8,7.2,2.2,12.5,,,63.0,
2012-07-29,28.7,11.4,20.0,0.0,3.1,9.2,,,52.0,
2012-07-30,32.7,11.1,21.9,0.0,3.1,8.3,,,39.0,
2012-07-31,31.8,11.6,21.7,0.0,3.9,13.6,,,37.0,
2012-08-01,27.4,12.2,19.8,0.0,4.4,13.1,,,45.0,
2012-08-02,27.1,9.7,18.4,0.0,4.4,13.3,,,45.0,
2012-08-03,28.8,7.0,17.9,0.0,3.9,10.0,,,38.0,
2012-08-04,22.4,10.5,16.4,1.0,3.9,9.2,,,51.0,
2012-08-05,22.8,10.9,16.8,0.0,4.7,11.7,,,49.0,
2012-08-06,24.8,6.4,15.6,0.0,1.9,8.6,,,49.0,
2012-08-07,28.7,8.2,18.4,0.0,2.2,8.1,,,42.0,
2012-08-08,32.3,13.7,23.0,0.0,2.5,8.3,,,34.0,
2012-08-09,35.1,13.9,24.5,0.0,3.1,10.6,,,32.0,
2012-08-10,35.8,12.9,24.4,0.0,3.3,13.9,,,27.0,
2012-08-11,30.4,14.0,22.2,0.0,3.6,12.8,,,34.0,
2012-08-12,26.7,10.4,18.6,0.0,2.5,8.6,,,48.0,
2012-08-13,28.7,10.6,19.6,0.0,1.7,7.2,,,48.0,
2012-08-14,26.5,13.2,19.8,7.8,4.7,17.2,,,50.0,
2012-08-15,23.8,11.0,17.4,0.0,2.8,19.4,,,53.0,
2012-08-16,27.6,6.1,16.8,0.0,4.7,13.3,,,40.0,
2012-08-17,32.4,10.0,21.2,0.0,4.7,12.5,,,33.0,
2012-08-18,33.1,13.5,23.3,0.0,3.1,14.2,,,32.0,
2012-08-19,32.5,15.1,23.8,0.0,4.7,13.3,,,33.0,
2012-08-20,33.1,15.2,24.2,0.0,5.0,13.1,,,45.0,
2012-08-21,33.9,13.6,23.8,0.0,1.9,10.3,,,36.0,
2012-08-22,33.1,10.6,21.8,0.0,2.5,7.5,,,44.0,
2012-08-23,26.7,12.3,19.5,0.0,3.9,10.8,,,60.0,
2012-08-24,25.8,13.5,19.6,0.0,3.3,10.8,,,56.0,
2012-08-25,23.4,10.8,17.1,0.0,4.2,14.7,,,46.0,
2012-08-26,26.4,5.6,16.0,0.0,2.2,7.2,,,49.0,
2012-08-27,30.2,9.9,20.0,0.0,3.1,11.7,,,34.0,
2012-08-28,28.0,12.3,20.2,0.0,3.1,8.9,,,46.0,
2012-08-29,27.5,9.6,18.6,0.0,3.6,10.8,,,41.0,
2012-08-30,24.4,8.2,16.3,0.0,4.4,13.3,,,47.0,
2012-08-31,23.7,1.9,12.8,0.0,2.5,6.4,,,43.0,
2012-09-01,23.7,3.3,13.5,0.0,2.2,6.7,,,41.0,
2012-09-02,25.1,7.0,16.0,0.0,2.8,7.5,,,45.0,
2012-09-03,26.8,7.7,17.2,0.0,3.1,9.7,,,46.0,
2012-09-04,25.0,5.8,15.4,0.0,2.2,6.7,,,51.0,
2012-09-05,25.6,7.7,16.6,0.0,3.1,8.3,,,55.0,
2012-09-06,29.5,10.7,20.1,0.0,2.2,6.9,,,45.0,
2012-09-07,31.7,10.3,21.0,0.0,3.1,11.4,,,41.0,
2012-09-08,31.1,13.9,22.5,0.0,1.9,9.2,,,38.0,
2012-09-09,26.5,13.3,19.9,8.4,1.7,15.3,,,56.0,
2012-09-10,26.6,11.7,19.2,0.0,3.1,9.2,,,55.0,
2012-09-11,27.0,12.2,19.6,0.0,1.9,7.5,,,53.0,
2012-09-12,27.4,11.6,19.5,0.0,3.3,9.7,,,54.0,
2012-09-13,26.9,8.4,17.6,0.0,4.2,11.7,,,40.0,
2012-09-14,29.4,4.0,16.7,0.0,2.5,7.2,,,42.0,
2012-09-15,31.0,8.2,19.6,0.0,1.9,6.4,,,32.0,
2012-09-16,31.3,10.5,20.9,0.0,1.9,7.8,,,38.0,
2012-09-17,26.3,11.5,18.9,0.0,1.4,3.9,,,39.0,
2012-09-18,25.8,13.4,19.6,0.0,2.2,7.2,,,57.0,
2012-09-19,23.9,10.1,17.0,0.0,2.2,6.9,,,62.0,
2012-09-20,28.2,6.5,17.4,0.0,3.6,11.7,,,51.0,
2012-09-21,26.8,13.7,20.2,0.0,5.0,17.5,,,54.0,
2012-09-22,27.7,9.3,18.5,0.0,4.7,13.6,,,58.0,
2012-09-23,20.9,12.4,16.6,4.2,7.5,21.1,,,73.0,
2012-09-24,19.8,10.4,15.1,0.0,3.3,11.9,,,58.0,
2012-09-25,15.0,7.0,11.0,8.4,2.8,11.7,,,82.0,
2012-09-26,14.9,5.8,10.4,0.2,3.1,10.3,,,70.0,
2012-09-27,19.4,3.3,11.4,0.0,2.5,6.4,,,61.0,
2012-09-28,20.7,9.3,15.0,0.0,1.4,9.2,,,62.0,
2012-09-29,20.6,5.7,13.2,0.0,4.7,13.6,,,54.0,
2012-09-30,19.6,2.5,11.0,0.0,1.9,6.1,,,63.0,
2012-10-01,24.0,2.1,13.0,0.0,2.2,9.4,,,55.0,
2012-10-02,22.4,6.2,14.3,0.0,1.9,10.3,,,61.0,
2012-10-03,22.4,8.0,15.2,0.0,2.2,6.9,,,66.0,
2012-10-04,22.3,4.6,13.4,0.0,2.2,7.2,,,46.0,
2012-10-05,26.7,4.6,15.6,0.0,1.9,12.5,,,45.0,
2012-10-06,22.1,9.0,15.6,0.0,0.8,6.4,,,55.0,
2012-10-07,28.0,13.5,20.8,0.0,1.9,11.7,,,62.0,
2012-10-08,26.7,11.3,19.0,0.0,1.9,9.4,,,64.0,
2012-10-09,22.3,8.3,15.3,0.0,1.7,6.4,,,75.0,
2012-10-10,21.0,11.3,16.2,0.4,1.4,5.3,,,81.0,
2012-10-11,20.7,10.3,15.5,0.0,3.1,9.7,,,73.0,
2012-10-12,19.3,4.8,12.0,0.0,1.7,6.4,,,62.0,
2012-10-13,19.8,6.0,12.9,0.0,2.2,6.7,,,60.0,
2012-10-14,15.7,3.9,9.8,0.2,3.6,17.2,,,68.0,
2012-10-15,16.3,3.2,9.8,1.0,3.6,9.2,,,59.0,
2012-10-16,15.2,7.3,11.2,2.4,4.7,19.4,,,76.0,
2012-10-17,12.9,8.5,10.7,3.0,6.4,15.8,,,94.0,
2012-10-18,8.5,5.6,7.0,15.0,1.9,7.8,,,93.0,
2012-10-19,13.4,3.0,8.2,0.2,2.5,6.9,,,76.0,
2012-10-20,16.9,1.7,9.3,0.0,0.8,5.0,,,67.0,
2012-10-21,19.1,0.9,10.0,0.0,1.9,5.8,,,62.0,
2012-10-22,20.1,2.4,11.2,0.0,1.1,5.3,,,71.0,
2012-10-23,21.8,8.6,15.2,0.0,1.9,5.8,,,71.0,
2012-10-24,14.9,8.4,11.6,6.6,1.7,13.1,,,88.0,
2012-10-25,16.7,9.6,13.2,4.0,1.4,6.4,,,89.0,
2012-10-26,18.0,9.3,13.6,1.2,1.4,6.1,,,87.0,
2012-10-27,14.3,1.0,7.6,0.0,6.1,15.3,,,67.0,
2012-10-28,13.2,0.0,6.6,0.0,2.5,7.5,,,54.0,
2012-10-29,11.7,-0.6,5.6,0.0,1.1,5.8,,,69.0,
2012-10-30,9.5,-0.4,4.6,0.0,0.3,3.6,,,68.0,
2012-10-31,12.1,-1.0,5.6,0.0,2.8,8.9,,,73.0,
2012-11-01,12.9,5.5,9.2,0.0,4.7,19.4,,,71.0,
2012-11-02,15.2,6.7,11.0,0.2,3.3,12.5,,,70.0,
2012-11-03,18.0,6.8,12.4,5.6,2.5,7.8,,,88.0,
2012-11-04,10.6,3.1,6.8,0.0,4.2,11.9,,,74.0,
2012-11-05,11.3,1.6,6.4,0.2,3.6,10.3,,,72.0,
2012-11-06,12.9,-1.5,5.7,0.0,3.1,9.4,,,65.0,
2012-11-07,9.1,-2.1,3.5,7.6,1.7,6.7,,,59.0,
2012-11-08,11.2,5.1,8.2,6.2,1.9,5.8,,,98.0,
2012-11-09,16.1,4.9,10.5,0.2,1.7,8.1,,,83.0,
2012-11-10,11.6,2.3,7.0,0.6,4.2,11.4,,,78.0,
2012-11-11,10.9,-0.1,5.4,0.0,3.6,12.8,,,65.0,
2012-11-12,13.1,-1.3,5.9,0.0,1.1,4.2,,,65.0,
2012-11-13,18.0,-1.4,8.3,0.0,1.4,4.4,,,52.0,
2012-11-14,16.8,1.6,9.2,0.0,1.7,5.8,,,71.0,
2012-11-15,13.9,8.9,11.4,0.4,2.5,7.8,,,81.0,
2012-11-16,12.8,8.0,10.4,10.6,1.7,5.8,,,90.0,
2012-11-17,12.2,7.5,9.8,1.4,1.4,5.3,,,95.0,
2012-11-18,14.6,3.0,8.8,0.0,2.2,6.7,,,69.0,
2012-11-19,12.9,2.2,7.6,0.0,1.4,4.2,,,88.0,
2012-11-20,8.7,3.8,6.2,0.6,2.5,14.7,,,89.0,
2012-11-21,11.9,-1.7,5.1,0.0,1.9,9.2,,,64.0,
2012-11-22,8.9,-2.8,3.0,0.0,1.1,4.7,,,81.0,
2012-11-23,9.5,2.2,5.8,0.0,4.4,12.2,,,85.0,
2012-11-24,16.2,4.1,10.2,0.0,5.0,20.0,,,79.0,
2012-11-25,9.1,3.7,6.4,0.2,0.8,7.8,,,94.0,
2012-12-01,9.3,-3.2,3.0,0.0,3.3,8.3,,,66.0,
2012-12-02,12.1,-3.7,4.2,0.0,0.8,6.7,,,66.0,
2012-12-03,12.6,-1.5,5.6,0.4,0.6,10.8,,,77.0,
2012-12-04,9.0,2.8,5.9,0.0,5.0,15.3,,,67.0,
2012-12-05,7.3,1.4,4.4,0.0,4.2,12.2,,,72.0,
2012-12-06,3.5,0.1,1.8,2.0,0.6,2.8,,,94.0,
2012-12-07,13.5,1.8,7.6,0.2,2.2,8.3,,,85.0,
2012-12-08,11.8,-2.3,4.8,0.0,1.7,5.8,,,62.0,
2012-12-09,9.7,-3.7,3.0,0.0,0.6,3.3,,,78.0,
2012-12-10,0.3,-4.7,-2.2,0.0,0.3,3.1,,,98.0,
2012-12-11,8.7,-3.5,2.6,0.0,1.1,3.9,,,79.0,
2012-12-12,0.8,-3.5,-1.4,2.0,0.8,2.5,,,99.0,
2012-12-13,7.0,0.3,3.6,2.0,1.7,12.5,,,100.0,
2012-12-14,10.1,5.0,7.6,13.6,3.9,16.7,,,93.0,
2012-12-15,12.0,5.1,8.6,0.0,4.7,10.8,,,68.0,
2012-12-16,9.7,3.5,6.6,4.8,2.5,11.1,,,91.0,
2012-12-17,11.4,2.9,7.2,0.8,3.6,10.8,,,71.0,
2012-12-18,5.7,3.1,4.4,1.6,0.3,2.2,,,97.0,
2012-12-19,8.8,5.0,6.9,0.4,2.5,12.8,,,98.0,
2012-12-20,11.1,4.6,7.8,0.8,3.9,13.6,,,67.0,
2012-12-21,14.1,4.5,9.3,0.0,3.3,11.9,,,72.0,
2012-12-22,10.2,4.4,7.3,0.0,1.9,5.3,,,98.0,
2012-12-23,10.4,5.0,7.7,0.0,0.8,4.2,,,89.0,
2012-12-24,11.7,2.9,7.3,1.2,3.9,16.1,,,80.0,
2012-12-25,9.2,2.1,5.6,0.0,3.1,10.0,,,80.0,
2012-12-26,11.9,0.1,6.0,0.0,2.2,8.6,,,72.0,
2012-12-27,10.4,2.2,6.3,0.0,1.7,9.4,,,80.0,
2012-12-28,4.0,2.7,3.4,0.2,1.4,6.7,,,100.0,
2012-12-29,8.4,0.6,4.5,3.4,3.3,12.5,,,83.0,
2012-12-30,8.9,2.5,5.7,0.0,1.1,7.8,,,88.0,
2012-12-31,8.0,-0.2,3.9,2.0,2.8,10.8,,,93.0,
2013-01-01,9.9,3.3,6.6,0.0,2.8,9.2,,,81.0,
2013-01-02,12.7,-0.3,6.2,0.0,1.1,6.1,,,72.0,
2013-01-03,14.8,-1.1,6.8,0.0,1.7,5.8,,,74.0,
2013-01-04,17.2,-1.0,8.1,0.0,0.3,2.8,,,67.0,
2013-01-05,19.7,1.5,10.6,0.0,1.1,3.6,,,59.0,
2013-01-06,18.2,0.7,9.4,0.0,0.8,2.8,,,57.0,
2013-01-07,13.5,-1.5,6.0,0.0,0.8,3.3,,,64.0,
2013-01-08,0.8,-2.6,-0.9,0.4,0.8,3.6,,,100.0,
2013-01-09,3.1,0.4,1.8,3.2,0.3,6.1,,,100.0,
2013-01-10,11.4,0.8,6.1,0.2,1.4,6.7,,,93.0,
2013-01-11,7.7,1.1,4.4,0.0,1.1,3.3,,,95.0,
2013-01-12,8.5,0.2,4.4,2.0,1.9,12.8,,,86.0,
2013-01-13,6.6,-0.3,3.2,1.0,5.8,15.8,,,81.0,
2013-01-14,7.7,1.2,4.4,0.0,3.9,13.6,,,71.0,
2013-01-15,8.5,1.9,5.2,1.4,4.4,12.2,,,73.0,
2013-01-16,10.4,3.5,7.0,1.4,3.1,13.6,,,85.0,
2013-01-17,9.8,5.2,7.5,3.8,1.7,13.6,,,83.0,
2013-01-18,12.1,7.7,9.9,29.8,1.4,9.7,,,91.0,
2013-01-19,8.7,1.4,5.0,3.8,4.2,19.2,,,87.0,
2013-01-20,6.0,0.7,3.4,1.8,2.5,12.2,,,86.0,
2013-01-21,5.7,-2.2,1.8,0.0,3.6,10.8,,,71.0,
2013-01-22,3.0,-2.3,0.4,5.6,2.5,11.9,,,89.0,
2013-01-23,6.0,-1.1,2.4,4.0,3.1,13.6,,,85.0,
2013-01-24,8.1,-0.9,3.6,0.0,5.3,17.5,,,69.0,
2013-01-25,8.2,-1.1,3.6,0.6,0.3,8.9,,,93.0,
2013-01-26,17.2,5.3,11.2,0.4,3.3,17.8,,,35.0,
2013-01-27,7.7,1.6,4.6,5.8,3.3,12.8,,,89.0,
2013-01-28,10.2,0.4,5.3,0.0,1.7,12.5,,,71.0,
2013-01-29,7.9,-0.1,3.9,0.0,1.1,3.9,,,87.0,
2013-01-30,10.8,4.8,7.8,0.0,0.8,3.6,,,91.0,
2013-01-31,10.7,6.3,8.5,0.0,0.6,3.3,,,95.0,
2013-02-01,14.9,3.0,9.0,5.2,3.1,14.7,,,75.0,
2013-02-02,8.4,0.4,4.4,0.0,5.3,14.2,,,71.0,
2013-02-03,10.5,-1.0,4.8,0.0,3.6,8.6,,,60.0,
2013-02-04,16.6,0.6,8.6,0.0,1.9,10.3,,,71.0,
2013-02-05,12.6,1.6,7.1,1.8,4.4,16.4,,,68.0,
2013-02-06,6.3,0.2,3.2,0.4,7.5,15.8,,,78.0,
2013-02-07,8.0,-1.3,3.4,0.0,3.9,11.1,,,62.0,
2013-02-08,8.6,0.3,4.4,0.0,9.2,23.6,,,58.0,
2013-02-09,9.1,-0.2,4.4,0.0,2.5,7.8,,,64.0,
2013-02-10,9.6,-1.0,4.3,3.6,5.6,17.8,,,76.0,
2013-02-11,4.0,-2.4,0.8,5.2,6.1,15.0,,,78.0,
2013-02-12,7.6,-0.3,3.6,0.0,5.0,11.1,,,78.0,
2013-02-13,12.4,1.3,6.8,0.0,4.7,11.4,,,70.0,
2013-02-14,14.3,-0.3,7.0,0.0,1.7,7.2,,,71.0,
2013-02-15,13.0,-0.7,6.2,0.0,1.7,5.0,,,74.0,
2013-02-16,14.6,0.4,7.5,0.0,1.1,4.7,,,75.0,
2013-02-17,7.0,0.4,3.7,4.0,1.4,7.2,,,97.0,
2013-02-18,8.5,2.6,5.6,0.0,1.7,5.0,,,87.0,
2013-02-19,7.5,2.7,5.1,4.2,0.3,3.9,,,94.0,
2013-02-20,11.9,3.8,7.8,2.6,1.9,11.7,,,82.0,
2013-02-21,9.6,3.6,6.6,7.6,0.8,3.9,,,97.0,
2013-02-22,10.4,1.4,5.9,6.8,2.5,8.3,,,87.0,
2013-02-23,6.6,-3.4,1.6,0.0,3.3,10.8,,,61.0,
2013-02-24,7.3,-3.1,2.1,0.0,4.7,11.9,,,64.0,
2013-02-25,6.3,-6.1,0.1,0.0,2.5,9.7,,,66.0,
2013-02-26,7.8,-5.0,1.4,0.0,2.2,11.9,,,65.0,
2013-02-27,5.7,-3.3,1.2,10.0,4.2,10.0,,,89.0,
2013-02-28,7.3,-3.5,1.9,0.2,3.6,8.1,,,62.0,
2013-03-01,9.5,-4.5,2.5,0.0,1.7,5.0,,,60.0,
2013-03-02,10.3,-4.3,3.0,0.0,1.4,7.8,,,65.0,
2013-03-03,12.1,-0.2,6.0,0.0,2.2,7.2,,,61.0,
2013-03-04,9.0,3.6,6.3,4.4,3.3,10.6,,,77.0,
2013-03-05,10.7,5.0,7.8,4.0,2.2,8.9,,,94.0,
2013-03-06,13.7,6.1,9.9,1.8,1.9,10.0,,,88.0,
2013-03-07,12.9,5.6,9.2,9.0,3.9,20.0,,,83.0,
2013-03-08,12.8,3.7,8.2,0.0,6.7,13.1,,,82.0,
2013-03-09,10.7,3.2,7.0,4.2,4.7,16.4,,,85.0,
2013-03-10,10.6,1.8,6.2,3.4,3.3,9.2,,,79.0,
2013-03-11,9.8,1.4,5.6,1.0,4.2,15.8,,,81.0,
2013-03-12,9.1,-1.0,4.0,3.6,2.5,11.7,,,88.0,
2013-03-13,5.3,-2.6,1.4,0.2,5.0,18.1,,,60.0,
2013-03-14,8.6,-1.7,3.4,0.0,3.9,13.9,,,62.0,
2013-03-15,11.6,-2.6,4.5,0.0,2.8,9.4,,,57.0,
2013-03-16,6.5,2.0,4.2,1.6,1.4,5.8,,,89.0,
2013-03-17,11.2,1.3,6.2,0.2,3.1,10.8,,,65.0,
2013-03-18,8.9,0.6,4.8,0.0,4.4,12.8,,,64.0,
2013-03-19,9.5,-2.5,3.5,0.0,1.7,7.5,,,66.0,
2013-03-20,13.7,-0.3,6.7,0.0,1.9,11.4,,,49.0,
2013-03-21,13.8,0.7,7.2,0.2,6.4,14.2,,,71.0,
2013-03-22,13.0,1.9,7.4,1.0,4.4,13.6,,,69.0,
2013-03-23,11.0,0.8,5.9,0.4,5.0,11.9,,,73.0,
2013-03-24,11.4,0.6,6.0,3.2,2.2,10.0,,,84.0,
2013-03-25,10.4,2.1,6.2,7.6,1.7,10.6,,,94.0,
2013-03-26,11.2,7.5,9.4,4.6,1.4,10.3,,,88.0,
2013-03-27,15.5,6.8,11.2,2.4,0.8,8.3,,,83.0,
2013-03-28,16.9,5.9,11.4,3.0,1.7,8.9,,,74.0,
2013-03-29,14.2,6.3,10.2,9.6,5.0,19.2,,,93.0,
2013-03-30,14.1,5.3,9.7,0.0,3.3,14.2,,,69.0,
2013-03-31,13.2,1.1,7.2,10.8,3.6,12.5,,,86.0,
2013-04-01,11.1,2.9,7.0,1.4,4.4,12.2,,,76.0,
2013-04-02,13.1,1.7,7.4,0.2,2.8,9.4,,,71.0,
2013-04-03,9.2,3.3,6.2,2.2,3.9,13.3,,,88.0,
2013-04-04,11.1,2.0,6.6,3.2,3.6,9.7,,,87.0,
2013-04-05,7.8,-1.0,3.4,0.0,5.3,13.9,,,62.0,
2013-04-06,11.4,0.2,5.8,0.0,3.1,13.3,,,56.0,
2013-04-07,8.3,-2.2,3.0,0.2,0.6,8.1,,,81.0,
2013-04-08,11.4,2.7,7.0,0.8,3.3,10.6,,,70.0,
2013-04-09,13.3,5.3,9.3,0.6,5.3,12.8,,,67.0,
2013-04-10,16.4,4.4,10.4,1.4,3.3,15.6,,,75.0,
2013-04-11,12.5,4.6,8.6,4.0,4.7,13.1,,,78.0,
2013-04-12,12.5,3.2,7.8,1.8,2.2,10.6,,,84.0,
2013-04-13,17.6,3.2,10.4,0.0,5.8,13.3,,,64.0,
2013-04-14,21.1,4.8,13.0,0.0,5.0,15.6,,,56.0,
2013-04-15,22.2,7.1,14.6,0.0,2.2,8.1,,,49.0,
2013-04-16,21.9,5.3,13.6,0.0,2.2,6.4,,,45.0,
2013-04-17,27.0,6.3,16.6,0.0,3.6,14.4,,,52.0,
2013-04-18,19.8,6.7,13.2,0.0,1.7,9.7,,,59.0,
2013-04-19,15.3,2.5,8.9,0.0,4.4,11.1,,,45.0,
2013-04-20,15.9,-1.5,7.2,0.0,2.5,7.2,,,47.0,
2013-04-21,18.6,0.1,9.4,0.0,2.5,7.5,,,47.0,
2013-04-22,17.8,3.6,10.7,0.0,3.1,9.4,,,58.0,
2013-04-23,18.9,3.9,11.4,0.0,2.2,6.7,,,61.0,
2013-04-24,21.7,6.3,14.0,0.0,1.9,6.7,,,51.0,
2013-04-25,23.8,7.3,15.6,0.0,1.9,7.2,,,41.0,
2013-04-26,20.8,5.6,13.2,0.0,3.1,10.6,,,60.0,
2013-04-27,9.3,-0.8,4.2,0.0,6.4,13.1,,,46.0,
2013-04-28,9.6,-2.5,3.6,0.0,8.6,17.2,,,48.0,
2013-04-29,11.1,-0.8,5.2,2.6,6.1,13.9,,,57.0,
2013-04-30,7.9,1.9,4.9,7.4,2.5,6.7,,,89.0,
2013-05-01,15.7,1.8,8.8,0.2,3.6,10.8,,,70.0,
2013-05-02,16.9,0.6,8.8,0.0,2.2,10.0,,,52.0,
2013-05-03,17.1,-1.5,7.8,0.0,2.2,6.7,,,55.0,
2013-05-04,20.6,0.6,10.6,0.0,2.8,7.5,,,48.0,
2013-05-05,21.5,3.5,12.5,0.0,1.4,8.6,,,48.0,
2013-05-06,16.2,7.8,12.0,0.0,1.9,11.1,,,66.0,
2013-05-07,17.2,10.0,13.6,1.6,2.8,12.5,,,78.0,
2013-05-08,20.1,9.6,14.8,3.0,1.4,4.7,,,80.0,
2013-05-09,17.4,5.4,11.4,2.6,3.3,9.4,,,77.0,
2013-05-10,19.8,1.8,10.8,0.0,2.5,8.6,,,55.0,
2013-05-11,21.0,0.3,10.6,0.0,2.8,7.2,,,43.0,
2013-05-12,19.1,3.7,11.4,0.0,1.7,6.1,,,58.0,
2013-05-13,22.4,3.1,12.8,0.0,2.5,9.2,,,52.0,
2013-05-14,22.3,6.1,14.2,1.6,4.2,12.8,,,51.0,
2013-05-15,15.1,3.0,9.0,0.0,4.4,10.8,,,51.0,
2013-05-16,11.6,2.0,6.8,0.4,4.2,9.7,,,63.0,
2013-05-17,10.3,1.7,6.0,1.6,1.9,10.3,,,71.0,
2013-05-18,11.0,1.9,6.4,0.0,4.2,13.6,,,70.0,
2013-05-19,14.2,3.1,8.6,0.0,3.9,10.3,,,55.0,
2013-05-20,15.2,2.1,8.6,0.0,1.4,6.7,,,51.0,
2013-05-21,18.2,2.1,10.2,0.0,2.8,8.9,,,60.0,
2013-05-22,24.5,3.0,13.8,0.0,4.7,12.5,,,48.0,
2013-05-23,24.0,2.5,13.2,0.0,2.5,8.9,,,48.0,
2013-05-24,22.0,1.3,11.6,0.0,1.9,8.9,,,34.0,
2013-05-25,20.8,3.2,12.0,0.0,3.9,8.9,,,35.0,
2013-05-26,18.8,2.4,10.6,0.2,2.2,9.2,,,50.0,
2013-05-27,19.8,2.9,11.4,0.2,3.3,10.8,,,56.0,
2013-05-28,14.1,3.6,8.8,0.0,4.7,13.3,,,59.0,
2013-05-29,14.4,4.0,9.2,1.0,6.7,15.3,,,56.0,
2013-05-30,18.5,4.3,11.4,0.0,5.0,10.3,,,46.0,
2013-05-31,20.1,3.8,12.0,0.0,5.0,15.0,,,41.0,
2013-06-01,22.1,1.8,12.0,0.0,5.8,11.9,,,46.0,
2013-06-02,22.4,4.0,13.2,0.0,3.1,9.2,,,48.0,
2013-06-03,22.6,0.9,11.8,0.0,1.9,7.2,,,42.0,
2013-06-04,25.1,5.5,15.3,0.0,3.3,8.3,,,40.0,
2013-06-05,28.4,7.4,17.9,0.4,3.1,13.3,,,38.0,
2013-06-06,21.5,9.4,15.4,1.0,5.6,13.9,,,55.0,
2013-06-07,18.6,7.6,13.1,1.2,2.8,10.3,,,67.0,
2013-06-08,15.2,7.5,11.4,0.8,3.9,10.6,,,67.0,
2013-06-09,22.8,8.3,15.6,0.0,4.7,10.6,,,55.0,
2013-06-10,21.7,9.1,15.4,0.0,3.3,10.3,,,56.0,
2013-06-11,24.9,11.4,18.2,0.0,1.9,8.1,,,57.0,
2013-06-12,31.1,10.7,20.9,0.0,2.8,9.4,,,46.0,
2013-06-13,25.4,12.1,18.8,0.0,1.9,6.9,,,53.0,
2013-06-14,28.6,7.7,18.2,0.0,2.2,11.7,,,43.0,
2013-06-15,29.4,7.5,18.4,0.0,2.8,8.1,,,32.0,
2013-06-16,29.0,10.0,19.5,2.0,4.4,15.0,,,33.0,
2013-06-17,17.9,7.9,12.9,0.0,4.4,11.9,,,62.0,
2013-06-18,21.9,5.5,13.7,2.6,3.6,9.7,,,57.0,
2013-06-19,17.9,6.8,12.4,0.0,4.4,11.1,,,62.0,
2013-06-20,23.4,6.4,14.9,0.8,3.6,11.1,,,56.0,
2013-06-21,23.4,11.4,17.4,0.0,3.3,11.4,,,47.0,
2013-06-22,27.1,8.2,17.6,0.0,3.6,11.1,,,49.0,
2013-06-23,27.5,9.1,18.3,0.0,1.9,9.2,,,28.0,
2013-06-24,26.0,6.3,16.2,0.0,1.9,6.4,,,38.0,
2013-06-25,28.5,5.9,17.2,0.0,1.9,9.2,,,33.0,
2013-06-26,26.2,11.3,18.8,0.0,2.8,6.9,,,33.0,
2013-06-27,28.3,9.1,18.7,0.0,3.1,7.5,,,31.0,
2013-06-28,28.1,5.7,16.9,0.0,1.9,7.8,,,30.0,
2013-06-29,29.7,7.1,18.4,0.0,2.2,10.3,,,28.0,
2013-06-30,30.7,10.0,20.4,0.0,1.9,6.7,,,35.0,
2013-07-01,30.5,14.9,22.7,0.0,1.4,14.4,,,34.0,
2013-07-02,29.8,10.2,20.0,0.0,3.9,12.5,,,42.0,
2013-07-03,31.7,14.2,23.0,0.0,3.9,8.6,,,43.0,
2013-07-04,31.8,11.5,21.6,0.0,1.7,8.6,,,38.0,
2013-07-05,33.7,11.8,22.8,0.0,2.2,7.5,,,26.0,
2013-07-06,35.4,13.0,24.2,0.0,2.5,7.5,,,29.0,
2013-07-07,34.5,16.3,25.4,0.0,2.2,7.5,,,21.0,
2013-07-08,33.9,16.5,25.2,0.0,2.2,6.7,,,25.0,
2013-07-09,36.0,13.1,24.6,0.0,3.1,9.7,,,39.0,
2013-07-10,31.4,14.6,23.0,4.4,2.5,11.4,,,57.0,
2013-07-11,29.9,14.8,22.4,0.0,1.9,7.2,,,47.0,
2013-07-12,32.2,16.7,24.4,0.2,4.2,13.9,,,43.0,
2013-07-13,30.4,13.1,21.8,8.2,3.1,20.6,,,58.0,
2013-07-14,29.5,11.1,20.3,0.0,1.4,12.5,,,56.0,
2013-07-15,28.8,11.8,20.3,15.8,1.9,14.2,,,44.0,
2013-07-16,27.9,11.9,19.9,0.0,1.4,11.4,,,57.0,
2013-07-17,30.7,10.4,20.6,0.0,1.9,6.1,,,46.0,
2013-07-18,29.5,10.1,19.8,0.0,1.4,8.3,,,43.0,
2013-07-19,29.6,12.6,21.1,0.0,2.5,8.6,,,48.0,
2013-07-20,31.3,14.7,23.0,0.0,2.8,11.4,,,37.0,
2013-07-21,31.2,15.1,23.2,0.0,3.6,11.7,,,40.0,
2013-07-22,30.4,13.0,21.7,0.0,4.2,13.1,,,35.0,
2013-07-23,29.0,12.1,20.6,0.0,3.9,10.3,,,50.0,
2013-07-24,31.6,14.1,22.8,0.0,2.5,8.6,,,48.0,
2013-07-25,29.6,14.7,22.2,0.0,3.6,14.2,,,49.0,
2013-07-26,26.3,13.1,19.7,0.0,4.7,11.9,,,41.0,
2013-07-27,22.0,10.4,16.2,0.0,2.5,11.1,,,54.0,
2013-07-28,19.1,6.7,12.9,6.2,1.4,12.5,,,71.0,
2013-07-29,25.3,8.3,16.8,0.0,3.1,11.4,,,59.0,
2013-07-30,30.9,9.7,20.3,0.0,2.2,6.7,,,45.0,
2013-07-31,34.0,13.9,24.0,0.0,3.1,13.9,,,36.0,
2013-08-01,31.6,13.1,22.4,0.0,4.2,16.1,,,31.0,
2013-08-02,26.1,13.0,19.6,0.0,4.2,14.2,,,39.0,
2013-08-03,26.7,8.4,17.6,0.0,2.5,8.3,,,43.0,
2013-08-04,29.3,8.3,18.8,0.0,1.7,8.3,,,43.0,
2013-08-05,28.9,13.4,21.2,0.0,2.8,8.9,,,42.0,
2013-08-06,24.8,11.6,18.2,0.0,2.5,11.4,,,62.0,
2013-08-07,21.8,9.4,15.6,0.0,4.4,11.7,,,57.0,
2013-08-08,27.7,8.8,18.2,0.0,2.2,7.5,,,44.0,
2013-08-09,29.5,7.6,18.6,0.0,2.8,7.5,,,44.0,
2013-08-10,31.8,12.8,22.3,0.0,2.2,6.9,,,40.0,
2013-08-11,34.0,12.6,23.3,0.0,3.1,6.9,,,28.0,
2013-08-12,33.1,15.2,24.2,5.8,3.6,13.6,,,54.0,
2013-08-13,28.7,13.1,20.9,0.0,2.5,6.7,,,54.0,
2013-08-14,30.7,12.2,21.4,0.0,2.2,6.7,,,51.0,
2013-08-15,34.0,13.5,23.8,0.0,3.1,9.7,,,42.0,
2013-08-16,30.6,14.1,22.4,0.0,3.6,10.6,,,44.0,
2013-08-17,31.7,10.1,20.9,0.0,1.9,7.8,,,46.0,
2013-08-18,32.3,11.8,22.0,0.0,3.6,10.8,,,40.0,
2013-08-19,29.8,13.9,21.8,0.0,3.1,8.1,,,47.0,
2013-08-20,31.2,9.8,20.5,0.0,1.9,6.4,,,43.0,
2013-08-21,34.3,11.9,23.1,0.0,2.2,6.7,,,32.0,
2013-08-22,33.6,14.8,24.2,0.0,3.1,9.7,,,24.0,
2013-08-23,33.0,13.2,23.1,0.0,2.8,10.3,,,40.0,
2013-08-24,29.9,10.8,20.4,0.0,3.1,7.2,,,45.0,
2013-08-25,29.0,7.7,18.4,0.0,1.7,7.5,,,46.0,
2013-08-26,25.2,9.2,17.2,0.0,2.2,7.8,,,45.0,
2013-08-27,25.4,6.2,15.8,0.0,2.5,7.2,,,49.0,
2013-08-28,24.5,8.8,16.6,0.0,2.8,8.9,,,48.0,
2013-08-29,25.3,4.9,15.1,0.0,1.9,7.8,,,40.0,
2013-08-30,25.8,6.6,16.2,0.0,2.8,7.5,,,37.0,
2013-08-31,27.5,6.8,17.2,0.0,2.2,6.7,,,37.0,
2013-09-01,27.5,7.7,17.6,0.0,3.1,8.6,,,45.0,
2013-09-02,29.7,8.2,19.0,0.0,2.8,7.8,,,39.0,
2013-09-03,31.7,10.1,20.9,0.0,2.5,7.8,,,32.0,
2013-09-04,31.2,12.6,21.9,0.0,2.2,6.9,,,30.0,
2013-09-05,24.1,13.1,18.6,4.4,2.5,12.8,,,61.0,
2013-09-06,24.8,11.1,18.0,0.0,1.1,9.2,,,63.0,
2013-09-07,23.2,10.0,16.6,0.0,1.7,9.7,,,65.0,
2013-09-08,25.5,10.3,17.9,0.0,1.7,6.1,,,47.0,
2013-09-09,25.5,7.5,16.5,0.0,1.7,7.2,,,49.0,
2013-09-10,25.9,8.9,17.4,0.0,2.5,8.6,,,57.0,
2013-09-11,22.2,10.4,16.3,0.0,2.5,8.9,,,44.0,
2013-09-12,25.2,3.3,14.2,0.0,2.2,6.9,,,46.0,
2013-09-13,26.3,7.0,16.6,0.0,1.9,6.9,,,48.0,
2013-09-14,28.4,8.3,18.4,0.0,3.1,12.2,,,48.0,
2013-09-15,24.8,8.4,16.6,0.0,1.4,7.2,,,59.0,
2013-09-16,27.8,6.8,17.3,0.0,2.8,9.7,,,52.0,
2013-09-17,27.1,8.1,17.6,0.0,1.7,7.8,,,52.0,
2013-09-18,26.3,6.7,16.5,0.0,2.2,8.3,,,60.0,
2013-09-20,25.9,7.6,16.8,0.0,1.4,8.3,,,57.0,
2013-09-21,26.9,9.6,18.2,0.0,1.4,7.2,,,57.0,
2013-09-22,29.0,7.9,18.4,0.0,1.9,6.1,,,45.0,
2013-09-23,30.3,9.3,19.8,0.0,2.8,11.1,,,36.0,
2013-09-24,26.5,12.1,19.3,0.0,4.2,13.3,,,47.0,
2013-09-25,26.2,13.3,19.8,0.0,3.6,12.8,,,53.0,
2013-09-26,25.8,11.1,18.4,0.0,5.0,15.0,,,56.0,
2013-09-27,18.4,11.8,15.1,10.4,5.0,15.6,,,90.0,
2013-09-28,17.4,11.8,14.6,3.0,3.3,11.7,,,85.0,
2013-09-29,21.5,11.3,16.4,0.8,3.3,10.3,,,78.0,
2013-09-30,23.3,11.5,17.4,11.0,1.4,8.1,,,81.0,
2013-10-01,20.6,13.2,16.9,1.2,5.0,13.3,,,90.0,
2013-10-02,19.8,10.3,15.0,11.6,3.1,16.7,,,87.0,
2013-10-03,20.9,9.6,15.2,0.8,6.4,16.9,,,71.0,
2013-10-04,19.3,7.7,13.5,2.6,1.9,10.3,,,75.0,
2013-10-05,22.8,7.2,15.0,0.0,0.8,4.4,,,66.0,
2013-10-06,21.5,6.0,13.8,0.0,1.7,7.2,,,71.0,
2013-10-07,21.3,4.9,13.1,0.0,1.4,5.8,,,69.0,
2013-10-08,22.1,4.9,13.5,0.0,1.7,5.0,,,68.0,
2013-10-09,22.1,4.4,13.2,0.0,1.1,5.6,,,68.0,
2013-10-10,20.4,3.4,11.9,0.0,2.2,5.8,,,70.0,
2013-10-11,18.4,6.3,12.4,0.0,1.4,5.0,,,74.0,
2013-10-12,17.5,2.2,9.8,0.0,1.4,5.3,,,72.0,
2013-10-13,20.1,5.9,13.0,4.2,1.7,8.3,,,77.0,
2013-10-14,14.4,5.5,10.0,8.2,1.4,5.0,,,92.0,
2013-10-15,19.4,10.9,15.2,0.2,0.8,7.5,,,89.0,
2013-10-16,20.6,9.3,15.0,0.0,1.7,5.3,,,89.0,
2013-10-17,17.1,11.3,14.2,0.2,1.4,4.4,,,92.0,
2013-10-18,20.3,11.0,15.6,2.4,5.3,13.3,,,73.0,
2013-10-19,16.4,7.8,12.1,0.0,4.4,13.9,,,73.0,
2013-10-20,17.9,6.3,12.1,0.0,5.3,11.9,,,83.0,
2013-10-21,15.1,11.2,13.2,12.0,7.2,18.9,,,86.0,
2013-10-22,16.6,9.5,13.0,0.6,8.9,18.9,,,85.0,
2013-10-23,18.1,7.2,12.6,3.6,3.6,10.6,,,76.0,
2013-10-24,15.3,11.4,13.4,23.8,7.8,16.4,,,97.0,
2013-10-25,15.5,10.4,13.0,0.6,3.3,9.7,,,92.0,
2013-10-26,17.2,5.0,11.1,0.0,1.9,12.2,,,79.0,
2013-10-27,17.0,4.2,10.6,1.6,1.7,5.6,,,87.0,
2013-10-28,12.8,5.6,9.2,0.0,4.2,12.2,,,83.0,
2013-10-29,13.1,1.8,7.4,0.0,3.1,9.7,,,72.0,
2013-10-30,14.4,-1.7,6.4,0.0,0.8,4.7,,,62.0,
2013-10-31,17.0,-0.7,8.2,0.0,1.7,5.0,,,64.0,
2013-11-01,11.2,5.5,8.4,7.4,0.8,3.1,,,86.0,
2013-11-02,17.4,9.1,13.2,5.2,2.2,9.7,,,96.0,
2013-11-03,14.6,5.0,9.8,1.4,2.5,9.2,,,73.0,
2013-11-04,15.6,7.4,11.5,2.4,6.7,17.5,,,86.0,
2013-11-05,17.5,12.6,15.0,0.0,5.0,12.5,,,83.0,
2013-11-06,14.5,7.5,11.0,0.0,1.7,6.4,,,97.0,
2013-11-07,16.2,7.6,11.9,0.8,1.9,5.8,,,75.0,
2013-11-08,12.5,3.0,7.8,0.0,4.4,11.9,,,76.0,
2013-11-09,13.0,2.7,7.8,0.0,3.3,11.4,,,81.0,
2013-11-10,15.9,5.5,10.7,0.0,3.3,13.3,,,71.0,
2013-11-11,20.6,3.6,12.1,0.0,1.1,4.2,,,74.0,
2013-11-12,15.3,2.3,8.8,0.0,1.7,5.0,,,81.0,
2013-11-13,16.4,2.7,9.6,0.0,5.3,13.1,,,69.0,
2013-11-14,16.8,-0.7,8.0,0.0,2.8,10.0,,,62.0,
2013-11-15,11.6,1.1,6.4,0.6,6.9,20.0,,,65.0,
2013-11-16,10.5,0.5,5.5,0.2,3.6,14.7,,,67.0,
2013-11-17,11.4,1.7,6.6,0.0,2.2,9.2,,,71.0,
2013-11-18,12.6,0.7,6.6,0.0,2.5,8.1,,,71.0,
2013-11-19,12.0,0.1,6.0,0.0,4.7,14.4,,,69.0,
2013-11-20,8.5,-2.2,3.2,0.0,3.9,9.2,,,62.0,
2013-11-21,8.3,1.5,4.9,0.0,5.0,13.1,,,80.0,
2013-11-22,11.1,-2.0,4.6,0.0,2.2,7.2,,,71.0,
2013-11-23,10.9,-5.0,3.0,0.0,2.2,10.3,,,67.0,
2013-11-24,10.0,-2.3,3.8,0.0,5.6,15.3,,,60.0,
2013-11-25,10.8,-2.6,4.1,0.0,4.4,10.6,,,60.0,
2013-11-26,9.5,-4.0,2.8,0.0,1.1,6.4,,,59.0,
2013-11-27,9.5,-4.4,2.6,0.0,1.9,5.3,,,64.0,
2013-11-28,8.5,-5.1,1.7,0.0,1.4,4.7,,,65.0,
2013-11-29,13.0,-4.9,4.0,0.0,1.9,5.3,,,56.0,
2013-11-30,10.3,-4.0,3.2,0.0,3.6,9.2,,,75.0,
2013-12-01,12.9,-4.2,4.4,0.0,2.2,7.5,,,56.0,
2013-12-02,10.6,-6.2,2.2,0.0,1.4,5.6,,,57.0,
2013-12-03,11.4,-2.9,4.2,0.0,0.8,3.9,,,63.0,
2013-12-04,14.5,-2.8,5.8,0.0,0.8,4.2,,,60.0,
2013-12-05,2.6,-3.3,-0.4,0.0,1.1,3.9,,,98.0,
2013-12-06,9.6,-2.3,3.6,0.0,0.8,3.3,,,88.0,
2013-12-07,10.9,-2.9,4.0,0.0,0.6,3.3,,,52.0,
2013-12-08,10.2,-5.2,2.5,0.0,0.8,3.3,,,70.0,
2013-12-09,10.0,-5.7,2.2,0.0,0.8,3.6,,,64.0,
2013-12-10,10.6,-6.4,2.1,0.0,0.8,3.3,,,66.0,
2013-12-11,11.1,-2.0,4.6,0.0,0.8,4.4,,,51.0,
2013-12-12,8.5,-2.3,3.1,0.0,0.3,2.2,,,63.0,
2013-12-13,12.4,1.3,6.8,0.0,1.9,7.8,,,72.0,
2013-12-14,12.2,-4.4,3.9,0.0,1.1,4.2,,,54.0,
2013-12-15,9.4,-2.8,3.3,0.0,1.1,4.4,,,77.0,
2013-12-16,9.8,-4.2,2.8,0.0,1.4,4.2,,,78.0,
2013-12-17,2.9,-2.6,0.2,0.6,0.3,3.3,,,94.0,
2013-12-18,3.6,0.8,2.2,9.8,0.8,3.6,,,99.0,
2013-12-19,9.4,0.4,4.9,0.8,5.0,15.0,,,82.0,
2013-12-20,10.8,-2.0,4.4,0.2,2.2,11.1,,,67.0,
2013-12-21,6.2,-4.0,1.1,0.0,0.6,3.3,,,81.0,
2013-12-22,5.6,-1.3,2.2,0.0,0.6,3.6,,,90.0,
2013-12-23,8.6,1.9,5.2,0.2,3.1,17.8,,,95.0,
2013-12-24,10.1,3.0,6.6,38.2,5.6,17.2,,,85.0,
2013-12-25,4.5,0.1,2.3,3.2,3.6,13.3,,,87.0,
2013-12-26,6.5,0.1,3.3,1.0,2.8,10.0,,,86.0,
2013-12-27,15.5,4.2,9.8,1.8,5.3,15.8,,,78.0,
2013-12-28,6.1,0.1,3.1,1.4,4.4,12.8,,,82.0,
2013-12-29,6.6,-2.1,2.2,0.0,1.7,11.1,,,76.0,
2013-12-30,2.0,-2.4,-0.2,0.8,0.6,3.1,,,99.0,
2013-12-31,9.0,1.7,5.4,0.6,1.9,7.8,,,91.0,
2014-01-01,9.5,2.9,6.2,0.6,4.7,18.6,,,85.0,
2014-01-02,9.3,4.9,7.1,7.2,1.1,8.9,,,89.0,
2014-01-03,12.8,2.8,7.8,5.2,3.1,11.9,,,76.0,
2014-01-04,6.4,0.3,3.4,7.4,5.0,16.7,,,91.0,
2014-01-05,8.6,-0.3,4.2,2.8,1.1,15.0,,,97.0,
2014-01-06,9.9,5.5,7.7,2.0,5.8,17.8,,,92.0,
2014-01-07,10.2,6.5,8.4,1.8,2.8,10.8,,,92.0,
2014-01-08,11.3,5.9,8.6,0.0,4.4,15.0,,,81.0,
2014-01-09,14.0,2.3,8.2,0.0,1.7,6.9,,,77.0,
2014-01-10,14.0,1.6,7.8,0.0,1.1,3.3,,,77.0,
2014-01-11,11.5,0.4,6.0,0.0,1.1,3.6,,,83.0,
2014-01-12,6.9,2.3,4.6,1.6,1.4,8.9,,,99.0,
2014-01-13,8.1,0.5,4.3,3.6,2.2,9.2,,,77.0,
2014-01-14,11.6,1.3,6.4,0.2,3.9,12.8,,,86.0,
2014-01-15,8.8,3.3,6.0,4.8,1.9,11.7,,,84.0,
2014-01-16,9.2,0.4,4.8,0.2,1.9,10.3,,,80.0,
2014-01-17,5.7,1.3,3.5,3.6,6.1,13.3,,,96.0,
2014-01-18,6.7,0.6,3.6,1.6,2.2,10.3,,,83.0,
2014-01-19,6.1,0.1,3.1,1.0,4.2,16.4,,,79.0,
2014-01-20,7.0,0.7,3.8,0.0,3.1,13.6,,,73.0,
2014-01-21,7.4,0.0,3.7,6.8,1.1,6.1,,,91.0,
2014-01-22,8.7,1.4,5.0,0.0,5.0,14.2,,,75.0,
2014-01-23,11.1,0.6,5.8,0.0,2.8,9.2,,,73.0,
2014-01-24,10.7,2.6,6.6,0.0,5.3,16.7,,,79.0,
2014-01-25,14.1,6.6,10.4,0.0,4.4,16.1,,,76.0,
2014-01-26,10.5,4.2,7.4,0.0,3.3,11.1,,,80.0,
2014-01-27,7.0,0.6,3.8,2.2,6.4,17.2,,,81.0,
2014-01-28,7.1,0.5,3.8,2.6,5.3,18.3,,,87.0,
2014-01-29,6.6,-1.1,2.8,1.2,5.0,12.5,,,80.0,
2014-01-30,7.5,-0.1,3.7,0.4,4.4,14.2,,,80.0,
2014-01-31,10.9,3.4,7.2,4.2,3.1,10.0,,,83.0,
2014-02-01,6.5,-0.7,2.9,1.0,4.4,15.8,,,84.0,
2014-02-02,8.4,-0.7,3.8,0.0,1.9,11.1,,,77.0,
2014-02-03,5.8,-1.7,2.0,0.4,4.2,14.2,,,84.0,
2014-02-04,4.7,-1.6,1.6,6.6,6.9,16.4,,,96.0,
2014-02-05,7.9,0.4,4.2,0.8,4.2,17.2,,,79.0,
2014-02-06,12.5,2.0,7.2,3.4,10.0,28.9,,,79.0,
2014-02-07,7.1,-0.4,3.4,7.4,2.8,13.6,,,79.0,
2014-02-08,7.1,0.1,3.6,1.0,6.1,17.5,,,80.0,
2014-02-09,1.8,-1.5,0.2,6.6,2.5,11.1,,,98.0,
2014-02-10,3.2,-0.5,1.4,3.4,5.8,17.8,,,82.0,
2014-02-11,8.2,-1.3,3.4,5.2,2.8,11.4,,,92.0,
2014-02-12,2.2,-2.5,-0.2,1.4,0.8,3.6,,,97.0,
2014-02-13,12.6,-1.4,5.6,0.2,4.4,16.4,,,70.0,
2014-02-14,14.2,2.7,8.4,1.4,8.3,28.1,,,75.0,
2014-02-15,8.0,-0.6,3.7,0.2,2.5,10.6,,,79.0,
2014-02-16,9.4,-2.6,3.4,0.0,2.2,10.8,,,71.0,
2014-02-17,7.9,-3.0,2.4,0.0,3.9,10.8,,,79.0,
2014-02-18,9.7,1.4,5.6,0.0,3.1,10.0,,,76.0,
2014-02-19,16.8,1.9,9.4,0.0,3.6,8.9,,,68.0,
2014-02-20,11.8,2.6,7.2,0.4,1.4,14.2,,,80.0,
2014-02-21,7.3,-0.1,3.6,0.4,3.1,10.3,,,68.0,
2014-02-22,12.2,-0.6,5.8,0.4,2.2,9.4,,,74.0,
2014-02-23,10.8,0.0,5.4,0.0,3.3,10.8,,,77.0,
2014-02-24,10.5,2.7,6.6,0.2,1.9,9.2,,,76.0,
2014-02-25,11.5,-0.5,5.5,5.8,4.7,21.1,,,91.0,
2014-02-26,6.3,-1.0,2.6,5.6,2.5,10.8,,,79.0,
2014-02-27,15.0,2.5,8.8,0.2,3.1,12.2,,,72.0,
2014-02-28,7.7,4.0,5.8,5.8,8.1,21.4,,,82.0,
2014-03-01,11.5,2.2,6.8,5.0,3.3,13.3,,,90.0,
2014-03-02,11.9,2.0,7.0,1.2,4.7,17.8,,,81.0,
2014-03-03,6.3,0.3,3.3,5.6,5.3,17.8,,,87.0,
2014-03-04,9.2,1.7,5.4,0.8,3.9,15.8,,,83.0,
2014-03-05,18.7,4.2,11.4,0.0,3.1,12.8,,,60.0,
2014-03-06,18.9,1.6,10.2,0.0,1.4,5.0,,,62.0,
2014-03-07,19.5,1.0,10.2,0.0,2.2,6.4,,,53.0,
2014-03-08,19.9,1.0,10.4,0.0,2.2,6.1,,,56.0,
2014-03-09,18.0,3.5,10.8,0.0,1.9,6.4,,,43.0,
2014-03-10,21.3,1.7,11.5,0.0,2.8,10.6,,,44.0,
2014-03-11,18.3,-0.5,8.9,0.0,1.7,6.4,,,34.0,
2014-03-12,18.3,-0.1,9.1,0.0,1.9,6.1,,,49.0,
2014-03-13,16.1,0.7,8.4,0.0,2.8,8.3,,,50.0,
2014-03-14,18.8,-0.5,9.2,0.0,1.1,6.1,,,52.0,
2014-03-15,21.6,0.3,11.0,0.0,1.4,5.8,,,46.0,
2014-03-16,22.2,0.7,11.4,0.0,2.5,5.6,,,42.0,
2014-03-17,23.6,1.8,12.7,0.0,1.9,8.3,,,45.0,
2014-03-18,21.4,5.2,13.3,0.0,2.5,5.6,,,58.0,
2014-03-19,17.7,1.0,9.4,0.0,1.1,6.1,,,63.0,
2014-03-20,20.2,4.5,12.4,0.0,1.9,9.2,,,60.0,
2014-03-21,16.8,6.2,11.5,0.6,1.7,10.8,,,69.0,
2014-03-22,10.0,1.1,5.6,0.0,3.6,15.6,,,58.0,
2014-03-23,11.6,-0.1,5.8,0.0,2.5,11.9,,,53.0,
2014-03-24,11.2,3.1,7.2,2.4,3.6,15.3,,,74.0,
2014-03-25,6.3,-0.2,3.0,6.6,7.2,18.9,,,82.0,
2014-03-26,9.9,0.0,5.0,2.8,6.4,15.8,,,67.0,
2014-03-27,10.8,-1.9,4.4,0.0,2.8,10.6,,,61.0,
2014-03-28,9.8,-1.7,4.0,11.8,3.9,11.7,,,76.0,
2014-03-29,5.7,2.3,4.0,6.8,1.7,8.9,,,96.0,
2014-03-30,11.8,2.6,7.2,1.2,6.7,16.1,,,78.0,
2014-03-31,10.9,5.4,8.2,7.8,6.9,13.3,,,93.0,
2014-04-01,9.4,6.5,8.0,20.0,10.3,18.6,,,92.0,
2014-04-02,10.6,4.8,7.7,12.8,4.7,10.8,,,90.0,
2014-04-03,13.1,2.4,7.8,0.0,3.3,13.3,,,75.0,
2014-04-04,8.4,1.6,5.0,3.2,1.1,8.6,,,86.0,
2014-04-05,19.1,7.2,13.2,0.2,2.2,9.4,,,77.0,
2014-04-06,19.8,6.5,13.2,0.0,5.0,12.5,,,70.0,
2014-04-07,20.8,5.1,13.0,0.0,3.1,12.2,,,71.0,
2014-04-08,18.6,5.4,12.0,0.0,2.2,6.4,,,67.0,
2014-04-09,22.0,3.9,13.0,2.8,2.2,9.7,,,68.0,
2014-04-10,24.1,9.3,16.7,3.2,2.8,11.1,,,54.0,
2014-04-11,20.8,5.0,12.9,0.0,1.7,7.2,,,65.0,
2014-04-12,19.8,2.8,11.3,0.0,1.9,6.7,,,60.0,
2014-04-13,22.7,5.1,13.9,0.0,2.5,6.1,,,59.0,
2014-04-14,21.4,7.0,14.2,0.0,1.7,7.2,,,58.0,
2014-04-15,22.6,9.8,16.2,0.0,1.1,8.1,,,60.0,
2014-04-16,23.9,7.5,15.7,0.0,2.8,8.3,,,58.0,
2014-04-17,25.8,7.6,16.7,0.0,1.4,6.7,,,48.0,
2014-04-18,25.6,8.0,16.8,0.0,1.9,7.2,,,52.0,
2014-04-19,20.9,8.1,14.5,5.0,3.6,9.2,,,69.0,
2014-04-20,16.5,5.2,10.8,0.0,2.2,10.3,,,63.0,
2014-04-21,16.0,3.6,9.8,0.0,3.3,9.4,,,60.0,
2014-04-22,17.3,3.3,10.3,0.4,2.5,7.2,,,59.0,
2014-04-23,17.7,6.6,12.2,0.4,5.3,10.6,,,57.0,
2014-04-24,14.0,3.1,8.6,0.2,3.1,12.2,,,70.0,
2014-04-25,13.2,2.1,7.6,3.8,1.7,10.6,,,66.0,
2014-04-26,15.6,5.0,10.3,0.2,4.7,14.7,,,69.0,
2014-04-27,15.1,3.3,9.2,0.0,4.2,13.1,,,61.0,
2014-04-28,19.0,7.8,13.4,0.0,3.6,12.2,,,59.0,
2014-04-29,19.2,6.0,12.6,0.0,4.4,10.6,,,63.0,
2014-04-30,19.8,8.0,13.9,0.0,3.9,10.3,,,58.0,
2014-05-01,21.9,7.2,14.6,0.0,5.8,11.7,,,48.0,
2014-05-02,21.2,5.7,13.4,0.0,3.3,10.8,,,46.0,
2014-05-03,21.0,2.1,11.6,0.0,1.9,6.4,,,48.0,
2014-05-04,23.0,3.5,13.2,0.0,1.9,6.1,,,51.0,
2014-05-05,26.3,6.0,16.2,0.0,1.7,12.2,,,46.0,
2014-05-06,24.1,11.7,17.9,0.0,3.1,11.7,,,55.0,
2014-05-07,26.7,9.3,18.0,0.0,2.5,8.9,,,38.0,
2014-05-08,27.4,7.5,17.4,0.0,3.3,9.7,,,48.0,
2014-05-09,29.3,8.7,19.0,0.0,3.1,10.0,,,49.0,
2014-05-10,25.3,10.6,18.0,0.0,4.7,11.7,,,46.0,
2014-05-11,22.7,8.7,15.7,0.0,5.6,11.1,,,39.0,
2014-05-12,21.3,3.0,12.2,0.0,3.3,11.9,,,49.0,
2014-05-13,19.4,0.7,10.0,0.0,1.7,7.5,,,41.0,
2014-05-14,22.5,1.5,12.0,0.0,2.5,7.5,,,33.0,
2014-05-15,24.0,7.5,15.8,0.0,2.5,8.9,,,26.0,
2014-05-16,25.7,2.5,14.1,0.0,,9.7,,,19.0,
2014-05-17,26.2,2.5,14.4,0.0,1.7,8.1,,,23.0,
2014-05-18,26.4,5.0,15.7,0.0,3.3,10.0,,,29.0,
2014-05-19,17.2,4.6,10.9,2.4,3.3,15.3,,,61.0,
2014-05-20,11.7,0.5,6.1,15.8,4.7,18.3,,,82.0,
2014-05-21,12.0,5.2,8.6,4.8,6.4,16.9,,,84.0,
2014-05-22,14.9,5.0,10.0,0.8,3.3,12.8,,,68.0,
2014-05-23,13.5,3.2,8.4,0.2,6.1,15.6,,,65.0,
2014-05-24,17.1,1.8,9.4,0.0,1.9,8.6,,,55.0,
2014-05-25,15.6,4.9,10.2,0.0,2.5,8.6,,,46.0,
2014-05-26,17.6,2.4,10.0,0.0,3.3,10.8,,,50.0,
2014-05-27,17.1,4.6,10.8,2.0,1.7,7.8,,,67.0,
2014-05-28,17.6,7.4,12.5,0.0,4.4,11.9,,,67.0,
2014-05-29,18.4,7.3,12.8,1.0,1.9,11.7,,,79.0,
2014-05-30,19.8,4.3,12.0,0.0,2.2,7.8,,,52.0,
2014-05-31,19.8,4.9,12.4,0.0,3.9,10.0,,,51.0,
2014-06-01,23.7,2.4,13.0,0.0,1.1,7.2,,,47.0,
2014-06-02,24.8,6.0,15.4,0.0,2.5,7.8,,,47.0,
2014-06-03,25.9,7.7,16.8,0.0,3.3,12.2,,,41.0,
2014-06-04,22.3,8.3,15.3,0.0,3.3,10.8,,,50.0,
2014-06-05,23.4,5.3,14.4,0.0,4.4,13.6,,,52.0,
2014-06-06,22.0,9.4,15.7,2.4,7.2,18.6,,,51.0,
2014-06-07,17.9,7.3,12.6,0.0,6.7,13.9,,,61.0,
2014-06-08,20.9,4.8,12.8,0.0,4.2,12.8,,,56.0,
2014-06-09,21.8,6.5,14.2,0.0,3.9,14.2,,,53.0,
2014-06-10,23.2,5.6,14.4,0.0,1.4,7.2,,,43.0,
2014-06-11,28.6,7.2,17.9,0.0,1.9,6.7,,,41.0,
2014-06-12,31.2,11.9,21.6,0.0,1.9,7.8,,,41.0,
2014-06-13,33.2,11.9,22.6,0.0,2.5,8.3,,,38.0,
2014-06-14,28.4,10.5,19.4,0.0,5.0,13.6,,,40.0,
2014-06-15,26.7,7.4,17.0,0.0,4.2,12.5,,,38.0,
2014-06-16,24.6,6.2,15.4,0.0,1.9,8.6,,,38.0,
2014-06-17,25.5,4.3,14.9,0.0,3.1,8.9,,,35.0,
2014-06-18,26.9,6.6,16.8,0.0,1.9,6.9,,,32.0,
2014-06-19,28.8,13.1,21.0,0.0,2.2,10.0,,,30.0,
2014-06-20,27.7,13.5,20.6,0.0,4.7,10.8,,,47.0,
2014-06-21,24.5,9.6,17.0,0.0,3.3,11.4,,,46.0,
2014-06-22,25.4,10.2,17.8,0.0,3.6,12.5,,,51.0,
2014-06-23,26.4,10.8,18.6,1.8,3.3,9.7,,,47.0,
2014-06-24,17.0,10.6,13.8,4.8,2.2,10.0,,,85.0,
2014-06-25,23.5,9.2,16.4,4.4,1.9,9.4,,,65.0,
2014-06-26,25.9,11.8,18.8,0.0,3.9,9.2,,,43.0,
2014-06-27,25.7,9.7,17.7,0.0,3.3,12.2,,,51.0,
2014-06-28,21.0,9.9,15.4,0.6,3.6,11.4,,,64.0,
2014-06-29,21.9,7.0,14.4,0.0,3.3,11.4,,,46.0,
2014-06-30,24.7,6.9,15.8,0.0,2.5,9.7,,,53.0,
2014-07-01,21.5,10.9,16.2,0.2,3.9,12.2,,,56.0,
2014-07-02,21.7,9.2,15.4,0.0,4.7,11.7,,,59.0,
2014-07-03,25.2,8.4,16.8,0.8,1.4,8.6,,,58.0,
2014-07-04,26.7,8.5,17.6,,3.1,,,,53.0,
2014-07-05,24.8,13.5,19.2,0.2,2.5,10.8,,,60.0,
2014-07-06,21.3,11.8,16.6,2.4,3.9,11.1,,,67.0,
2014-07-07,23.0,10.0,16.5,0.0,3.9,10.8,,,49.0,
2014-07-08,24.4,9.5,17.0,0.0,3.6,10.3,,,48.0,
2014-07-09,24.5,5.6,15.0,0.0,3.1,10.6,,,44.0,
2014-07-10,24.9,5.2,15.0,0.0,3.3,10.6,,,37.0,
2014-07-11,27.5,6.3,16.9,0.0,1.9,6.9,,,42.0,
2014-07-12,26.5,7.1,16.8,0.0,2.2,6.9,,,53.0,
2014-07-13,29.8,9.4,19.6,0.0,3.6,11.7,,,49.0,
2014-07-14,31.1,11.8,21.4,0.0,2.2,8.1,,,50.0,
2014-07-15,33.2,13.7,23.4,0.0,2.5,11.4,,,43.0,
2014-07-16,34.6,14.6,24.6,0.0,3.6,11.4,,,34.0,
2014-07-17,31.7,14.2,23.0,0.0,6.1,18.9,,,30.0,
2014-07-18,27.4,13.2,20.3,,5.3,13.6,,,27.0,
2014-07-19,18.6,11.4,15.0,8.2,,,,,,
2014-07-20,22.6,10.6,16.6,0.0,3.3,11.4,,,61.0,
2014-07-21,26.8,8.3,17.6,0.0,1.9,6.1,,,50.0,
2014-07-22,30.0,10.5,20.2,0.0,1.9,6.4,,,43.0,
2014-07-23,32.7,12.3,22.5,0.0,3.3,8.3,,,38.0,
2014-07-24,31.7,14.8,23.2,0.0,3.1,8.3,,,50.0,
2014-07-25,31.2,13.5,22.4,0.0,1.4,8.1,,,49.0,
2014-07-26,32.4,13.2,22.8,,,,,,,
2014-07-27,31.8,17.3,24.6,,2.8,7.5,,,39.0,
2014-07-28,30.7,13.3,22.0,,,,,,,
2014-07-29,27.1,9.3,18.2,0.0,1.7,9.2,,,42.0,
2014-07-30,28.0,7.1,17.6,0.0,2.2,6.7,,,45.0,
2014-07-31,32.0,9.8,20.9,0.0,3.3,8.6,,,45.0,
2014-08-01,27.0,13.0,20.0,0.0,3.3,11.4,,,56.0,
2014-08-02,22.4,12.4,17.4,19.2,2.5,12.8,,,66.0,
2014-08-03,24.7,8.8,16.8,0.4,2.5,8.3,,,59.0,
2014-08-04,28.0,9.0,18.5,0.0,2.2,10.0,,,51.0,
2014-08-05,29.7,10.3,20.0,0.0,3.1,8.6,,,45.0,
2014-08-06,28.3,12.1,20.2,0.0,3.9,11.4,,,53.0,
2014-08-07,29.7,14.1,21.9,0.0,2.8,11.1,,,53.0,
2014-08-08,27.5,13.7,20.6,0.0,2.5,10.0,,,60.0,
2014-08-09,27.0,15.1,21.0,0.0,2.5,9.4,,,61.0,
2014-08-10,25.9,12.4,19.2,0.0,3.1,10.3,,,62.0,
2014-08-11,29.2,12.2,20.7,0.0,3.1,11.1,,,53.0,
2014-08-12,24.0,11.3,17.6,0.2,4.4,12.2,,,63.0,
2014-08-13,22.6,8.2,15.4,0.0,4.4,10.0,,,47.0,
2014-08-14,24.8,6.6,15.7,0.0,2.8,11.1,,,52.0,
2014-08-15,26.6,6.9,16.8,0.0,3.3,10.0,,,47.0,
2014-08-16,24.4,6.1,15.2,0.0,2.2,7.2,,,46.0,
2014-08-17,30.5,6.4,18.4,0.0,1.9,7.2,,,43.0,
2014-08-18,31.3,11.8,21.6,0.0,3.9,13.9,,,36.0,
2014-08-19,28.5,7.4,18.0,0.0,3.1,9.2,,,49.0,
2014-08-20,25.9,9.5,17.7,0.0,3.3,10.8,,,43.0,
2014-08-21,27.4,8.0,17.7,0.0,2.2,8.3,,,51.0,
2014-08-22,25.9,12.7,19.3,0.0,3.1,9.4,,,51.0,
2014-08-23,26.9,10.4,18.6,0.0,1.7,8.3,,,57.0,
2014-08-24,30.9,6.8,18.8,0.0,3.9,10.3,,,39.0,
2014-08-25,32.4,12.5,22.4,0.0,2.5,11.7,,,36.0,
2014-08-26,26.8,18.0,22.4,0.0,4.2,13.6,,,62.0,
2014-08-27,32.5,14.9,23.7,0.0,2.8,11.4,,,48.0,
2014-08-28,29.0,13.2,21.1,0.0,3.3,11.1,,,59.0,
2014-08-29,28.3,9.0,18.6,0.0,1.7,6.9,,,49.0,
2014-08-30,28.4,9.7,19.0,0.0,1.7,6.1,,,52.0,
2014-08-31,30.3,9.4,19.8,0.0,2.8,7.2,,,43.0,
2014-09-01,31.4,10.9,21.2,0.0,2.2,6.7,,,32.0,
2014-09-02,33.2,11.1,22.2,1.2,1.9,12.8,,,35.0,
2014-09-03,30.8,13.9,22.4,0.0,3.6,10.8,,,49.0,
2014-09-04,29.5,13.9,21.7,0.0,2.5,7.2,,,55.0,
2014-09-05,29.9,10.9,20.4,0.0,2.5,6.7,,,54.0,
2014-09-06,27.5,14.4,21.0,0.2,2.2,8.6,,,64.0,
2014-09-07,20.1,12.5,16.3,9.4,2.2,16.1,,,88.0,
2014-09-08,24.5,10.2,17.4,0.0,1.7,8.9,,,68.0,
2014-09-09,27.2,10.0,18.6,0.0,2.2,6.7,,,58.0,
2014-09-10,28.7,11.2,20.0,0.0,2.2,8.3,,,49.0,
2014-09-11,26.6,13.7,20.2,0.0,1.9,7.8,,,57.0,
2014-09-12,27.5,12.4,20.0,0.0,1.9,10.0,,,57.0,
2014-09-13,27.7,13.1,20.4,0.0,3.1,8.9,,,60.0,
2014-09-14,23.1,10.3,16.7,2.2,1.9,16.9,,,72.0,
2014-09-15,21.8,9.7,15.8,0.2,1.9,10.8,,,82.0,
2014-09-16,20.4,13.0,16.7,6.4,5.0,16.4,,,77.0,
2014-09-17,22.2,11.1,16.6,0.8,5.0,14.7,,,78.0,
2014-09-18,20.3,11.1,15.7,2.4,8.1,17.5,,,78.0,
2014-09-19,20.6,12.2,16.4,1.4,4.4,12.5,,,83.0,
2014-09-20,22.1,8.2,15.2,0.0,3.1,10.3,,,65.0,
2014-09-21,26.2,8.5,17.4,3.8,1.1,6.7,,,60.0,
2014-09-22,20.7,12.0,16.4,3.4,4.2,10.0,,,81.0,
2014-09-23,20.9,12.7,16.8,0.2,2.5,6.7,,,77.0,
2014-09-24,21.8,8.2,15.0,0.0,1.4,6.4,,,58.0,
2014-09-25,22.2,3.3,12.8,0.0,1.1,5.8,,,54.0,
2014-09-26,23.3,4.5,13.9,0.0,1.1,5.6,,,58.0,
2014-09-27,23.1,4.5,13.8,1.8,3.9,12.5,,,72.0,
2014-09-28,20.1,9.1,14.6,0.2,1.4,8.9,,,78.0,
2014-09-29,23.1,6.5,14.8,0.0,1.7,6.1,,,66.0,
2014-09-30,23.4,9.5,16.4,0.0,1.1,6.7,,,63.0,
2014-10-01,25.0,7.4,16.2,0.0,1.1,7.5,,,57.0,
2014-10-02,25.5,7.0,16.2,0.0,1.1,5.3,,,61.0,
2014-10-03,26.3,8.2,17.2,0.0,1.1,6.9,,,60.0,
2014-10-04,23.4,9.7,16.6,0.0,2.2,8.6,,,59.0,
2014-10-05,21.8,8.0,14.9,0.0,0.8,3.9,,,67.0,
2014-10-06,18.0,9.0,13.5,0.2,1.4,6.7,,,77.0,
2014-10-07,19.8,8.5,14.2,5.0,2.5,11.7,,,67.0,
2014-10-08,18.4,12.0,15.2,44.4,3.1,13.3,,,96.0,
2014-10-09,19.1,9.2,14.2,0.0,3.3,7.8,,,75.0,
2014-10-10,18.5,7.0,12.8,0.0,1.1,5.8,,,72.0,
2014-10-11,16.7,6.4,11.6,5.4,1.4,6.7,,,69.0,
2014-10-12,16.2,9.4,12.8,5.8,1.7,12.2,,,85.0,
2014-10-13,14.4,7.7,11.0,3.2,4.7,12.5,,,85.0,
2014-10-14,16.9,7.7,12.3,0.4,1.7,7.5,,,81.0,
2014-10-15,16.4,7.8,12.1,20.4,1.4,7.5,,,91.0,
2014-10-16,17.8,12.6,15.2,8.8,5.0,17.2,,,95.0,
2014-10-17,17.9,12.6,15.2,0.0,6.7,15.0,,,83.0,
2014-10-18,21.7,12.2,17.0,0.0,5.8,14.7,,,70.0,
2014-10-19,24.3,11.2,17.8,0.0,0.8,5.3,,,69.0,
2014-10-20,26.6,9.4,18.0,0.0,1.4,5.3,,,65.0,
2014-10-21,26.8,11.5,19.2,0.0,3.1,10.0,,,49.0,
2014-10-22,22.2,8.6,15.4,0.0,1.4,4.7,,,71.0,
2014-10-23,25.2,7.3,16.2,0.2,1.1,3.6,,,57.0,
2014-10-24,23.0,9.0,16.0,0.0,1.1,4.7,,,63.0,
2014-10-25,24.2,7.7,16.0,0.0,0.6,4.4,,,64.0,
2014-10-26,24.9,7.6,16.2,0.0,0.6,5.0,,,57.0,
2014-10-27,22.8,6.9,14.8,0.0,1.1,7.8,,,59.0,
2014-10-28,20.8,5.6,13.2,0.0,1.9,6.7,,,69.0,
2014-10-29,22.6,8.3,15.4,0.0,1.1,5.6,,,63.0,
2014-10-30,22.1,5.9,14.0,0.0,1.4,6.1,,,69.0,
2014-10-31,21.3,7.2,14.2,0.0,2.8,10.3,,,60.0,
2014-11-01,20.8,7.9,14.4,0.0,1.7,6.9,,,73.0,
2014-11-02,16.8,5.3,11.0,0.0,1.9,12.2,,,76.0,
2014-11-03,9.6,3.8,6.7,11.6,3.1,13.3,,,93.0,
2014-11-04,9.4,2.9,6.2,,4.7,,,,80.0,
2014-11-05,11.9,2.5,7.2,,,,,,,
2014-11-06,10.0,3.6,6.8,0.7,1.4,,,,82.0,
2014-11-07,12.6,5.4,9.0,0.0,3.1,10.6,,,66.0,
2014-11-08,9.3,1.1,5.2,3.8,2.8,10.3,,,94.0,
2014-11-09,10.3,2.4,6.4,0.0,3.6,10.0,,,75.0,
2014-11-10,5.4,-1.8,1.8,4.6,2.2,,,,97.0,
2014-11-11,12.9,5.0,9.0,1.2,1.4,8.9,,,89.0,
2014-11-12,13.6,3.6,8.6,3.0,2.2,13.3,,,77.0,
2014-11-13,14.6,7.1,10.8,3.2,6.4,16.9,,,88.0,
2014-11-14,13.0,3.3,8.2,0.4,1.1,8.1,,,84.0,
2014-11-15,9.6,1.4,5.5,8.2,2.8,12.8,,,90.0,
2014-11-16,9.3,4.5,6.9,0.0,4.7,11.9,,,78.0,
2014-11-17,12.0,1.5,6.8,0.0,3.1,12.2,,,69.0,
2014-11-18,6.2,-1.0,2.6,0.4,0.8,4.7,,,90.0,
2014-11-19,8.4,5.7,7.0,18.8,0.6,5.6,,,99.0,
2014-11-20,16.4,8.1,12.2,0.0,0.6,,,,87.0,
2014-11-21,15.7,5.1,10.4,0.0,1.1,3.6,,,82.0,
2014-11-22,17.6,7.8,12.7,0.8,1.4,5.8,,,83.0,
2014-11-23,10.5,7.3,8.9,5.2,1.4,3.3,,,98.0,
2014-11-24,13.2,5.7,9.4,2.2,1.1,4.7,,,89.0,
2014-11-25,16.3,5.4,10.8,0.0,0.6,4.7,,,88.0,
2014-11-26,9.4,4.5,7.0,0.0,,,,,83.0,
2014-11-27,8.1,2.8,5.4,2.2,2.8,11.4,,,94.0,
2014-11-28,8.3,4.0,6.2,7.2,4.2,13.3,,,92.0,
2014-11-29,12.4,5.9,9.2,0.2,4.7,10.3,,,79.0,
2014-11-30,14.9,6.4,10.6,0.2,7.8,17.2,,,70.0,
2014-12-01,14.2,4.2,9.2,0.0,3.6,10.3,,,71.0,
2014-12-02,12.3,2.0,7.2,0.0,3.3,7.5,,,73.0,
2014-12-03,10.8,2.7,6.8,0.0,3.1,10.3,,,74.0,
2014-12-04,10.8,0.5,5.6,0.0,1.9,7.2,,,72.0,
2014-12-05,11.2,-1.1,5.0,0.0,1.7,9.2,,,70.0,
2014-12-06,8.5,-1.3,3.6,0.0,4.2,11.4,,,72.0,
2014-12-07,12.2,0.1,6.2,0.0,2.2,6.7,,,74.0,
2014-12-08,10.9,-0.5,5.2,0.0,3.6,11.1,,,77.0,
2014-12-09,12.7,0.1,6.4,0.0,1.7,7.2,,,69.0,
2014-12-10,15.3,-2.2,6.6,0.0,1.7,8.1,,,78.0,
2014-12-11,10.5,1.0,5.8,0.2,1.7,5.8,,,91.0,
2014-12-12,4.1,0.3,2.2,0.4,0.3,12.5,,,100.0,
2014-12-13,6.6,3.7,5.2,26.4,3.6,14.2,,,99.0,
2014-12-14,8.4,1.7,5.0,0.0,3.6,7.5,,,90.0,
2014-12-15,12.5,-0.6,6.0,0.2,1.4,6.1,,,78.0,
2014-12-16,13.8,4.7,9.2,0.0,3.6,9.7,,,75.0,
2014-12-17,14.7,1.2,8.0,0.0,2.2,8.1,,,73.0,
2014-12-18,8.7,-2.4,3.2,0.0,0.3,3.9,,,98.0,
2014-12-19,3.3,-6.3,-1.5,0.2,0.8,3.6,,,93.0,
2014-12-20,5.4,-2.6,1.4,0.2,0.3,3.3,,,94.0,
2014-12-21,14.9,-1.3,6.8,0.2,0.6,2.8,,,92.0,
2014-12-22,12.8,-2.2,5.3,0.0,0.6,3.1,,,66.0,
2014-12-23,8.9,-3.3,2.8,0.0,1.1,3.3,,,85.0,
2014-12-24,5.6,-0.7,2.4,0.0,0.6,4.2,,,90.0,
2014-12-25,13.8,0.8,7.3,0.0,2.2,7.5,,,73.0,
2014-12-26,11.5,-0.9,5.3,0.0,1.4,4.7,,,83.0,
2014-12-27,10.1,0.3,5.2,0.6,2.8,11.4,,,77.0,
2014-12-28,8.8,-1.4,3.7,0.0,5.6,12.2,,,73.0,
2014-12-29,9.4,-4.9,2.2,0.0,1.7,6.7,,,36.0,
2014-12-30,11.0,-6.6,2.2,0.0,1.4,4.4,,,37.0,
2014-12-31,13.9,-3.4,5.2,0.0,0.8,3.1,,,54.0,
2015-01-01,15.9,-3.1,6.4,0.0,0.6,3.3,,,54.0,
2015-01-02,13.6,-0.8,6.4,0.0,0.8,3.6,,,50.0,
2015-01-03,14.2,-1.1,6.6,0.0,0.8,3.3,,,58.0,
2015-01-04,14.9,0.7,7.8,0.0,0.6,3.3,,,56.0,
2015-01-05,14.2,-0.4,6.9,0.0,0.8,4.4,,,73.0,
2015-01-06,6.6,-3.6,1.5,0.0,1.1,4.2,,,94.0,
2015-01-07,8.8,-6.2,1.3,0.2,0.6,3.3,,,87.0,
2015-01-08,7.0,-6.2,0.4,0.2,0.8,3.9,,,98.0,
2015-01-09,11.0,-4.0,3.5,0.2,1.1,5.0,,,85.0,
2015-01-10,8.6,-3.9,2.4,0.6,0.6,3.6,,,92.0,
2015-01-11,10.7,-4.4,3.2,0.0,1.7,8.1,,,88.0,
2015-01-12,3.2,-0.6,1.3,0.4,0.8,3.1,,,98.0,
2015-01-13,2.5,-0.8,0.8,1.0,0.6,2.8,,,100.0,
2015-01-14,10.1,-3.6,3.2,0.0,1.1,3.6,,,96.0,
2015-01-15,6.5,0.5,3.5,2.6,3.9,14.7,,,97.0,
2015-01-16,5.2,-1.0,2.1,0.0,5.3,16.1,,,77.0,
2015-01-17,6.7,-2.0,2.4,0.0,1.9,9.2,,,74.0,
2015-01-18,1.9,-0.5,0.7,0.8,0.3,13.1,,,99.0,
2015-01-19,6.5,-1.4,2.6,0.0,3.3,12.8,,,71.0,
2015-01-20,6.8,-1.9,2.4,0.8,2.8,10.0,,,82.0,
2015-01-21,6.6,-0.3,3.2,0.2,3.9,14.4,,,82.0,
2015-01-22,7.2,-0.6,3.3,0.0,4.2,9.4,,,75.0,
2015-01-23,10.3,-2.2,4.0,0.0,2.2,6.4,,,72.0,
2015-01-24,15.7,-2.8,6.4,0.0,1.7,8.1,,,76.0,
2015-01-25,11.8,-1.8,5.0,0.0,1.1,4.7,,,75.0,
2015-01-26,14.9,-4.1,5.4,0.0,1.1,5.8,,,65.0,
2015-01-27,15.4,-2.4,6.5,0.0,0.8,6.4,,,66.0,
2015-01-28,12.2,-3.1,4.6,0.0,2.8,10.0,,,81.0,
2015-01-29,11.4,3.0,7.2,10.8,3.3,18.1,,,86.0,
2015-01-30,9.1,4.4,6.8,27.2,6.4,17.8,,,92.0,
2015-01-31,4.9,-0.9,2.0,0.0,5.6,15.8,,,79.0,
2015-02-01,5.5,-1.8,1.8,0.2,4.7,13.3,,,76.0,
2015-02-02,6.8,-0.2,3.3,5.4,1.4,10.8,,,89.0,
2015-02-03,5.9,-1.6,2.2,0.4,5.3,15.0,,,91.0,
2015-02-04,2.3,-4.0,-0.8,1.8,5.8,16.1,,,74.0,
2015-02-05,5.3,-2.8,1.2,0.0,3.9,14.7,,,70.0,
2015-02-06,3.4,-3.7,-0.2,0.0,2.8,8.3,,,75.0,
2015-02-07,6.4,-5.1,0.6,0.0,1.9,10.0,,,67.0,
2015-02-08,11.3,-6.1,2.6,0.0,1.9,8.9,,,65.0,
2015-02-09,11.3,-3.3,4.0,0.0,2.5,8.6,,,51.0,
2015-02-10,8.4,-5.0,1.7,0.0,1.1,7.5,,,67.0,
2015-02-11,6.8,-3.8,1.5,0.0,0.8,3.3,,,79.0,
2015-02-12,4.4,-1.6,1.4,0.6,0.8,3.9,,,93.0,
2015-02-13,9.2,-3.7,2.8,0.6,2.2,9.4,,,85.0,
2015-02-14,9.9,2.3,6.1,1.2,3.1,11.4,,,88.0,
2015-02-15,11.9,4.7,8.3,0.2,3.6,12.5,,,76.0,
2015-02-16,12.0,0.3,6.2,0.0,3.1,12.5,,,74.0,
2015-02-17,8.1,-0.5,3.8,0.0,6.9,16.7,,,60.0,
2015-02-18,9.5,-4.7,2.4,0.0,1.4,6.9,,,56.0,
2015-02-19,12.7,-4.4,4.2,0.0,1.7,6.4,,,63.0,
2015-02-20,5.8,1.7,3.8,7.4,1.4,7.5,,,90.0,
2015-02-21,8.8,1.9,5.4,0.0,7.2,20.6,,,68.0,
2015-02-22,11.7,1.7,6.7,0.0,4.4,14.2,,,77.0,
2015-02-23,13.2,0.7,7.0,2.2,5.0,15.3,,,79.0,
2015-02-24,7.3,0.5,3.9,0.2,5.8,18.1,,,74.0,
2015-02-25,11.7,2.2,7.0,0.0,4.7,13.3,,,78.0,
2015-02-26,11.7,5.9,8.8,0.0,4.2,11.9,,,75.0,
2015-02-27,14.2,1.2,7.7,0.0,2.8,10.6,,,53.0,
2015-02-28,14.4,3.9,9.2,0.0,2.5,10.0,,,80.0,
2015-03-01,13.2,7.9,10.6,0.0,2.5,9.4,,,81.0,
2015-03-02,14.5,8.0,11.2,0.0,2.5,9.4,,,83.0,
2015-03-03,18.0,6.5,12.2,0.0,3.6,11.1,,,77.0,
2015-03-04,12.0,-1.2,5.4,0.0,3.6,10.8,,,59.0,
2015-03-05,12.6,-5.0,3.8,0.0,1.7,8.3,,,52.0,
2015-03-06,21.4,0.0,10.7,0.0,2.2,5.8,,,24.0,
2015-03-07,22.7,0.1,11.4,0.0,1.7,4.7,,,34.0,
2015-03-08,24.5,2.5,13.5,0.0,2.2,6.1,,,34.0,
2015-03-09,22.6,-0.2,11.2,0.0,1.1,5.0,,,39.0,
2015-03-10,21.9,1.2,11.6,0.0,1.4,5.8,,,43.0,
2015-03-11,22.5,4.7,13.6,0.0,1.7,5.8,,,43.0,
2015-03-12,20.6,1.8,11.2,0.0,2.2,11.4,,,52.0,
2015-03-13,15.8,1.6,8.7,0.0,3.9,9.7,,,45.0,
2015-03-14,11.6,-3.7,4.0,0.0,3.9,10.8,,,54.0,
2015-03-15,8.8,-3.2,2.8,0.0,2.5,8.3,,,63.0,
2015-03-16,10.8,-1.5,4.6,0.0,1.4,7.5,,,61.0,
2015-03-17,11.9,-0.6,5.6,0.0,1.1,6.4,,,59.0,
2015-03-18,12.2,5.1,8.6,0.8,2.2,12.5,,,60.0,
2015-03-19,10.6,4.6,7.6,1.8,4.4,9.2,,,76.0,
2015-03-20,17.4,2.0,9.7,0.0,3.1,9.7,,,56.0,
2015-03-21,12.6,1.3,7.0,0.0,3.1,11.4,,,66.0,
2015-03-22,11.8,0.1,6.0,0.0,5.8,13.9,,,52.0,
2015-03-23,10.8,-4.4,3.2,0.8,4.2,14.7,,,60.0,
2015-03-24,13.5,0.0,6.8,0.0,7.5,15.0,,,52.0,
2015-03-25,10.9,-0.3,5.3,0.0,2.8,17.2,,,54.0,
2015-03-26,14.7,1.5,8.1,0.0,5.0,14.2,,,72.0,
2015-03-27,19.4,6.2,12.8,0.0,4.2,11.1,,,65.0,
2015-03-28,22.6,4.8,13.7,0.0,3.3,11.7,,,44.0,
2015-03-29,20.2,5.8,13.0,0.0,2.5,10.6,,,48.0,
2015-03-30,24.4,8.4,16.4,0.0,4.7,12.5,,,31.0,
2015-03-31,24.1,5.5,14.8,0.0,4.2,10.8,,,30.0,
2015-04-01,21.4,3.1,12.2,0.0,1.9,8.6,,,51.0,
2015-04-02,22.5,-0.3,11.1,0.0,1.4,6.7,,,37.0,
2015-04-03,25.6,3.4,14.5,0.0,2.5,9.7,,,30.0,
2015-04-04,18.2,-1.6,8.3,0.0,1.7,6.9,,,45.0,
2015-04-05,19.9,-1.1,9.4,0.0,2.5,7.2,,,49.0,
2015-04-06,21.3,-0.4,10.4,0.0,2.2,,,,37.0,
2015-04-07,20.8,4.9,12.8,0.0,2.8,9.4,,,37.0,
2015-04-08,17.2,3.1,10.2,0.0,1.7,8.3,,,50.0,
2015-04-09,11.6,5.2,8.4,16.2,1.1,6.9,,,79.0,
2015-04-10,14.0,4.8,9.4,4.6,3.1,7.8,,,85.0,
2015-04-11,17.1,3.6,10.4,0.0,2.2,6.4,,,65.0,
2015-04-12,20.6,4.9,12.8,0.0,2.8,8.9,,,53.0,
2015-04-13,22.7,6.1,14.4,0.0,2.8,10.6,,,42.0,
2015-04-14,22.8,7.0,14.9,0.0,2.8,10.3,,,43.0,
2015-04-15,13.1,5.6,9.4,11.8,2.5,8.3,,,86.0,
2015-04-16,14.9,3.7,9.3,1.2,3.6,10.6,,,79.0,
2015-04-17,16.0,6.3,11.2,0.4,5.0,13.6,,,65.0,
2015-04-18,12.0,1.3,6.6,6.4,1.9,11.9,,,72.0,
2015-04-19,16.1,3.3,9.7,0.0,3.1,8.9,,,57.0,
2015-04-20,19.2,1.0,10.1,0.0,1.9,6.4,,,54.0,
2015-04-21,21.6,6.5,14.0,0.4,2.5,8.1,,,48.0,
2015-04-22,16.0,5.7,10.8,3.8,2.5,13.1,,,76.0,
2015-04-23,20.8,2.3,11.6,0.0,1.7,7.5,,,55.0,
2015-04-24,12.1,8.1,10.1,3.6,2.5,12.2,,,81.0,
2015-04-25,15.3,7.2,11.2,3.8,5.8,11.9,,,81.0,
2015-04-26,15.9,6.2,11.0,0.2,2.8,13.6,,,68.0,
2015-04-27,15.4,3.8,9.6,0.0,3.9,11.7,,,63.0,
2015-04-28,13.9,2.0,8.0,0.0,2.5,7.5,,,68.0,
2015-04-29,17.8,4.9,11.4,0.0,4.4,9.7,,,54.0,
2015-04-30,18.5,7.6,13.0,1.0,1.4,6.4,,,68.0,
2015-05-01,17.7,10.4,14.0,0.2,2.5,8.1,,,81.0,
2015-05-02,20.2,11.6,15.9,0.8,4.7,13.1,,,64.0,
2015-05-03,17.3,9.4,13.4,4.8,3.3,9.2,,,88.0,
2015-05-04,16.4,9.1,12.8,7.6,9.4,22.8,,,89.0,
2015-05-05,15.4,4.8,10.1,0.4,1.9,12.5,,,61.0,
2015-05-06,17.8,3.0,10.4,0.0,3.1,8.1,,,49.0,
2015-05-07,22.5,6.6,14.6,3.2,6.4,16.7,,,47.0,
2015-05-08,21.2,8.4,14.8,0.0,3.6,10.8,,,66.0,
2015-05-09,23.7,7.0,15.4,0.0,1.7,6.7,,,46.0,
2015-05-10,26.6,9.5,18.0,0.0,3.9,11.4,,,43.0,
2015-05-11,28.1,10.0,19.0,0.0,4.7,11.7,,,45.0,
2015-05-12,29.2,11.9,20.6,0.0,4.4,12.8,,,42.0,
2015-05-13,30.9,11.9,21.4,0.0,4.2,15.0,,,30.0,
2015-05-14,17.0,4.8,10.9,0.0,3.6,12.8,,,52.0,
2015-05-15,21.2,4.4,12.8,0.0,3.9,11.1,,,47.0,
2015-05-16,27.3,4.7,16.0,0.0,2.5,10.6,,,45.0,
2015-05-17,26.3,6.0,16.2,0.0,2.2,6.9,,,45.0,
2015-05-18,27.2,7.4,17.3,0.0,3.6,12.2,,,40.0,
2015-05-19,18.4,3.3,10.8,0.0,4.2,10.0,,,47.0,
2015-05-20,17.2,2.6,9.9,0.0,4.2,11.1,,,50.0,
2015-05-21,17.8,1.1,9.4,0.0,3.9,10.3,,,46.0,
2015-05-22,21.8,1.2,11.5,0.0,3.1,9.7,,,41.0,
2015-05-23,23.9,2.0,13.0,0.0,1.9,12.5,,,39.0,
2015-05-24,21.2,4.4,12.8,0.0,2.5,10.3,,,48.0,
2015-05-25,25.8,5.7,15.8,0.0,3.1,9.4,,,42.0,
2015-05-26,26.6,4.1,15.4,0.0,4.4,10.6,,,35.0,
2015-05-27,26.4,5.0,15.7,0.0,2.5,6.7,,,42.0,
2015-05-28,29.8,7.0,18.4,0.0,2.5,6.7,,,37.0,
2015-05-29,27.0,9.1,18.0,0.0,2.5,8.6,,,35.0,
2015-05-30,24.9,4.7,14.8,0.0,3.1,10.8,,,39.0,
2015-05-31,24.5,6.8,15.6,0.0,4.2,11.1,,,56.0,
2015-06-01,25.6,10.4,18.0,0.0,2.2,10.3,,,55.0,
2015-06-02,29.5,8.1,18.8,0.0,1.9,7.5,,,38.0,
2015-06-03,30.7,9.0,19.8,0.0,2.5,15.3,,,36.0,
2015-06-04,30.7,16.7,23.7,1.8,2.5,11.1,,,42.0,
2015-06-05,26.8,12.2,19.5,6.2,3.3,12.2,,,69.0,
2015-06-06,28.6,8.9,18.8,0.0,1.9,6.9,,,59.0,
2015-06-07,31.0,10.8,20.9,0.0,3.1,8.9,,,47.0,
2015-06-08,31.8,14.2,23.0,0.0,2.5,16.9,,,41.0,
2015-06-09,25.8,10.2,18.0,31.2,1.1,10.8,,,52.0,
2015-06-10,15.1,11.2,13.2,13.4,,,,,94.0,
2015-06-11,21.5,9.5,15.5,13.8,,,,,62.0,
2015-06-12,17.1,6.4,11.8,0.0,,,,,59.0,
2015-06-13,16.9,4.3,10.6,0.8,,,,,54.0,
2015-06-14,16.5,7.7,12.1,3.8,,,,,78.0,
2015-06-15,21.4,9.0,15.2,,,,,,60.0,
2015-06-16,25.5,5.9,15.7,,,,,,48.0,
2015-06-17,26.0,6.6,16.3,,,,,,56.0,
2015-06-18,29.2,7.2,18.2,,,,,,43.0,
2015-06-19,30.3,8.3,19.3,,,,,,45.0,
2015-06-20,29.3,8.6,19.0,,,,,,35.0,
2015-06-21,31.7,11.0,21.4,,,,,,31.0,
2015-09-30,21.9,4.0,13.0,0.0,,,,,62.0,
2015-10-01,22.6,1.6,12.1,0.0,,,,,42.0,
2015-10-02,18.2,5.4,11.8,0.0,,,,,50.0,
2015-10-03,18.4,1.0,9.7,5.6,,,,,64.0,
2015-10-04,23.7,8.0,15.8,,,,,,83.0,
2015-10-07,18.4,3.7,11.0,,,,,,,
2015-10-08,19.7,5.0,12.4,,,,,,,
2015-10-09,19.1,1.7,10.4,0.0,2.2,7.5,,,68.0,
2015-10-10,17.7,5.4,11.6,5.4,1.9,9.7,,,80.0,
2015-10-11,16.3,11.4,13.8,16.6,2.8,5.8,,,92.0,
2015-10-12,16.0,7.0,11.5,2.4,1.9,8.3,,,92.0,
2015-10-13,19.1,2.6,10.8,0.0,1.9,6.1,,,68.0,
2015-10-14,15.9,1.2,8.6,0.0,1.4,5.0,,,72.0,
2015-10-15,16.9,-0.7,8.1,0.0,1.4,4.7,,,65.0,
2015-10-16,15.6,0.8,8.2,0.0,1.4,5.0,,,69.0,
2015-10-17,19.3,6.7,13.0,2.6,3.1,8.9,,,72.0,
2015-10-18,15.0,10.7,12.8,27.0,0.6,7.8,,,93.0,
2015-10-19,15.8,11.8,13.8,12.8,2.8,7.5,,,96.0,
2015-10-20,20.5,6.1,13.3,0.0,3.1,12.8,,,59.0,
2015-10-21,18.1,1.9,10.0,0.0,,5.8,,,,
2015-10-22,19.8,3.4,11.6,0.0,1.7,5.6,,,69.0,
2015-10-23,19.0,5.2,12.1,0.0,1.9,5.0,,,76.0,
2015-10-24,17.1,8.5,12.8,3.0,0.8,3.9,,,77.0,
2015-10-25,16.8,10.2,13.5,1.6,0.3,3.9,,,87.0,
2015-10-26,15.7,10.1,12.9,3.4,4.2,13.3,,,95.0,
2015-10-27,13.2,5.7,9.4,4.8,4.7,14.7,,,71.0,
2015-10-28,11.2,4.4,7.8,,0.3,,,,87.0,
2015-11-01,19.4,7.8,13.6,0.2,2.8,8.3,,,75.0,
2015-11-02,13.0,7.3,10.2,12.1,3.6,11.7,,,91.0,
2015-11-03,15.3,7.0,11.2,0.6,,,,,86.0,
2015-11-04,13.1,8.6,10.8,4.4,4.4,10.6,,,98.0,
2015-11-05,12.2,9.0,10.6,1.6,0.0,2.5,,,98.0,
2015-11-06,19.2,9.9,14.6,0.0,1.7,5.3,,,86.0,
2015-11-07,17.9,9.9,13.9,0.2,0.8,4.2,,,91.0,
2015-11-08,21.4,7.5,14.4,0.0,2.8,10.0,,,75.0,
2015-11-09,19.0,4.5,11.8,0.0,0.3,3.3,,,81.0,
2015-11-10,21.3,4.3,12.8,0.0,0.8,4.4,,,74.0,
2015-11-11,20.4,3.4,11.9,0.2,0.6,3.9,,,78.0,
2015-11-12,19.4,2.7,11.0,0.0,0.8,3.9,,,71.0,
2015-11-13,18.4,3.9,11.2,0.0,1.7,4.4,,,75.0,
2015-11-14,17.3,3.7,10.5,0.0,1.1,3.9,,,80.0,
2015-11-15,13.5,2.0,7.8,0.6,0.8,3.6,,,92.0,
2015-11-16,6.4,0.1,3.2,0.2,0.6,3.6,,,100.0,
2015-11-17,9.0,3.1,6.0,0.2,1.4,4.2,,,100.0,
2015-11-18,9.0,5.6,7.3,0.2,0.3,3.1,,,100.0,
2015-11-19,8.5,5.2,6.8,0.6,0.0,2.8,,,100.0,
2015-11-20,13.4,2.4,7.9,1.4,2.2,13.3,,,84.0,
2015-11-21,12.6,1.3,7.0,0.2,4.7,17.2,,,72.0,
2015-11-22,8.7,0.5,4.6,0.0,2.8,9.4,,,82.0,
2015-11-23,9.8,-3.1,3.4,0.0,3.9,7.5,,,61.0,
2015-11-24,13.2,2.4,7.8,0.0,2.5,9.7,,,78.0,
2015-11-25,14.8,6.4,10.6,0.0,5.8,13.3,,,56.0,
2015-11-26,14.9,6.0,10.4,0.0,6.1,14.7,,,64.0,
2015-11-27,18.6,5.4,12.0,0.0,2.2,6.4,,,73.0,
2015-11-28,13.8,0.6,7.2,0.0,2.2,5.3,,,73.0,
2015-11-29,12.8,-2.9,5.0,0.0,0.3,3.1,,,81.0,
2015-11-30,12.0,-2.9,4.6,0.2,1.1,3.3,,,84.0,
2015-12-01,12.1,-3.6,4.2,0.2,0.6,3.3,,,74.0,
2015-12-02,8.0,-2.0,3.0,0.0,0.3,3.3,,,75.0,
2015-12-03,7.1,3.4,5.2,0.0,0.0,2.8,,,94.0,
2015-12-04,13.0,2.9,8.0,0.0,0.3,2.8,,,90.0,
2015-12-05,9.0,0.2,4.6,0.2,0.3,3.3,,,96.0,
2015-12-06,11.8,-0.2,5.8,0.2,1.4,5.6,,,93.0,
2015-12-07,5.8,0.1,3.0,0.0,0.6,3.6,,,99.0,
2015-12-08,9.8,0.9,5.4,0.6,0.3,3.9,,,97.0,
2015-12-09,10.1,0.7,5.4,,1.1,,,,92.0,
2015-12-10,12.3,-0.3,6.0,,,,,,,
2015-12-11,6.9,0.5,3.7,,0.6,2.8,,,99.0,
2015-12-12,4.3,1.3,2.8,,,,,,,
2015-12-13,4.9,1.7,3.3,,,,,,,
2015-12-15,13.1,6.6,9.8,,,,,,,
2015-12-16,10.5,4.5,7.5,0.0,0.8,4.4,,,91.0,
2015-12-17,9.7,3.1,6.4,,1.4,3.6,,,86.0,
2015-12-18,9.2,6.1,7.6,,,,,,,
2015-12-19,13.4,5.2,9.3,,4.7,,,,,
2015-12-20,12.1,0.8,6.4,,1.4,,,,90.0,
2015-12-21,5.4,-2.3,1.6,,,,,,,
2015-12-22,3.1,0.7,1.9,,,,,,,
2015-12-24,6.8,3.9,5.4,0.2,0.6,3.9,,,100.0,
2015-12-25,7.8,5.3,6.6,0.0,0.8,3.6,,,99.0,
2015-12-26,7.7,3.9,5.8,0.0,0.0,5.0,,,99.0,
2015-12-27,12.0,-0.2,5.9,0.2,0.8,3.6,,,78.0,
2015-12-28,8.4,1.1,4.8,14.4,4.7,15.6,,,98.0,
2015-12-29,9.3,-0.2,4.6,0.0,1.9,5.3,,,96.0,
2015-12-30,9.2,2.7,6.0,,4.2,,,,97.0,
2016-04-01,13.0,-2.2,5.4,0.0,,,,,,
2016-04-02,12.9,-0.8,6.0,6.6,,,,,,
2016-04-03,10.7,3.5,7.1,8.9,,,,,,
2016-04-05,15.9,3.1,9.5,0.0,,,,,,
2016-04-06,20.5,-1.3,9.6,0.0,3.1,8.1,,,59.0,
2016-04-07,17.4,0.5,9.0,0.0,3.1,12.2,,,56.0,
2016-04-08,13.3,-1.9,5.7,0.0,2.8,9.7,,,52.0,
2016-04-09,14.3,2.5,8.4,0.0,3.3,12.8,,,61.0,
2016-04-10,8.8,0.2,4.5,3.8,6.7,17.2,,,68.0,
2016-04-11,12.0,0.0,6.0,0.2,5.0,15.6,,,62.0,
2016-04-12,12.4,3.5,8.0,3.0,4.4,15.8,,,75.0,
2016-04-13,13.8,2.5,8.2,1.8,4.4,17.8,,,65.0,
2016-04-14,12.0,4.7,8.4,8.4,6.7,17.8,,,85.0,
2016-04-15,10.0,4.7,7.4,10.2,3.3,12.2,,,94.0,
2016-04-16,13.6,3.9,8.8,3.6,3.9,12.8,,,82.0,
2016-04-17,12.4,0.1,6.2,3.0,3.1,8.1,,,87.0,
2016-04-18,15.9,3.0,9.4,3.2,2.2,7.8,,,73.0,
2016-04-19,13.3,8.2,10.8,14.4,1.1,12.5,,,92.0,
2016-04-20,13.9,6.9,10.4,15.8,1.7,7.8,,,91.0,
2016-04-21,15.6,5.9,10.8,1.0,4.4,12.5,,,79.0,
2016-04-22,16.1,6.6,11.4,1.6,1.9,7.8,,,73.0,
2016-04-23,14.7,5.4,10.0,4.6,2.5,11.1,,,88.0,
2016-04-24,18.3,3.8,11.0,0.2,1.1,7.5,,,63.0,
2016-04-25,17.5,4.7,11.1,0.0,3.3,7.2,,,70.0,
2016-04-26,21.7,4.0,12.8,0.0,2.8,10.8,,,46.0,
2016-04-27,13.3,4.6,9.0,0.0,2.5,5.8,,,73.0,
2016-04-28,14.8,5.1,10.0,0.0,2.8,7.8,,,65.0,
2016-04-29,17.5,1.8,9.6,0.0,1.4,8.6,,,58.0,
2016-04-30,14.3,1.7,8.0,0.0,3.9,10.3,,,47.0,
2016-05-01,19.4,-1.4,9.0,0.0,1.7,6.9,,,43.0,
2016-05-02,21.0,0.4,10.7,0.0,2.2,6.4,,,50.0,
2016-05-03,22.0,4.4,13.2,0.0,1.9,6.9,,,47.0,
2016-05-04,25.1,4.3,14.7,0.0,2.2,6.1,,,38.0,
2016-05-05,22.5,8.9,15.7,9.6,3.1,9.2,,,58.0,
2016-05-06,13.1,8.6,10.8,10.0,3.3,10.6,,,97.0,
2016-05-07,12.4,7.4,9.9,21.2,6.9,13.9,,,77.0,
2016-05-08,11.0,6.5,8.8,12.6,5.0,15.6,,,88.0,
2016-05-09,12.7,7.2,10.0,4.8,5.3,13.6,,,88.0,
2016-05-10,13.6,4.6,9.1,4.6,4.7,11.9,,,86.0,
2016-05-11,13.6,3.2,8.4,15.8,3.1,12.5,,,76.0,
2016-05-12,12.5,4.2,8.4,8.4,3.1,7.5,,,85.0,
2016-05-13,14.6,6.7,10.6,0.0,4.7,10.8,,,71.0,
2016-05-14,16.1,8.7,12.4,0.0,3.6,9.7,,,72.0,
2016-05-15,19.7,5.8,12.8,0.0,2.5,6.4,,,57.0,
2016-05-16,20.5,5.4,13.0,0.0,3.1,8.3,,,60.0,
2016-05-17,20.4,7.7,14.0,0.0,1.9,11.4,,,57.0,
2016-05-18,21.0,7.3,14.2,0.0,3.9,13.1,,,52.0,
2016-05-19,25.0,7.5,16.2,0.0,3.3,10.0,,,52.0,
2016-05-20,21.7,7.5,14.6,0.0,0.8,13.6,,,71.0,
2016-05-21,21.6,9.7,15.6,1.6,3.9,14.4,,,59.0,
2016-05-22,15.3,3.6,9.4,0.0,4.4,18.3,,,50.0,
2016-05-23,17.6,1.4,9.5,0.0,1.4,6.1,,,58.0,
2016-05-24,17.6,8.3,13.0,1.6,3.3,11.4,,,75.0,
2016-05-25,17.9,6.4,12.2,0.0,2.8,14.2,,,62.0,
2016-05-26,19.6,7.1,13.4,0.0,3.6,12.2,,,51.0,
2016-05-27,19.9,8.8,14.4,0.8,4.4,11.9,,,56.0,
2016-05-28,14.9,7.6,11.2,6.2,2.2,10.8,,,75.0,
2016-05-29,16.9,6.0,11.4,0.4,2.8,14.4,,,62.0,
2016-05-30,18.9,5.7,12.3,0.0,3.6,10.6,,,66.0,
2016-05-31,23.8,4.9,14.4,0.0,1.7,6.9,,,48.0,
2016-06-01,25.1,4.9,15.0,0.0,1.4,6.4,,,46.0,
2016-06-02,24.8,7.0,15.9,0.0,1.7,6.1,,,48.0,
2016-06-03,24.6,12.2,18.4,1.2,2.8,11.9,,,54.0,
2016-06-04,25.2,10.0,17.6,0.0,2.5,8.3,,,57.0,
2016-06-05,24.9,12.2,18.6,0.8,1.9,8.6,,,56.0,
2016-06-06,24.8,12.3,18.6,0.0,3.3,8.9,,,60.0,
2016-06-07,28.1,9.9,19.0,0.0,1.9,7.5,,,51.0,
2016-06-08,30.5,11.3,20.9,0.0,1.7,6.7,,,48.0,
2016-06-09,30.1,13.5,21.8,0.0,2.2,11.9,,,54.0,
2016-06-10,24.4,10.2,17.3,0.0,2.8,9.7,,,48.0,
2016-06-11,24.4,7.6,16.0,0.0,3.3,9.4,,,48.0,
2016-06-12,25.0,11.0,18.0,0.0,3.9,11.9,,,60.0,
2016-06-13,23.5,11.5,17.5,0.0,5.6,13.3,,,55.0,
2016-06-14,19.5,9.0,14.2,0.4,4.7,12.5,,,56.0,
2016-06-15,14.7,7.0,10.8,1.6,4.4,16.1,,,74.0,
2016-06-16,15.7,5.7,10.7,0.4,4.2,11.1,,,68.0,
2016-06-17,15.8,7.0,11.4,0.0,4.2,10.8,,,64.0,
2016-06-18,21.8,5.6,13.7,0.0,3.3,8.6,,,51.0,
2016-06-19,28.2,4.9,16.6,0.0,2.2,7.8,,,53.0,
2016-06-20,30.8,10.4,20.6,0.0,1.9,6.7,,,46.0,
2016-06-21,31.3,13.0,22.2,0.0,3.9,9.7,,,42.0,
2016-06-22,32.6,15.5,24.0,0.0,3.3,10.3,,,41.0,
2016-06-23,29.0,14.6,21.8,0.0,3.1,11.7,,,57.0,
2016-06-24,27.7,10.9,19.3,0.4,2.5,8.1,,,52.0,
2016-06-25,28.0,11.5,19.8,0.0,1.9,7.8,,,52.0,
2016-06-26,27.4,9.0,18.2,0.0,2.8,8.6,,,44.0,
2016-06-27,29.9,5.4,17.6,0.0,1.4,6.7,,,37.0,
2016-06-28,31.6,10.1,20.8,0.0,2.2,10.0,,,39.0,
2016-06-29,28.6,11.2,19.9,0.0,3.3,11.7,,,46.0,
2016-06-30,28.8,10.9,19.8,0.0,3.1,10.3,,,48.0,
2016-07-01,29.6,11.2,20.4,0.0,3.6,10.3,,,46.0,
2016-07-02,29.7,10.7,20.2,0.0,1.9,7.2,,,44.0,
2016-07-03,31.9,10.4,21.2,0.0,1.7,10.8,,,45.0,
2016-07-04,30.4,12.3,21.4,0.0,2.2,10.8,,,44.0,
2016-07-05,32.3,12.8,22.6,4.8,1.4,11.1,,,52.0,
2016-07-06,29.0,14.1,21.6,0.4,2.5,15.6,,,56.0,
2016-07-07,29.9,14.9,22.4,0.2,2.8,8.6,,,54.0,
2016-07-08,31.9,16.2,24.0,0.0,2.8,8.9,,,45.0,
2016-07-09,34.3,12.4,23.4,0.0,2.5,8.3,,,40.0,
2016-07-10,32.3,14.9,23.6,0.0,3.3,11.1,,,40.0,
2016-07-11,28.1,12.1,20.1,0.0,3.6,10.0,,,48.0,
2016-07-12,24.5,9.8,17.2,0.0,5.0,10.3,,,45.0,
2016-07-13,24.4,6.0,15.2,0.0,2.2,7.2,,,42.0,
2016-07-14,26.8,7.0,16.9,0.0,2.2,6.1,,,43.0,
2016-07-15,28.2,7.3,17.8,0.0,1.9,6.1,,,37.0,
2016-07-16,33.1,11.9,22.5,0.0,2.5,6.1,,,27.0,
2016-07-17,34.2,11.0,22.6,0.0,2.2,6.9,,,33.0,
2016-07-18,35.7,15.0,25.4,0.0,1.4,11.9,,,30.0,
2016-07-19,33.2,14.9,24.0,0.0,3.9,13.6,,,30.0,
2016-07-20,32.4,15.2,23.8,0.0,2.8,12.2,,,30.0,
2016-07-21,28.3,11.8,20.0,0.0,3.3,11.4,,,48.0,
2016-07-22,27.1,10.9,19.0,0.0,3.6,10.6,,,50.0,
2016-07-23,29.0,7.2,18.1,0.0,1.9,7.2,,,45.0,
2016-07-24,30.1,11.4,20.8,0.0,2.5,7.2,,,46.0,
2016-07-25,32.3,11.3,21.8,0.0,2.2,8.1,,,39.0,
2016-07-26,34.0,13.6,23.8,0.0,0.8,6.9,,,36.0,
2016-07-27,33.6,11.5,22.6,0.0,1.7,7.5,,,42.0,
2016-07-28,35.1,10.6,22.8,0.0,1.7,6.7,,,35.0,
2016-07-29,35.5,14.7,25.1,0.0,3.1,11.4,,,35.0,
2016-07-30,32.2,16.0,24.1,2.8,2.8,8.9,,,59.0,
2016-07-31,28.3,12.0,20.2,0.0,2.5,7.5,,,53.0,
2016-08-01,30.7,10.8,20.8,0.0,1.9,6.7,,,50.0,
2016-08-02,32.8,11.5,22.2,0.0,2.2,7.2,,,41.0,
2016-08-03,33.2,13.8,23.5,0.0,3.1,11.4,,,36.0,
2016-08-04,27.5,13.3,20.4,0.0,3.9,12.2,,,50.0,
2016-08-05,28.9,7.7,18.3,0.0,1.7,7.5,,,44.0,
2016-08-06,31.2,9.1,20.2,0.0,1.9,6.1,,,34.0,
2016-08-07,34.4,11.6,23.0,0.0,2.2,7.8,,,32.0,
2016-08-08,34.0,12.0,23.0,0.0,1.7,7.8,,,27.0,
2016-08-09,27.8,11.1,19.4,0.0,4.7,13.3,,,48.0,
2016-08-10,27.0,6.6,16.8,0.0,3.3,12.8,,,42.0,
2016-08-11,26.0,5.2,15.6,0.0,2.5,6.1,,,43.0,
2016-08-12,29.9,7.4,18.6,0.0,1.9,5.8,,,35.0,
2016-08-13,32.5,12.4,22.4,0.0,1.7,7.2,,,31.0,
2016-08-14,32.9,13.0,23.0,6.0,2.2,15.6,,,37.0,
2016-08-15,34.2,16.1,25.2,2.4,2.2,14.2,,,39.0,
2016-08-16,32.1,13.0,22.6,0.0,2.5,8.6,,,38.0,
2016-08-17,28.1,13.8,21.0,0.0,3.9,11.1,,,54.0,
2016-08-18,30.6,9.8,20.2,0.0,1.9,7.5,,,48.0,
2016-08-19,26.7,15.0,20.8,0.0,1.9,10.3,,,54.0,
2016-08-20,27.4,9.0,18.2,0.0,3.1,8.3,,,40.0,
2016-08-21,27.0,7.4,17.2,0.0,1.7,6.7,,,45.0,
2016-08-22,33.2,10.6,21.9,0.0,1.9,6.9,,,39.0,
2016-08-23,34.6,13.6,24.1,0.0,2.2,8.9,,,36.0,
2016-08-24,33.9,17.7,25.8,0.0,3.6,13.1,,,44.0,
2016-08-25,33.0,15.3,24.2,4.4,2.8,12.2,,,36.0,
2016-08-26,28.4,15.5,22.0,0.8,3.1,10.3,,,63.0,
2016-08-27,33.4,13.1,23.2,0.0,1.9,12.5,,,46.0,
2016-08-28,30.4,12.8,21.6,0.0,3.1,10.6,,,43.0,
2016-08-29,26.7,8.7,17.7,0.0,1.9,5.8,,,50.0,
2016-08-30,28.0,8.3,18.2,0.0,1.9,6.1,,,47.0,
2016-08-31,28.4,10.8,19.6,0.0,1.7,6.4,,,47.0,
2016-09-01,31.4,10.7,21.0,0.0,1.7,6.1,,,46.0,
2016-09-02,33.1,13.1,23.1,0.0,2.2,7.2,,,45.0,
2016-09-04,33.5,13.2,23.4,0.0,2.8,9.7,,,40.0,
2016-09-05,34.3,11.5,22.9,0.0,1.7,8.1,,,36.0,
2016-09-06,34.3,12.6,23.4,0.0,1.9,6.4,,,42.0,
2016-09-07,35.6,14.9,25.2,0.0,2.8,10.8,,,31.0,
2016-09-08,27.4,12.3,19.8,0.0,2.5,7.2,,,60.0,
2016-09-09,29.3,9.8,19.6,0.0,2.5,9.7,,,47.0,
2016-09-10,29.5,9.5,19.5,0.0,1.1,8.9,,,46.0,
2016-09-11,30.1,11.3,20.7,0.0,2.5,6.9,,,56.0,
2016-09-12,30.2,12.4,21.3,0.0,4.2,16.1,,,45.0,
2016-09-13,17.3,8.8,13.0,18.2,2.2,13.6,,,80.0,
2016-09-14,11.9,7.5,9.7,1.4,2.8,13.1,,,76.0,
2016-09-15,15.1,8.1,11.6,0.2,3.9,13.6,,,74.0,
2016-09-16,24.0,9.9,17.0,0.0,3.3,13.3,,,58.0,
2016-09-17,19.2,6.2,12.7,0.0,1.1,4.7,,,67.0,
2016-09-18,24.9,4.1,14.5,0.0,1.4,6.4,,,58.0,
2016-09-19,23.8,5.2,14.5,0.0,1.9,6.1,,,61.0,
2016-09-20,22.9,9.1,16.0,0.0,1.1,7.8,,,63.0,
2016-09-21,25.7,6.0,15.8,0.0,1.4,6.1,,,63.0,
2016-09-22,24.0,9.3,16.6,0.0,1.4,6.1,,,58.0,
2016-09-23,26.2,7.7,17.0,0.0,1.1,5.8,,,58.0,
2016-09-24,24.0,7.4,15.7,2.4,2.5,13.6,,,52.0,
2016-09-25,23.2,9.3,16.2,0.0,2.5,7.2,,,59.0,
2016-09-26,23.5,9.2,16.4,0.0,1.9,8.6,,,53.0,
2016-09-27,28.4,9.7,19.0,0.0,2.2,7.5,,,61.0,
2016-09-28,26.1,8.0,17.0,0.0,1.4,6.1,,,66.0,
2016-09-29,26.6,10.5,18.6,0.0,1.4,5.0,,,54.0,
2016-09-30,24.5,9.8,17.2,0.0,1.1,7.2,,,60.0,
2016-10-01,22.5,7.8,15.2,0.0,2.2,9.2,,,57.0,
2016-10-02,23.7,6.1,14.9,0.0,1.7,5.6,,,56.0,
2016-10-03,24.7,4.1,14.4,0.0,2.2,7.8,,,59.0,
2016-10-04,26.4,6.6,16.5,0.0,1.7,9.7,,,56.0,
2016-10-05,23.5,4.9,14.2,0.0,1.4,4.7,,,60.0,
2016-10-06,24.3,9.6,17.0,0.0,1.4,6.4,,,50.0,
2016-10-07,25.2,3.5,14.4,0.0,2.5,6.7,,,41.0,
2016-10-08,23.0,6.2,14.6,0.0,1.1,6.1,,,54.0,
2016-10-09,20.9,7.8,14.4,0.0,,7.2,,,,
2016-10-10,19.2,4.7,12.0,0.0,1.7,6.9,,,63.0,
2016-10-11,18.6,3.9,11.2,1.6,1.4,8.1,,,67.0,
2016-10-12,13.6,9.5,11.6,1.4,2.2,6.7,,,96.0,
2016-10-13,19.3,9.2,14.2,0.2,2.5,8.6,,,75.0,
2016-10-14,19.0,5.4,12.2,0.0,3.3,9.2,,,61.0,
2016-10-15,15.9,5.5,10.7,0.0,5.8,14.2,,,80.0,
2016-10-16,16.0,10.0,13.0,0.0,2.5,13.1,,,81.0,
2016-10-17,16.0,9.9,13.0,0.0,1.1,3.3,,,87.0,
2016-10-18,18.4,10.5,14.4,0.0,1.1,5.0,,,77.0,
2016-10-19,19.4,10.1,14.8,0.0,0.8,4.7,,,72.0,
2016-10-20,18.9,7.4,13.2,0.0,1.4,7.2,,,72.0,
2016-10-21,16.1,5.8,11.0,0.0,0.8,3.6,,,71.0,
2016-10-22,11.9,6.2,9.0,11.8,0.6,10.3,,,92.0,
2016-10-23,14.8,7.0,10.9,2.2,4.2,13.3,,,81.0,
2016-10-24,12.0,7.3,9.6,0.6,1.7,6.9,,,90.0,
2016-10-25,17.2,8.8,13.0,0.2,0.6,3.9,,,85.0,
2016-10-26,24.3,7.6,16.0,0.0,1.1,4.4,,,68.0,
2016-10-27,23.4,6.9,15.2,0.0,1.4,6.1,,,67.0,
2016-10-28,25.4,5.5,15.4,0.0,1.1,3.9,,,56.0,
2016-10-29,26.4,6.9,16.6,0.0,0.8,5.0,,,58.0,
2016-10-30,25.4,5.4,15.4,0.0,0.8,4.2,,,56.0,
2016-10-31,23.0,3.0,13.0,0.0,,5.3,,,52.0,
2016-11-01,19.1,2.8,11.0,0.0,0.0,2.8,,,56.0,
2016-11-02,20.9,4.9,12.9,0.0,1.1,7.2,,,58.0,
2016-11-03,19.5,3.2,11.4,0.8,1.9,8.3,,,71.0,
2016-11-04,12.1,4.9,8.5,3.2,1.4,3.9,,,96.0,
2016-11-05,13.6,2.0,7.8,,2.8,10.3,,,78.0,
2016-11-06,9.2,0.8,5.0,,3.9,11.1,,,75.0,
2016-11-07,9.5,0.0,4.8,,2.5,9.4,,,70.0,
2016-11-08,9.9,0.2,5.0,,4.4,10.8,,,74.0,
2016-11-09,11.1,3.0,7.0,,2.8,16.1,,,67.0,
2016-11-10,13.0,2.0,7.5,,2.5,10.0,,,71.0,
2016-11-11,14.9,1.3,8.1,,0.8,5.0,,,78.0,
2016-11-12,11.0,2.8,6.9,,0.6,3.9,,,96.0,
2016-11-13,16.8,2.6,9.7,,3.3,6.4,,,81.0,
2016-11-14,17.3,-0.2,8.6,,0.8,4.7,,,75.0,
2016-11-15,17.1,-1.4,7.8,,1.1,5.0,,,63.0,
2016-11-16,23.1,2.7,12.9,,1.1,4.2,,,66.0,
2016-11-17,19.6,3.9,11.8,,1.9,6.9,,,73.0,
2016-11-18,11.4,4.9,8.2,,2.5,9.2,,,70.0,
2016-11-19,11.8,3.4,7.6,,1.9,8.3,,,68.0,
2016-11-20,10.9,5.3,8.1,,2.2,16.1,,,95.0,
2016-11-21,9.2,-1.4,3.9,,2.8,13.6,,,76.0,
2016-11-22,9.1,-1.6,3.8,,1.4,5.8,,,84.0,
2016-11-23,6.7,0.7,3.7,,3.1,8.9,,,68.0,
2016-11-24,3.8,1.9,2.8,,4.2,10.8,,,90.0,
2016-11-25,8.8,0.5,4.6,,1.9,7.2,,,80.0,
2016-11-26,7.4,2.7,5.0,,2.5,8.6,,,86.0,
2016-11-27,12.6,4.0,8.3,,1.7,6.4,,,86.0,
2016-11-28,14.0,0.0,7.0,,1.4,5.3,,,73.0,
2016-11-29,10.6,2.6,6.6,,1.1,5.6,,,,
2016-11-30,13.1,5.4,9.2,0.0,1.1,5.0,,,80.0,
2016-12-01,9.7,2.4,6.0,0.0,1.1,3.6,,,84.0,
2016-12-02,9.1,2.3,5.7,0.0,0.6,3.1,,,88.0,
2016-12-03,12.6,5.3,9.0,3.2,0.8,5.6,,,81.0,
2016-12-04,9.0,5.7,7.4,1.8,1.7,4.7,,,97.0,
2016-12-05,15.7,4.8,10.2,0.0,1.7,3.9,,,90.0,
2016-12-06,14.9,2.8,8.8,0.0,0.8,4.2,,,83.0,
2016-12-07,9.9,1.5,5.7,0.4,0.3,2.8,,,97.0,
2016-12-08,9.2,0.9,5.0,0.0,0.6,3.3,,,94.0,
2016-12-09,8.9,-0.7,4.1,0.2,0.3,2.8,,,99.0,
2016-12-10,12.9,-1.0,6.0,0.0,0.8,3.6,,,85.0,
2016-12-11,15.6,-0.1,7.8,0.2,0.3,3.6,,,82.0,
2016-12-12,17.4,2.0,9.7,0.0,1.1,4.2,,,69.0,
2016-12-13,10.8,0.4,5.6,0.2,1.4,5.6,,,87.0,
2016-12-14,5.7,2.9,4.3,1.4,1.7,5.3,,,100.0,
2016-12-15,7.3,-0.4,3.4,3.2,2.5,9.7,,,86.0,
2016-12-16,7.3,0.0,3.6,,1.7,8.1,,,94.0,
2016-12-17,14.1,1.9,8.0,0.2,1.4,7.8,,,73.0,
2016-12-18,11.1,-0.6,5.2,0.0,1.9,6.4,,,68.0,
2016-12-20,10.5,0.5,5.5,0.0,2.8,7.8,,,73.0,
2016-12-21,8.5,3.1,5.8,0.8,0.8,3.3,,,90.0,
2016-12-22,15.4,3.2,9.3,0.0,0.8,5.8,,,89.0,
2016-12-23,11.9,3.2,7.6,0.2,1.1,4.4,,,91.0,
2016-12-24,4.6,1.7,3.2,0.4,0.8,2.5,,,99.0,
2016-12-25,8.7,-3.1,2.8,0.2,0.6,3.1,,,92.0,
2016-12-26,14.7,-4.8,5.0,0.0,0.8,3.1,,,64.0,
2016-12-27,16.0,-2.5,6.8,0.0,0.3,3.3,,,47.0,
2016-12-28,18.5,-1.1,8.7,0.0,0.6,3.3,,,57.0,
2016-12-29,18.9,-1.9,8.5,0.0,0.8,2.8,,,51.0,
2016-12-30,14.9,-3.6,5.6,0.0,1.4,3.6,,,49.0,
2016-12-31,11.4,-4.9,3.2,0.0,0.8,3.3,,,53.0,
2017-01-01,7.5,-5.5,1.0,0.0,0.6,3.3,,,73.0,
2017-01-02,4.3,-3.9,0.2,0.2,0.0,2.8,,,97.0,
2017-01-03,12.2,1.2,6.7,0.0,0.8,5.3,,,82.0,
2017-01-04,15.4,1.9,8.6,0.0,1.7,6.9,,,81.0,
2017-01-05,4.3,-2.9,0.7,0.2,0.6,2.8,,,99.0,
2017-01-06,15.8,-3.8,6.0,0.2,0.8,4.7,,,55.0,
2017-01-07,14.8,-4.0,5.4,0.0,1.1,3.6,,,33.0,
2017-01-08,16.0,-2.8,6.6,0.0,1.4,5.0,,,45.0,
2017-01-09,11.9,-3.2,4.4,0.0,0.8,4.2,,,74.0,
2017-01-10,13.4,5.9,9.6,0.0,3.3,11.1,,,74.0,
2017-01-11,18.5,3.5,11.0,0.0,3.3,11.7,,,68.0,
2017-01-12,13.1,0.9,7.0,0.0,2.8,12.5,,,75.0,
2017-01-13,5.8,-0.3,2.8,0.0,3.3,13.1,,,66.0,
2017-01-14,8.6,-1.9,3.4,0.0,3.1,10.0,,,65.0,
2017-01-15,9.8,0.2,5.0,0.0,3.9,8.6,,,73.0,
2017-01-16,11.7,-0.4,5.6,0.0,3.6,9.2,,,68.0,
2017-01-17,12.9,-2.0,5.4,0.0,6.4,12.2,,,52.0,
2017-01-18,7.5,-7.7,-0.1,0.0,1.9,8.6,,,48.0,
2017-01-19,6.1,-11.4,-2.6,0.0,1.1,4.7,,,59.0,
2017-01-20,9.0,-4.4,2.3,0.0,1.1,5.8,,,51.0,
2017-01-21,11.4,-2.7,4.4,0.0,1.7,5.6,,,67.0,
2017-01-22,13.4,-4.4,4.5,0.0,1.4,8.3,,,67.0,
2017-01-23,13.0,-4.2,4.4,0.0,2.2,5.8,,,59.0,
2017-01-24,12.1,-5.8,3.2,0.0,1.1,5.3,,,49.0,
2017-01-25,11.8,-5.5,3.2,0.0,1.1,5.8,,,52.0,
2017-01-26,1.5,-3.7,-1.1,4.6,0.6,4.7,,,88.0,
2017-01-27,9.1,1.3,5.2,0.0,2.5,12.8,,,92.0,
2017-01-28,8.5,-0.3,4.1,1.8,1.9,9.2,,,78.0,
2017-01-29,6.9,2.1,4.5,0.8,1.1,4.2,,,98.0,
2017-01-30,9.0,4.2,6.6,0.2,1.9,11.1,,,95.0,
2017-01-31,10.3,5.1,7.7,0.0,2.8,10.0,,,80.0,
2017-02-01,15.0,4.4,9.7,1.0,1.7,15.6,,,79.0,
2017-02-02,9.0,0.6,4.8,7.4,4.2,18.1,,,80.0,
2017-02-03,9.9,2.2,6.0,11.8,7.5,23.6,,,69.0,
2017-02-04,9.3,4.4,6.8,25.8,1.9,21.4,,,96.0,
2017-02-05,6.1,0.0,3.0,6.4,6.1,20.3,,,75.0,
2017-02-06,12.1,2.7,7.4,1.0,2.8,11.1,,,79.0,
2017-02-07,10.2,0.5,5.4,0.2,3.9,12.2,,,73.0,
2017-02-08,12.3,-0.8,5.8,0.0,1.7,11.4,,,55.0,
2017-02-09,7.1,-1.8,2.6,0.2,1.1,4.7,,,73.0,
2017-02-10,6.1,0.0,3.0,2.4,3.1,8.6,,,81.0,
2017-02-11,9.7,1.0,5.4,1.8,1.9,7.2,,,80.0,
2017-02-12,6.8,2.5,4.6,40.2,4.2,11.9,,,95.0,
2017-02-13,11.0,0.7,5.8,6.2,2.5,14.2,,,86.0,
2017-02-14,8.8,0.6,4.7,1.2,5.0,10.0,,,93.0,
2017-02-15,12.4,4.1,8.2,0.2,1.1,6.1,,,85.0,
2017-02-16,14.6,1.8,8.2,0.2,1.7,4.7,,,70.0,
2017-02-17,15.9,-1.3,7.3,0.2,1.1,5.0,,,65.0,
2017-02-18,8.8,2.2,5.5,5.0,1.4,7.2,,,91.0,
2017-02-19,16.6,-0.1,8.2,0.2,0.8,4.7,,,62.0,
2017-02-20,17.0,-2.2,7.4,1.0,0.8,4.7,,,63.0,
2017-02-22,20.2,0.2,10.2,0.0,1.4,4.7,,,58.0,
2017-02-23,21.7,1.5,11.6,0.0,1.1,7.5,,,51.0,
2017-02-24,16.2,2.3,9.2,0.0,1.4,6.1,,,64.0,
2017-02-25,18.3,-2.5,7.9,0.0,1.4,5.8,,,62.0,
2017-02-26,16.7,3.6,10.2,0.0,2.5,7.8,,,56.0,
2017-02-27,13.7,2.8,8.2,0.4,4.4,14.2,,,67.0,
2017-02-28,8.7,4.8,6.8,2.2,5.6,13.9,,,76.0,
2017-03-01,14.8,3.2,9.0,0.0,2.2,11.7,,,73.0,
2017-03-02,12.3,3.5,7.9,0.0,2.2,7.2,,,84.0,
2017-03-03,7.8,0.5,4.2,1.8,2.2,15.0,,,87.0,
2017-03-04,8.4,-1.0,3.7,0.8,3.3,11.7,,,70.0,
2017-03-05,11.7,2.5,7.1,4.2,2.8,10.6,,,88.0,
2017-03-06,17.2,7.8,12.5,0.0,3.1,12.8,,,59.0,
2017-03-07,14.6,5.7,10.2,0.0,2.5,11.4,,,70.0,
2017-03-08,21.3,2.6,12.0,0.0,1.1,5.6,,,62.0,
2017-03-09,25.6,1.7,13.6,0.0,1.1,6.1,,,54.0,
2017-03-10,24.5,2.6,13.6,0.0,2.8,10.6,,,49.0,
2017-03-11,18.4,5.6,12.0,0.0,3.6,12.5,,,60.0,
2017-03-12,11.2,1.7,6.4,0.4,5.3,15.6,,,70.0,
2017-03-13,12.5,1.4,7.0,0.0,6.4,15.0,,,55.0,
2017-03-14,20.8,-0.2,10.3,0.0,2.2,10.3,,,52.0,
2017-03-15,21.2,-0.2,10.5,0.0,2.2,6.9,,,42.0,
2017-03-16,19.7,4.0,11.8,0.0,1.7,7.5,,,44.0,
2017-03-17,22.4,-0.1,11.2,0.0,1.9,6.9,,,41.0,
2017-03-18,23.2,2.5,12.8,0.0,1.9,5.8,,,45.0,
2017-03-19,24.9,1.3,13.1,0.0,1.4,5.6,,,43.0,
2017-03-20,22.4,2.4,12.4,0.0,3.6,10.0,,,48.0,
2017-03-21,12.0,2.4,7.2,3.8,1.7,11.7,,,72.0,
2017-03-22,7.7,-0.9,3.4,1.4,3.9,11.9,,,78.0,
2017-03-23,5.8,-2.1,1.8,0.0,2.8,9.7,,,67.0,
2017-03-24,7.8,-0.2,3.8,1.2,1.9,10.3,,,72.0,
2017-03-25,8.4,-1.0,3.7,0.2,2.5,7.5,,,71.0,
2017-03-26,7.3,1.7,4.5,10.2,4.2,11.7,,,90.0,
2017-03-27,13.0,3.6,8.3,0.0,4.7,11.1,,,73.0,
2017-03-28,16.0,1.5,8.8,0.0,3.3,9.4,,,66.0,
2017-03-29,19.1,3.0,11.0,0.0,3.6,10.6,,,64.0,
2017-03-30,17.9,4.3,11.1,0.6,4.2,15.8,,,60.0,
2017-03-31,14.2,4.2,9.2,0.0,3.1,10.8,,,68.0,
2017-04-01,13.8,3.1,8.4,0.0,3.9,14.4,,,60.0,
2017-04-02,19.4,-0.1,9.6,0.0,1.9,6.4,,,49.0,
2017-04-03,21.9,-0.6,10.6,0.0,2.2,8.1,,,55.0,
2017-04-04,22.3,2.1,12.2,0.0,2.2,8.3,,,40.0,
2017-04-05,18.2,-0.8,8.7,0.0,3.1,8.1,,,58.0,
2017-04-06,21.7,-0.2,10.8,0.0,2.2,7.2,,,51.0,
2017-04-07,23.9,1.1,12.5,0.0,2.2,6.7,,,36.0,
2017-04-08,24.1,2.3,13.2,0.0,1.7,6.9,,,40.0,
2017-04-09,24.1,6.5,15.3,0.0,1.9,7.8,,,41.0,
2017-04-10,25.7,8.9,17.3,0.0,1.7,7.8,,,33.0,
2017-04-11,26.1,4.7,15.4,0.0,2.5,9.2,,,38.0,
2017-04-12,26.6,2.4,14.5,0.0,1.9,8.6,,,33.0,
2017-04-13,24.3,6.3,15.3,0.0,2.8,10.6,,,27.0,
2017-04-14,23.2,7.8,15.5,0.0,2.8,11.1,,,46.0,
2017-04-15,21.9,5.3,13.6,0.0,1.7,6.7,,,48.0,
2017-04-16,23.5,3.0,13.2,0.0,1.4,6.7,,,44.0,
2017-04-17,25.3,3.7,14.5,0.2,4.2,20.8,,,43.0,
2017-04-18,23.2,5.7,14.4,0.0,2.5,9.2,,,30.0,
2017-04-19,20.3,4.6,12.4,0.0,3.3,10.8,,,34.0,
2017-04-20,21.6,4.3,13.0,0.0,3.1,11.4,,,23.0,
2017-04-21,23.7,4.1,13.9,0.0,3.1,8.6,,,26.0,
2017-04-22,24.2,5.1,14.6,0.0,1.9,5.8,,,25.0,
2017-04-23,26.1,5.1,15.6,0.0,1.9,6.7,,,29.0,
2017-04-24,24.4,5.1,14.8,0.2,2.2,15.3,,,44.0,
2017-04-25,19.3,5.2,12.2,0.0,3.6,14.2,,,54.0,
2017-04-26,8.8,-2.3,3.2,0.0,4.2,11.7,,,52.0,
2017-04-27,13.0,-3.9,4.6,0.0,5.3,11.4,,,39.0,
2017-04-28,16.4,-2.7,6.8,0.0,2.8,8.9,,,32.0,
2017-04-29,17.9,-1.2,8.4,0.8,4.4,16.1,,,41.0,
2017-04-30,9.4,1.4,5.4,3.6,3.9,21.7,,,87.0,
2017-05-01,16.4,1.1,8.8,0.2,2.8,9.2,,,62.0,
2017-05-02,24.7,6.5,15.6,0.0,2.5,8.3,,,48.0,
2017-05-03,27.8,4.1,16.0,0.0,2.2,8.3,,,40.0,
2017-05-04,22.6,7.5,15.0,0.0,2.5,6.7,,,48.0,
2017-05-05,16.6,6.1,11.4,2.6,6.4,16.1,,,73.0,
2017-05-06,16.6,3.3,10.0,0.0,1.4,10.3,,,63.0,
2017-05-07,24.3,4.0,14.2,0.0,1.4,7.8,,,48.0,
2017-05-08,26.5,8.2,17.4,0.0,1.9,6.4,,,43.0,
2017-05-09,24.1,9.9,17.0,0.0,1.4,19.2,,,42.0,
2017-05-10,18.2,8.2,13.2,3.4,3.6,15.0,,,67.0,
2017-05-11,15.6,7.6,11.6,1.2,6.1,15.8,,,74.0,
2017-05-12,16.4,7.3,11.8,4.8,3.3,13.3,,,82.0,
2017-05-13,16.0,5.2,10.6,0.2,3.6,13.9,,,69.0,
2017-05-14,19.7,4.3,12.0,0.0,3.6,13.6,,,62.0,
2017-05-15,23.6,7.6,15.6,0.0,2.2,8.6,,,58.0,
2017-05-16,27.0,12.0,19.5,1.4,2.2,8.6,,,52.0,
2017-05-17,19.3,11.4,15.4,4.8,1.7,10.0,,,75.0,
2017-05-18,16.0,5.4,10.7,0.0,4.4,11.7,,,51.0,
2017-05-19,16.2,4.3,10.2,0.0,4.4,13.1,,,48.0,
2017-05-20,23.0,3.5,13.2,0.0,2.5,7.5,,,48.0,
2017-05-21,27.0,8.9,18.0,0.0,3.1,9.2,,,43.0,
2017-05-22,27.6,12.0,19.8,4.4,1.9,10.3,,,52.0,
2017-05-23,29.3,10.3,19.8,0.0,1.9,8.6,,,36.0,
2017-05-24,31.5,11.0,21.2,0.0,1.9,7.2,,,30.0,
2017-05-25,30.5,12.4,21.4,5.4,3.3,12.8,,,40.0,
2017-05-26,21.8,11.1,16.4,8.0,2.8,15.3,,,75.0,
2017-05-27,23.4,9.7,16.6,0.0,2.5,9.2,,,67.0,
2017-05-28,20.2,11.7,16.0,2.8,5.3,14.7,,,69.0,
2017-05-29,21.3,10.6,16.0,1.6,1.9,8.3,,,68.0,
2017-05-30,25.4,8.6,17.0,12.4,2.8,8.6,,,54.0,
2017-05-31,25.7,10.7,18.2,0.6,1.4,11.4,,,60.0,
2017-06-01,28.4,10.1,19.2,4.6,1.9,9.2,,,58.0,
2017-06-02,27.6,11.2,19.4,0.0,3.6,10.3,,,51.0,
2017-06-03,22.8,11.3,17.0,1.8,3.9,7.8,,,67.0,
2017-06-04,20.5,8.3,14.4,0.0,3.1,10.8,,,58.0,
2017-06-05,24.5,4.4,14.4,0.0,3.1,10.6,,,56.0,
2017-06-06,23.9,10.0,17.0,0.0,5.0,9.7,,,40.0,
2017-06-07,27.6,7.7,17.6,0.0,2.5,8.6,,,49.0,
2017-06-08,28.2,11.6,19.9,0.0,3.1,11.9,,,43.0,
2017-06-09,27.7,10.0,18.8,0.0,3.3,8.1,,,46.0,
2017-06-10,32.3,12.3,22.3,0.0,1.9,7.5,,,42.0,
2017-06-11,33.1,14.2,23.6,0.0,2.2,9.4,,,45.0,
2017-06-12,33.4,13.0,23.2,0.0,2.2,8.9,,,48.0,
2017-06-13,31.0,16.6,23.8,4.4,2.8,10.0,,,63.0,
2017-06-14,33.4,14.3,23.8,0.0,1.9,9.4,,,46.0,
2017-06-15,34.9,14.8,24.8,0.0,2.5,9.2,,,42.0,
2017-06-16,36.2,15.1,25.6,0.0,2.2,8.6,,,39.0,
2017-06-17,37.4,17.3,27.4,0.0,1.7,8.3,,,30.0,
2017-06-18,37.2,13.9,25.6,0.0,1.7,7.8,,,21.0,
2017-06-19,31.0,17.3,24.2,0.0,3.6,13.3,,,41.0,
2017-06-20,33.3,14.2,23.8,0.0,2.2,9.2,,,39.0,
2017-06-21,35.0,14.1,24.6,0.0,3.1,10.6,,,42.0,
2017-06-22,33.1,17.1,25.1,0.0,4.7,12.2,,,35.0,
2017-06-23,30.9,14.5,22.7,0.0,3.1,9.7,,,49.0,
2017-06-24,30.2,12.3,21.2,0.0,2.2,9.7,,,51.0,
2017-06-25,25.3,9.9,17.6,3.0,2.5,7.5,,,61.0,
2017-06-26,26.0,14.4,20.2,0.0,2.8,10.0,,,62.0,
2017-06-27,22.9,13.6,18.2,3.8,4.2,11.1,,,64.0,
2017-06-28,19.4,9.2,14.3,0.2,5.8,16.7,,,64.0,
2017-06-29,14.9,7.4,11.2,0.6,4.7,13.1,,,62.0,
2017-06-30,17.9,7.6,12.8,0.0,5.8,14.4,,,62.0,
2017-07-01,24.6,6.9,15.8,0.0,3.1,9.2,,,39.0,
2017-07-02,28.3,5.7,17.0,0.0,2.5,7.2,,,45.0,
2017-07-03,32.0,11.4,21.7,0.0,2.8,8.1,,,39.0,
2017-07-04,33.1,11.0,22.0,0.0,2.5,12.2,,,29.0,
2017-07-05,30.3,13.9,22.1,0.0,4.2,12.2,,,42.0,
2017-07-06,24.9,12.8,18.8,1.2,2.2,11.9,,,68.0,
2017-07-07,26.4,11.4,18.9,0.0,2.2,11.9,,,54.0,
2017-07-08,30.2,14.1,22.2,0.0,2.2,11.1,,,40.0,
2017-07-09,29.4,12.4,20.9,0.0,4.4,11.7,,,53.0,
2017-07-10,28.1,10.0,19.0,0.0,1.7,7.2,,,47.0,
2017-07-11,31.9,12.5,22.2,0.0,2.2,9.7,,,46.0,
2017-07-12,34.1,14.5,24.3,0.0,2.8,11.7,,,41.0,
2017-07-13,35.2,13.6,24.4,0.0,3.1,11.4,,,42.0,
2017-07-14,32.7,11.7,22.2,0.0,2.8,7.5,,,40.0,
2017-07-15,33.3,10.9,22.1,0.0,2.5,7.5,,,18.0,
2017-07-16,35.8,11.0,23.4,0.0,2.5,7.8,,,24.0,
2017-07-17,34.8,16.9,25.8,0.0,4.2,11.7,,,27.0,
2017-07-18,32.0,12.6,22.3,0.0,5.3,15.3,,,29.0,
2017-07-19,27.6,13.7,20.6,0.0,4.2,11.9,,,47.0,
2017-07-20,27.6,10.2,18.9,0.0,2.8,9.7,,,48.0,
2017-07-21,26.2,9.4,17.8,0.0,4.2,10.8,,,39.0,
2017-07-22,26.6,11.6,19.1,0.0,4.2,12.2,,,43.0,
2017-07-23,28.9,9.4,19.2,0.0,3.6,11.7,,,45.0,
2017-07-24,29.0,12.9,21.0,0.0,3.3,10.3,,,44.0,
2017-07-25,29.6,8.7,19.2,0.0,2.5,10.0,,,45.0,
2017-07-26,31.8,9.5,20.6,0.0,3.3,10.3,,,34.0,
2017-07-27,32.4,13.5,23.0,0.0,3.6,11.4,,,39.0,
2017-07-28,34.0,12.6,23.3,0.0,2.8,12.2,,,36.0,
2017-07-29,33.0,15.3,24.2,0.0,2.5,9.7,,,43.0,
2017-07-30,28.3,13.6,21.0,0.0,2.8,11.1,,,45.0,
2017-07-31,23.7,10.6,17.2,0.0,1.9,5.8,,,59.0,
2017-08-01,28.7,10.6,19.6,0.0,2.8,8.9,,,47.0,
2017-08-02,32.8,8.5,20.6,0.0,2.8,9.2,,,34.0,
2017-08-03,32.4,14.7,23.6,0.0,3.3,11.1,,,42.0,
2017-08-04,34.5,15.3,24.9,0.0,4.4,12.2,,,49.0,
2017-08-05,31.1,14.2,22.6,,3.1,10.3,,,54.0,
2017-08-06,28.3,7.9,18.1,0.0,,,,,,
2017-08-08,24.7,7.1,15.9,0.0,,,,,,
2017-08-09,21.8,6.6,14.2,0.0,5.6,13.9,,,41.0,
2017-08-10,26.3,2.5,14.4,0.0,,,,,,
2017-08-11,26.1,8.1,17.1,0.0,,,,,,
2017-08-12,29.3,8.5,18.9,0.0,,,,,,
2017-08-14,33.0,12.0,22.5,0.0,,,,,,
2017-08-16,31.7,12.3,22.0,0.0,,,,,,
2017-08-17,34.0,13.2,23.6,0.0,,,,,,
2017-08-20,30.3,10.6,20.4,,,,,,,
2017-08-22,33.8,17.7,25.8,0.0,,,,,,
2017-08-24,30.7,13.4,22.0,,,,,,,
2017-08-25,28.9,9.9,19.4,,,,,,,
2017-08-26,27.0,12.4,19.7,,2.8,10.6,,,48.0,
2017-08-27,24.6,12.6,18.6,21.4,3.1,16.9,,,75.0,
2017-08-28,26.1,13.3,19.7,0.0,3.9,13.6,,,67.0,
2017-08-29,25.8,12.9,19.4,0.0,2.5,7.2,,,56.0,
2017-08-30,25.0,10.3,17.6,2.0,2.2,11.4,,,76.0,
2017-08-31,24.9,7.0,16.0,0.0,1.1,5.3,,,58.0,
2017-09-01,25.1,8.0,16.6,0.0,2.5,9.2,,,58.0,
2017-09-02,24.3,3.6,14.0,0.0,1.4,6.9,,,53.0,
2017-09-03,28.9,12.7,20.8,0.0,3.3,11.1,,,47.0,
2017-09-04,29.6,13.1,21.4,0.0,2.5,7.5,,,53.0,
2017-09-05,31.2,12.4,21.8,0.0,3.3,9.7,,,44.0,
2017-09-06,30.2,10.9,20.6,0.0,2.5,7.8,,,44.0,
2017-09-07,28.1,4.2,16.2,0.0,2.5,7.2,,,44.0,
2017-09-08,28.8,6.6,17.7,0.0,3.9,11.9,,,43.0,
2017-09-09,19.9,9.8,14.8,0.0,4.7,14.2,,,50.0,
2017-09-10,23.0,8.1,15.6,0.0,3.1,10.6,,,50.0,
2017-09-11,23.9,12.5,18.2,0.0,4.7,12.8,,,54.0,
2017-09-12,23.7,11.3,17.5,0.0,3.3,10.3,,,58.0,
2017-09-13,28.7,10.5,19.6,0.0,3.1,10.0,,,53.0,
2017-09-14,24.9,8.3,16.6,0.0,3.6,9.2,,,50.0,
2017-09-15,18.9,4.4,11.6,0.0,3.6,9.2,,,50.0,
2017-09-16,18.3,2.0,10.2,0.0,3.3,10.0,,,57.0,
2017-09-17,19.4,4.9,12.2,1.4,3.3,10.8,,,54.0,
2017-09-18,20.3,7.7,14.0,0.2,3.3,11.4,,,68.0,
2017-09-19,23.2,5.8,14.5,0.0,1.9,6.9,,,59.0,
2017-09-20,26.9,4.7,15.8,0.0,1.1,6.4,,,47.0,
2017-09-21,23.7,9.6,16.6,0.0,1.7,7.2,,,53.0,
2017-09-22,24.8,7.0,15.9,0.0,1.7,6.7,,,57.0,
2017-09-23,27.0,7.4,17.2,0.0,2.8,11.1,,,52.0,
2017-09-24,28.5,6.4,17.4,0.0,2.2,11.4,,,43.0,
2017-10-06,27.6,5.6,16.6,,,,,,,
2017-10-07,27.2,3.7,15.4,,,,,,,
2017-10-08,27.7,4.6,16.2,,,,,,,
2017-10-09,26.3,4.3,15.3,,,,,,,
2017-10-10,26.8,4.4,15.6,,,,,,,
2017-10-13,27.2,6.9,17.0,,,,,,,
2017-10-14,27.5,5.9,16.7,,,,,,,
2017-10-15,26.9,12.2,19.6,,,,,,,
2017-10-16,18.2,11.2,14.7,,,,,,,
2017-10-17,17.9,7.8,12.8,,,,,,,
2017-10-24,25.0,,,,,,,,,
2017-10-25,25.4,5.2,15.3,0.0,2.5,8.6,,,43.0,
2017-10-26,24.7,5.5,15.1,0.0,1.4,4.7,,,48.0,
2017-10-27,28.9,7.9,18.4,0.0,2.2,10.8,,,43.0,
2017-10-28,22.4,4.6,13.5,0.0,1.4,6.1,,,59.0,
2017-10-29,23.5,3.9,13.7,0.0,2.5,8.9,,,51.0,
2017-10-30,20.9,2.3,11.6,0.0,2.8,10.6,,,59.0,
2017-10-31,15.8,-0.6,7.6,0.0,1.7,6.1,,,60.0,
2017-11-01,17.0,0.6,8.8,0.0,1.9,4.7,,,61.0,
2017-11-02,15.6,8.9,12.2,17.6,1.9,11.1,,,86.0,
2017-11-03,15.3,7.8,11.6,2.0,2.8,11.1,,,84.0,
2017-11-04,14.8,7.4,11.1,7.0,1.4,8.1,,,88.0,
2017-11-05,12.2,4.4,8.3,0.0,3.9,10.0,,,71.0,
2017-11-06,18.1,2.6,10.4,0.0,2.8,7.2,,,66.0,
2017-11-07,16.2,-0.6,7.8,0.0,3.6,10.8,,,69.0,
2017-11-08,11.3,-0.1,5.6,0.0,3.6,11.4,,,71.0,
2017-11-09,15.2,-1.6,6.8,0.0,1.1,7.8,,,66.0,
2017-11-10,18.5,3.8,11.2,0.0,2.5,7.5,,,67.0,
2017-11-11,19.4,1.1,10.2,0.0,1.4,3.6,,,69.0,
2017-11-12,15.6,1.7,8.6,0.0,3.6,9.2,,,74.0,
2017-11-13,14.9,0.5,7.7,0.0,2.8,10.8,,,65.0,
2017-11-14,13.0,-2.7,5.2,0.0,1.4,5.0,,,65.0,
2017-11-15,18.6,-1.1,8.8,0.0,1.4,4.4,,,50.0,
2017-11-16,20.3,1.3,10.8,0.0,1.4,4.4,,,45.0,
2017-11-17,18.5,0.6,9.6,0.0,1.1,4.2,,,50.0,
2017-11-18,18.2,0.5,9.4,0.0,1.1,5.3,,,52.0,
2017-11-19,17.5,-0.9,8.3,0.0,1.9,4.7,,,45.0,
2017-11-20,17.1,-2.2,7.4,0.0,1.4,4.2,,,42.0,
2017-11-21,15.6,-2.5,6.6,0.0,1.1,3.9,,,50.0,
2017-11-22,14.5,-2.1,6.2,0.0,2.5,13.3,,,60.0,
2017-11-23,15.2,5.9,10.6,1.4,4.4,12.8,,,76.0,
2017-11-24,12.3,7.9,10.1,5.8,1.4,7.8,,,95.0,
2017-11-25,12.5,1.4,7.0,0.2,3.3,8.1,,,73.0,
2017-11-26,9.2,-3.4,2.9,0.0,1.4,6.1,,,74.0,
2017-11-27,10.1,-4.2,3.0,0.0,1.1,4.2,,,77.0,
2017-11-28,11.3,-3.2,4.0,0.0,1.7,4.2,,,75.0,
2017-11-29,9.6,-2.8,3.4,0.0,3.9,9.2,,,67.0,
2017-11-30,9.3,-3.7,2.8,0.0,3.6,8.6,,,64.0,
2017-12-01,7.7,-0.7,3.5,0.0,6.1,15.3,,,59.0,
2017-12-02,8.6,-2.6,3.0,0.0,5.0,10.8,,,62.0,
2017-12-03,11.3,-3.6,3.8,0.0,1.9,5.8,,,65.0,
2017-12-04,10.5,-5.2,2.6,0.0,1.4,4.4,,,71.0,
2017-12-05,11.1,-3.0,4.0,0.0,0.8,3.3,,,74.0,
2017-12-06,3.9,-6.4,-1.2,0.2,0.8,3.9,,,84.0,
2017-12-07,8.8,-2.8,3.0,4.2,1.1,3.6,,,87.0,
2017-12-08,13.9,2.0,8.0,0.2,2.5,7.8,,,88.0,
2017-12-09,12.2,5.2,8.7,0.8,3.6,12.5,,,90.0,
2017-12-10,13.6,3.3,8.4,29.4,4.7,16.1,,,84.0,
2017-12-11,6.8,-0.5,3.2,0.0,3.9,13.9,,,77.0,
2017-12-12,8.7,-0.8,4.0,0.0,3.3,8.1,,,77.0,
2017-12-13,12.9,1.6,7.2,4.2,3.9,11.7,,,83.0,
2017-12-14,12.1,5.2,8.6,4.8,3.6,13.6,,,86.0,
2017-12-15,7.7,1.5,4.6,0.0,5.0,13.3,,,70.0,
2017-12-16,9.1,-1.5,3.8,0.0,2.8,10.8,,,71.0,
2017-12-17,10.3,-3.5,3.4,0.0,2.2,5.0,,,61.0,
2017-12-18,15.4,-2.5,6.4,0.0,1.9,8.1,,,68.0,
2017-12-19,14.5,-0.8,6.8,0.0,1.4,8.1,,,66.0,
2017-12-20,15.8,-1.7,7.0,0.0,1.7,3.9,,,48.0,
2017-12-21,16.2,-0.2,8.0,0.0,2.2,5.0,,,66.0,
2017-12-22,17.9,-1.4,8.2,0.0,1.4,4.2,,,65.0,
2017-12-23,15.6,-2.2,6.7,0.0,1.1,4.7,,,71.0,
2017-12-24,11.1,-2.8,4.2,0.0,1.4,3.9,,,83.0,
2017-12-25,5.1,-0.8,2.2,1.8,1.7,10.0,,,98.0,
2017-12-26,7.7,0.9,4.3,11.2,2.5,19.4,,,90.0,
2017-12-27,6.6,2.2,4.4,0.4,4.4,18.3,,,83.0,
2017-12-28,12.3,3.2,7.8,1.4,4.7,20.3,,,76.0,
2017-12-29,14.9,6.2,10.6,0.2,1.9,14.2,,,81.0,
2017-12-30,16.0,3.5,9.8,0.0,3.9,11.9,,,66.0,
2017-12-31,10.1,0.6,5.4,3.2,3.9,14.7,,,87.0,
2018-01-01,11.4,3.8,7.6,0.4,6.7,21.9,,,72.0,
2018-01-02,13.6,6.4,10.0,1.0,2.5,10.8,,,89.0,
2018-01-03,16.1,11.2,13.6,0.0,5.3,11.9,,,80.0,
2018-01-04,14.9,6.7,10.8,1.6,4.4,13.9,,,66.0,
2018-01-05,8.5,1.7,5.1,0.2,3.9,12.2,,,82.0,
2018-01-06,6.2,-0.3,3.0,0.0,3.3,9.4,,,67.0,
2018-01-07,9.2,-0.3,4.4,1.0,6.1,11.4,,,69.0,
2018-01-08,9.3,-3.9,2.7,0.0,1.7,4.7,,,76.0,
2018-01-09,2.4,-2.1,0.2,2.4,1.7,4.7,,,98.0,
2018-01-10,7.1,-0.5,3.3,7.8,2.5,13.9,,,92.0,
2018-01-11,7.0,0.2,3.6,0.2,4.7,15.0,,,81.0,
2018-01-12,4.0,-2.4,0.8,2.4,0.8,3.9,,,87.0,
2018-01-13,5.7,-0.9,2.4,3.6,1.4,5.3,,,98.0,
2018-01-14,8.6,-2.8,2.9,0.0,1.9,6.1,,,81.0,
2018-01-15,8.0,-4.5,1.8,0.0,1.7,10.3,,,85.0,
2018-01-16,15.1,6.5,10.8,0.0,3.1,12.5,,,79.0,
2018-01-17,14.3,0.9,7.6,0.0,2.2,12.2,,,63.0,
2018-01-18,16.3,-1.4,7.4,0.0,2.2,8.3,,,65.0,
2018-01-19,13.0,1.9,7.4,0.0,3.1,10.0,,,72.0,
2018-01-20,9.8,1.7,5.8,0.0,3.9,13.1,,,78.0,
2018-01-21,14.3,5.2,9.8,0.0,3.3,9.7,,,75.0,
2018-01-22,14.9,2.9,8.9,0.0,1.7,7.5,,,79.0,
2018-01-23,5.0,2.3,3.6,0.0,1.1,3.3,,,99.0,
2018-01-24,4.0,0.6,2.3,2.0,1.1,5.0,,,92.0,
2018-01-25,7.4,1.1,4.2,2.4,3.6,13.3,,,84.0,
2018-01-26,8.9,1.0,5.0,0.0,4.7,11.7,,,70.0,
2018-01-27,11.5,-0.4,5.6,0.0,2.8,9.2,,,72.0,
2018-01-28,13.4,-2.8,5.3,0.0,1.4,6.4,,,62.0,
2018-01-29,15.0,-2.1,6.4,0.0,1.1,3.9,,,67.0,
2018-01-30,15.5,-2.0,6.8,0.0,1.1,3.9,,,52.0,
2018-01-31,16.6,-2.1,7.2,0.0,2.8,8.6,,,55.0,
2018-02-01,8.0,-1.5,3.2,0.2,6.4,15.0,,,69.0,
2018-02-02,6.7,-3.0,1.8,0.4,3.3,12.2,,,70.0,
2018-02-03,8.9,-0.7,4.1,0.0,4.4,14.7,,,77.0,
2018-02-04,7.9,-1.5,3.2,0.0,3.6,10.8,,,67.0,
2018-02-05,6.0,-3.5,1.2,0.0,4.7,12.5,,,65.0,
2018-02-06,3.6,-5.1,-0.8,0.0,3.1,6.4,,,67.0,
2018-02-07,5.7,-5.0,0.4,0.0,2.5,9.7,,,68.0,
2018-02-08,8.9,-7.2,0.8,0.0,2.2,6.7,,,59.0,
2018-02-09,9.6,-2.7,3.4,0.0,4.7,11.4,,,68.0,
2018-02-10,9.4,-1.0,4.2,0.0,3.1,10.8,,,67.0,
2018-02-11,11.5,0.8,6.2,1.0,3.1,10.0,,,87.0,
2018-02-12,7.8,-3.9,2.0,0.0,2.5,9.2,,,63.0,
2018-02-13,5.7,-3.1,1.3,7.4,1.7,8.3,,,93.0,
2018-02-14,11.9,4.2,8.0,0.0,1.1,6.7,,,85.0,
2018-02-15,11.8,6.0,8.9,3.4,1.7,5.0,,,90.0,
2018-02-16,14.4,6.5,10.4,0.0,1.1,6.7,,,94.0,
2018-02-17,12.7,-0.3,6.2,0.0,3.3,10.0,,,67.0,
2018-02-18,12.8,-3.9,4.4,0.0,2.8,10.6,,,67.0,
2018-02-19,11.4,4.9,8.2,0.0,1.9,7.2,,,66.0,
2018-02-20,13.6,1.5,7.6,0.0,5.3,12.2,,,66.0,
2018-02-21,10.8,-0.9,5.0,0.0,4.7,13.6,,,60.0,
2018-02-22,10.6,-5.8,2.4,0.0,2.2,6.7,,,56.0,
2018-02-23,9.7,-6.6,1.6,0.0,1.7,6.1,,,37.0,
2018-02-24,12.3,-7.4,2.4,0.0,1.9,5.8,,,41.0,
2018-02-25,15.2,-6.3,4.4,0.0,1.7,5.0,,,39.0,
2018-02-26,15.2,-3.7,5.8,0.0,2.2,6.9,,,43.0,
2018-02-27,5.0,-6.3,-0.6,10.0,3.1,7.8,,,40.0,
2018-02-28,1.2,-4.9,-1.8,10.8,0.8,5.0,,,88.0,
2018-03-01,6.7,-0.1,3.3,4.6,4.7,17.5,,,96.0,
2018-03-02,2.8,-3.2,-0.2,13.6,1.4,12.5,,,95.0,
2018-03-03,9.2,-0.7,4.2,1.8,3.6,12.2,,,87.0,
2018-03-04,10.1,0.1,5.1,0.4,3.6,12.8,,,68.0,
2018-03-05,9.1,0.0,4.6,1.2,1.7,11.9,,,88.0,
2018-03-06,8.3,0.5,4.4,0.8,4.2,12.8,,,75.0,
2018-03-07,11.9,0.4,6.2,0.0,3.9,11.7,,,61.0,
2018-03-08,6.7,1.3,4.0,1.2,1.9,5.0,,,94.0,
2018-03-09,10.5,5.3,7.9,12.4,6.7,15.8,,,98.0,
2018-03-10,10.8,4.2,7.5,3.2,5.0,20.6,,,72.0,
2018-03-11,9.9,3.1,6.5,1.2,6.9,20.6,,,74.0,
2018-03-12,10.5,1.6,6.0,2.0,4.2,12.5,,,75.0,
2018-03-13,12.4,1.0,6.7,2.0,2.2,4.7,,,87.0,
2018-03-14,8.9,1.5,5.2,8.2,6.7,23.3,,,90.0,
2018-03-15,10.0,-0.5,4.8,0.0,3.6,11.7,,,75.0,
2018-03-16,9.9,-0.7,4.6,2.8,2.5,10.8,,,76.0,
2018-03-17,9.3,-0.8,4.2,0.0,3.9,11.7,,,74.0,
2018-03-18,9.6,0.9,5.2,1.0,2.8,11.1,,,71.0,
2018-03-19,6.7,0.1,3.4,0.4,6.1,17.5,,,71.0,
2018-03-20,8.0,-1.9,3.0,0.0,5.6,14.2,,,64.0,
2018-03-21,11.4,-3.6,3.9,0.0,3.9,10.8,,,54.0,
2018-03-22,14.3,-5.5,4.4,0.0,1.9,8.1,,,53.0,
2018-03-23,14.1,0.3,7.2,7.6,3.9,18.6,,,67.0,
2018-03-24,6.7,0.0,3.4,2.6,5.8,15.8,,,87.0,
2018-03-25,10.2,-0.4,4.9,0.0,5.6,15.6,,,60.0,
2018-03-26,13.7,-1.3,6.2,0.0,3.9,10.3,,,65.0,
2018-03-27,18.3,5.0,11.6,0.0,3.3,13.1,,,58.0,
2018-03-28,12.8,3.1,8.0,0.2,3.3,11.1,,,69.0,
2018-03-29,10.1,0.3,5.2,2.2,4.4,14.7,,,73.0,
2018-03-30,7.4,-1.1,3.2,1.6,4.2,15.3,,,80.0,
2018-03-31,10.4,0.7,5.6,0.0,4.2,12.8,,,68.0,
2018-04-01,13.9,1.0,7.4,0.0,2.5,10.0,,,69.0,
2018-04-02,12.3,6.3,9.3,2.6,6.1,17.8,,,73.0,
2018-04-03,11.0,3.3,7.2,2.6,5.8,18.1,,,73.0,
2018-04-04,13.8,2.8,8.3,0.2,4.4,16.4,,,72.0,
2018-04-05,14.5,-0.9,6.8,0.0,3.9,9.4,,,70.0,
2018-04-06,16.6,5.4,11.0,0.0,6.9,14.7,,,62.0,
2018-04-07,12.5,2.8,7.6,1.2,4.2,10.6,,,71.0,
2018-04-08,14.8,1.5,8.2,12.2,3.6,8.9,,,71.0,
2018-04-09,12.8,2.5,7.6,6.4,3.1,9.7,,,81.0,
2018-04-10,10.8,0.5,5.6,8.2,2.2,11.7,,,83.0,
2018-04-11,11.6,0.4,6.0,0.0,5.6,13.6,,,63.0,
2018-04-12,9.1,1.3,5.2,2.2,2.5,10.8,,,86.0,
2018-04-13,14.8,4.4,9.6,5.4,1.4,11.1,,,88.0,
2018-04-14,15.2,4.3,9.8,0.2,3.1,12.2,,,74.0,
2018-04-15,15.8,4.9,10.4,0.0,2.2,9.7,,,67.0,
2018-04-16,16.4,1.9,9.2,0.0,3.3,8.6,,,53.0,
2018-04-17,21.7,2.7,12.2,0.0,2.2,7.8,,,53.0,
2018-04-18,24.3,5.4,14.8,0.0,3.3,9.7,,,46.0,
2018-04-19,23.5,8.4,16.0,0.0,2.8,7.5,,,52.0,
2018-04-20,21.8,8.1,15.0,0.0,2.8,10.0,,,53.0,
2018-04-21,17.8,7.3,12.6,0.0,1.7,6.9,,,64.0,
2018-04-22,20.1,6.8,13.4,0.0,1.9,6.9,,,68.0,
2018-04-23,24.6,6.5,15.6,0.0,2.8,8.6,,,57.0,
2018-04-24,26.7,6.8,16.8,0.0,1.9,6.4,,,49.0,
2018-04-25,27.4,9.5,18.4,0.0,3.1,13.1,,,52.0,
2018-04-26,21.5,5.7,13.6,0.0,2.2,8.9,,,63.0,
2018-04-27,17.8,5.0,11.4,0.0,4.2,11.1,,,46.0,
2018-04-28,12.4,4.2,8.3,3.6,2.5,11.1,,,69.0,
2018-04-29,10.0,1.4,5.7,4.4,3.1,12.2,,,82.0,
2018-04-30,13.2,0.4,6.8,0.0,4.2,11.1,,,62.0,
2018-05-01,13.5,-2.0,5.8,0.0,3.3,8.9,,,54.0,
2018-05-02,13.9,3.8,8.8,0.4,3.3,10.0,,,74.0,
2018-05-03,17.4,3.8,10.6,0.0,5.0,12.5,,,48.0,
2018-05-04,19.9,-1.1,9.4,0.0,3.1,7.5,,,52.0,
2018-05-05,21.6,1.9,11.8,0.0,2.8,8.3,,,53.0,
2018-05-06,25.6,7.6,16.6,0.0,1.1,6.7,,,48.0,
2018-05-07,26.8,7.9,17.4,0.0,2.2,7.5,,,50.0,
2018-05-08,26.7,8.9,17.8,0.0,3.3,10.0,,,44.0,
2018-05-09,24.4,6.2,15.3,0.0,3.1,11.1,,,54.0,
2018-05-10,19.6,3.8,11.7,0.0,2.8,8.3,,,48.0,
2018-05-11,22.0,2.0,12.0,0.0,2.5,9.2,,,47.0,
2018-05-12,12.9,2.2,7.6,0.0,5.8,14.2,,,45.0,
2018-05-13,12.6,1.9,7.2,0.0,4.4,10.0,,,62.0,
2018-05-14,19.4,3.9,11.6,1.2,4.7,10.3,,,47.0,
2018-05-15,22.9,-0.8,11.0,0.0,2.2,7.2,,,33.0,
2018-05-16,23.4,2.5,13.0,0.0,2.2,7.5,,,42.0,
2018-05-17,22.0,5.3,13.6,3.8,1.7,15.8,,,60.0,
2018-05-18,23.1,5.7,14.4,0.2,3.9,9.2,,,64.0,
2018-05-19,24.7,6.1,15.4,0.0,1.9,8.3,,,50.0,
2018-05-20,23.4,7.1,15.2,0.0,1.9,7.2,,,39.0,
2018-05-21,22.4,7.8,15.1,0.0,3.1,9.7,,,57.0,
2018-05-22,23.8,9.8,16.8,0.0,1.7,10.3,,,51.0,
2018-05-23,24.3,9.5,16.9,4.6,2.2,10.0,,,53.0,
2018-05-24,21.7,7.6,14.6,7.0,2.5,10.3,,,74.0,
2018-05-25,15.6,9.7,12.6,16.0,1.7,7.2,,,90.0,
2018-05-26,18.3,9.5,13.9,3.2,1.4,5.6,,,82.0,
2018-05-27,19.2,9.2,14.2,24.6,1.7,10.3,,,89.0,
2018-05-28,16.4,10.7,13.6,23.6,1.1,5.3,,,85.0,
2018-05-29,21.0,10.7,15.8,7.2,2.2,7.5,,,83.0,
2018-05-30,19.1,10.1,14.6,1.2,3.1,10.3,,,76.0,
2018-05-31,17.2,8.1,12.6,3.2,2.2,5.0,,,79.0,
2018-06-01,18.5,9.0,13.8,3.4,2.5,10.3,,,80.0,
2018-06-02,23.0,10.4,16.7,0.0,2.5,7.2,,,63.0,
2018-06-03,21.8,9.4,15.6,0.0,5.0,15.3,,,66.0,
2018-06-04,15.2,7.4,11.3,6.0,2.5,7.8,,,79.0,
2018-06-05,15.2,7.4,11.3,6.0,2.5,8.1,,,80.0,
2018-06-06,22.4,7.8,15.1,0.0,2.8,8.6,,,66.0,
2018-06-07,17.1,9.9,13.5,16.4,2.5,10.3,,,91.0,
2018-06-08,17.4,8.7,13.0,10.2,5.3,15.0,,,90.0,
2018-06-09,16.8,7.4,12.1,1.2,3.3,11.1,,,78.0,
2018-06-10,18.1,9.0,13.6,6.6,1.4,5.8,,,85.0,
2018-06-11,21.1,9.7,15.4,0.0,3.6,10.3,,,66.0,
2018-06-12,23.7,9.6,16.6,0.0,5.0,11.1,,,56.0,
2018-06-13,25.1,6.1,15.6,0.0,1.7,6.1,,,57.0,
2018-06-14,26.5,7.1,16.8,0.0,2.2,6.4,,,54.0,
2018-06-15,27.1,10.1,18.6,0.0,1.7,8.9,,,54.0,
2018-06-16,29.2,9.9,19.6,0.0,2.5,6.7,,,51.0,
2018-06-17,29.2,10.4,19.8,0.0,1.1,5.3,,,47.0,
2018-06-18,30.2,10.4,20.3,0.0,3.1,8.3,,,40.0,
2018-06-19,28.4,10.2,19.3,0.0,1.4,5.8,,,52.0,
2018-06-20,31.2,11.8,21.5,0.6,1.9,10.6,,,50.0,
2018-06-21,30.9,15.4,23.2,5.6,3.3,13.3,,,63.0,
2018-06-22,30.8,14.2,22.5,0.0,1.9,8.1,,,55.0,
2018-06-23,31.3,15.8,23.6,0.0,1.7,6.1,,,38.0,
2018-06-24,33.7,14.2,24.0,0.0,1.7,5.8,,,41.0,
2018-06-25,33.0,15.3,24.2,0.0,1.7,7.2,,,43.0,
2018-06-26,30.6,15.4,23.0,15.2,3.3,13.1,,,58.0,
2018-06-27,28.3,13.6,21.0,0.0,1.9,8.3,,,65.0,
2018-06-28,27.0,12.8,19.9,38.2,2.5,21.1,,,75.0,
2018-06-29,27.2,12.4,19.8,30.6,1.4,9.2,,,61.0,
2018-06-30,22.5,12.2,17.4,2.0,3.3,24.7,,,79.0,
2018-07-01,21.7,11.1,16.4,3.2,4.7,14.2,,,77.0,
2018-07-02,19.1,10.7,14.9,0.2,2.8,10.0,,,84.0,
2018-07-03,23.5,10.4,17.0,0.0,3.3,9.2,,,60.0,
2018-07-04,22.8,11.6,17.2,2.2,2.8,11.1,,,65.0,
2018-07-05,24.6,9.4,17.0,0.0,1.4,6.1,,,56.0,
2018-07-06,26.0,12.6,19.3,1.2,2.8,11.1,,,65.0,
2018-07-07,26.8,11.2,19.0,0.4,2.2,6.9,,,61.0,
2018-07-08,28.4,11.5,20.0,0.0,1.9,12.2,,,55.0,
2018-07-09,30.7,12.1,21.4,0.0,0.8,6.1,,,49.0,
2018-07-10,30.6,12.3,21.4,17.8,1.9,6.1,,,51.0,
2018-07-11,23.0,12.3,17.6,9.2,4.4,14.2,,,73.0,
2018-07-12,26.8,10.4,18.6,0.0,1.1,6.1,,,60.0,
2018-07-13,29.5,12.5,21.0,27.0,2.5,14.7,,,74.0,
2018-07-14,28.3,10.6,19.4,0.0,2.5,9.2,,,57.0,
2018-07-15,26.2,13.6,19.9,0.0,3.3,10.8,,,63.0,
2018-07-16,26.3,11.7,19.0,0.0,3.1,7.8,,,56.0,
2018-07-17,28.8,14.6,21.7,0.0,1.7,7.8,,,51.0,
2018-07-18,29.5,12.3,20.9,0.0,2.2,7.5,,,57.0,
2018-07-19,27.9,14.5,21.2,0.0,2.5,9.2,,,68.0,
2018-07-20,23.7,11.8,17.8,14.0,2.2,8.9,,,80.0,
2018-07-21,20.4,9.5,15.0,0.2,2.5,8.3,,,72.0,
2018-07-22,27.4,11.6,19.5,0.0,1.7,7.8,,,57.0,
2018-07-23,29.6,11.0,20.3,0.0,1.9,8.9,,,47.0,
2018-07-24,31.4,13.8,22.6,0.0,1.1,8.3,,,48.0,
2018-07-25,31.7,14.8,23.2,0.0,1.7,6.4,,,51.0,
2018-07-26,30.3,15.5,22.9,0.0,2.2,8.6,,,60.0,
2018-07-27,27.7,13.3,20.5,0.0,4.2,10.3,,,61.0,
2018-07-28,28.6,10.9,19.8,0.0,2.2,7.2,,,56.0,
2018-07-29,28.3,12.2,20.2,0.0,3.9,11.4,,,47.0,
2018-07-30,28.0,11.8,19.9,0.0,3.6,8.6,,,56.0,
2018-07-31,30.1,12.4,21.2,0.0,2.5,7.5,,,57.0,
2018-08-01,33.4,13.7,23.6,0.0,1.7,7.5,,,52.0,
2018-08-02,37.8,14.1,26.0,0.0,0.8,6.4,,,45.0,
2018-08-03,37.4,16.6,27.0,0.0,2.5,7.2,,,42.0,
2018-08-04,36.9,17.3,27.1,0.0,1.9,5.8,,,42.0,
2018-08-05,35.4,15.8,25.6,0.0,1.9,6.1,,,42.0,
2018-08-06,37.7,16.1,26.9,0.0,2.5,12.2,,,42.0,
2018-08-07,26.1,12.7,19.4,0.0,3.9,10.0,,,48.0,
2018-08-08,27.8,9.6,18.7,0.0,2.5,12.2,,,54.0,
2018-08-09,24.7,9.0,16.8,0.0,3.3,8.6,,,49.0,
2018-08-10,28.7,6.2,17.4,0.0,2.2,6.4,,,47.0,
2018-08-11,33.1,9.5,21.3,0.0,1.9,6.9,,,45.0,
2018-08-12,28.9,13.5,21.2,0.0,3.3,10.3,,,50.0,
2018-08-13,29.3,11.5,20.4,0.0,3.1,7.5,,,50.0,
2018-08-14,29.0,9.5,19.2,0.0,1.9,6.7,,,49.0,
2018-08-15,32.4,9.0,20.7,0.0,1.7,6.9,,,41.0,
2018-08-16,32.4,13.7,23.0,0.0,2.8,9.2,,,44.0,
2018-08-17,28.5,10.5,19.5,0.0,2.5,8.9,,,52.0,
2018-08-18,27.8,7.0,17.4,0.0,1.9,5.6,,,41.0,
2018-08-19,31.2,8.9,20.0,0.0,1.4,6.4,,,40.0,
2018-08-20,32.1,10.2,21.2,0.0,1.7,7.2,,,39.0,
2018-08-21,33.5,10.9,22.2,0.0,1.9,5.0,,,39.0,
2018-08-22,33.3,12.7,23.0,0.0,1.9,8.3,,,43.0,
2018-08-23,33.9,12.7,23.3,0.0,1.9,8.6,,,42.0,
2018-08-24,29.7,9.0,19.4,0.0,2.5,7.8,,,44.0,
2018-08-25,28.9,8.2,18.6,0.0,1.7,8.3,,,51.0,
2018-08-26,31.0,9.1,20.0,0.0,2.2,6.7,,,52.0,
2018-08-27,30.5,11.0,20.8,0.0,2.2,6.9,,,44.0,
2018-08-28,30.5,15.7,23.1,0.2,2.5,9.4,,,41.0,
2018-08-29,30.2,12.1,21.2,0.0,2.5,6.1,,,54.0,
2018-08-30,30.7,10.3,20.5,0.0,2.5,7.8,,,53.0,
2018-08-31,30.5,10.4,20.4,0.0,2.2,6.4,,,45.0,
2018-09-01,31.2,10.8,21.0,0.0,1.7,6.7,,,48.0,
2018-09-02,33.0,11.6,22.3,2.8,3.3,10.6,,,57.0,
2018-09-03,29.5,13.8,21.6,1.8,1.4,12.5,,,43.0,
2018-09-04,27.4,13.8,20.6,6.8,1.1,9.7,,,52.0,
2018-09-05,22.9,11.4,17.2,0.8,2.5,9.7,,,69.0,
2018-09-06,23.8,9.7,16.8,0.0,4.2,9.2,,,63.0,
2018-09-07,25.2,8.8,17.0,0.0,1.7,6.4,,,57.0,
2018-09-08,26.9,9.0,18.0,4.4,3.1,,,,60.0,
2018-09-09,26.7,10.5,18.6,8.8,2.2,9.7,,,72.0,
2018-09-10,28.0,8.7,18.4,0.0,1.7,8.1,,,60.0,
2018-09-11,31.0,10.3,20.6,0.0,1.7,6.1,,,52.0,
2018-09-12,31.0,11.6,21.3,0.0,2.2,7.8,,,53.0,
2018-09-13,31.2,10.7,21.0,0.0,1.9,6.4,,,53.0,
2018-09-14,30.3,11.0,20.6,0.0,1.7,6.1,,,55.0,
2018-09-15,30.4,11.2,20.8,0.0,1.7,6.9,,,58.0,
2018-09-16,30.3,11.5,20.9,0.0,1.4,6.4,,,55.0,
2018-09-17,30.1,10.1,20.1,0.0,2.8,11.4,,,49.0,
2018-09-18,29.6,10.4,20.0,0.0,2.2,8.1,,,50.0,
2018-09-19,30.7,10.1,20.4,0.0,1.9,5.6,,,55.0,
2018-09-20,30.4,9.6,20.0,0.0,3.3,11.4,,,45.0,
2018-09-21,27.6,11.4,19.5,0.0,2.2,7.8,,,60.0,
2018-09-22,31.6,9.7,20.6,0.0,2.2,6.4,,,57.0,
2018-09-23,32.3,11.9,22.1,0.0,2.5,8.9,,,50.0,
2018-09-24,26.0,10.8,18.4,0.0,1.9,7.2,,,61.0,
2018-09-25,24.9,4.7,14.8,0.0,1.4,5.8,,,39.0,
2018-09-26,28.5,5.4,17.0,0.0,1.7,5.3,,,40.0,
2018-09-27,29.3,12.7,21.0,0.0,2.5,9.4,,,54.0,
2018-09-28,29.1,12.9,21.0,0.0,1.1,5.8,,,51.0,
2018-09-29,28.6,12.0,20.3,0.0,1.7,5.8,,,53.0,
2018-09-30,28.4,9.7,19.0,0.0,2.2,8.6,,,44.0,
2018-10-01,22.9,3.7,13.3,0.0,1.4,6.1,,,48.0,
2018-10-02,24.3,2.7,13.5,0.0,1.1,6.4,,,44.0,
2018-10-03,27.5,7.7,17.6,0.0,2.2,7.8,,,43.0,
2018-10-04,29.9,7.8,18.8,0.0,1.7,6.1,,,40.0,
2018-10-05,29.0,6.9,18.0,0.0,1.9,6.1,,,48.0,
2018-10-07,16.6,2.7,9.6,0.0,3.3,10.3,,,54.0,
2018-10-08,19.8,0.8,10.3,0.0,2.5,6.7,,,59.0,
2018-10-09,21.2,3.1,12.2,0.0,1.9,6.7,,,58.0,
2018-10-10,20.5,3.8,12.2,2.2,1.9,15.3,,,64.0,
2018-10-11,20.1,8.8,14.4,0.4,3.1,12.5,,,75.0,
2018-10-12,19.8,7.5,13.6,0.0,5.0,13.9,,,76.0,
2018-10-13,21.5,9.8,15.6,2.2,2.5,9.4,,,73.0,
2018-10-14,15.8,4.7,10.2,5.0,3.9,15.8,,,82.0,
2018-10-15,9.5,5.3,7.4,0.8,1.9,5.6,,,91.0,
2018-10-16,19.5,6.1,12.8,0.0,1.4,3.6,,,76.0,
2018-10-17,19.9,3.6,11.8,0.0,1.7,5.3,,,73.0,
2018-10-18,21.4,10.2,15.8,1.0,4.2,10.0,,,69.0,
2018-10-19,23.6,10.0,16.8,0.0,3.9,10.0,,,60.0,
2018-10-20,21.7,7.0,14.4,0.0,2.2,10.3,,,60.0,
2018-10-21,23.7,10.0,16.8,0.0,1.9,6.1,,,62.0,
2018-10-22,23.8,7.4,15.6,0.0,3.3,10.3,,,52.0,
2018-10-23,22.2,2.0,12.1,0.0,2.2,6.7,,,58.0,
2018-10-24,26.2,3.2,14.7,0.0,1.7,6.4,,,26.0,
2018-10-25,23.9,5.7,14.8,0.0,1.7,5.0,,,53.0,
2018-10-26,17.4,6.4,11.9,0.0,1.7,5.6,,,68.0,
2018-10-27,11.4,0.4,5.9,0.8,3.6,11.1,,,67.0,
2018-10-28,8.9,-0.1,4.4,0.0,4.7,11.7,,,68.0,
2018-10-29,8.7,0.1,4.4,0.6,3.6,11.4,,,73.0,
2018-10-30,6.5,1.9,4.2,14.6,2.2,6.9,,,95.0,
2018-10-31,13.4,1.7,7.6,0.0,2.8,8.9,,,79.0,
2018-11-01,10.9,1.4,6.2,0.8,1.7,7.8,,,79.0,
2018-11-02,18.8,4.5,11.6,0.2,3.3,8.9,,,75.0,
2018-11-03,15.2,3.2,9.2,0.0,0.8,5.3,,,79.0,
2018-11-04,8.0,0.7,4.4,7.0,1.7,12.2,,,96.0,
2018-11-05,12.2,3.1,7.6,3.4,1.9,14.7,,,86.0,
2018-11-06,9.0,3.6,6.3,1.8,5.0,15.8,,,84.0,
2018-11-07,10.9,0.9,5.9,0.0,2.5,14.4,,,77.0,
2018-11-08,9.0,0.7,4.8,0.6,3.9,13.6,,,92.0,
2018-11-09,10.5,3.6,7.0,9.2,1.7,8.1,,,81.0,
2018-11-10,16.7,7.5,12.1,0.6,4.4,16.9,,,73.0,
2018-11-11,10.6,4.4,7.5,27.0,1.7,14.7,,,95.0,
2018-11-12,16.0,1.2,8.6,0.0,1.4,4.7,,,80.0,
2018-11-14,14.7,4.0,9.4,0.0,0.6,4.4,,,90.0,
2018-11-15,16.9,7.0,12.0,0.0,1.1,5.0,,,83.0,
2018-11-16,14.6,6.1,10.4,0.0,0.6,3.9,,,89.0,
2018-11-17,14.0,7.2,10.6,0.0,1.1,4.2,,,90.0,
2018-11-18,14.5,5.6,10.0,5.4,1.4,6.7,,,85.0,
2018-11-19,10.6,6.6,8.6,1.8,1.1,7.8,,,89.0,
2018-11-20,10.2,5.0,7.6,2.0,3.6,8.6,,,84.0,
2018-11-21,9.5,2.7,6.1,1.0,2.8,8.9,,,89.0,
2018-11-22,9.5,2.5,6.0,0.4,5.6,12.8,,,82.0,
2018-11-23,9.2,0.9,5.0,0.2,2.8,8.9,,,85.0,
2018-11-24,9.1,2.8,6.0,0.8,5.8,13.6,,,91.0,
2018-11-25,11.7,1.6,6.6,3.0,1.7,6.7,,,71.0,
2018-11-26,10.0,2.0,6.0,0.0,3.9,10.3,,,80.0,
2018-11-27,8.7,-0.8,4.0,0.0,0.8,5.6,,,85.0,
2018-11-28,7.5,-1.4,3.0,0.0,1.1,4.4,,,94.0,
2018-11-29,4.0,-0.4,1.8,1.6,1.9,5.3,,,98.0,
2018-11-30,11.4,-1.4,5.0,0.2,2.8,7.5,,,79.0,
2018-12-01,9.6,2.6,6.1,0.0,1.9,8.6,,,81.0,
2018-12-02,12.6,3.1,7.8,0.0,0.8,5.3,,,90.0,
2018-12-03,10.2,5.7,8.0,1.2,0.6,5.6,,,99.0,
2018-12-04,10.1,7.0,8.6,0.0,1.1,3.6,,,98.0,
2018-12-05,14.9,6.0,10.4,0.2,1.1,5.6,,,90.0,
2018-12-06,16.7,1.9,9.3,0.0,1.7,9.2,,,77.0,
2018-12-07,13.7,0.4,7.0,0.0,3.3,10.6,,,87.0,
2018-12-08,15.5,2.7,9.1,0.0,1.9,9.7,,,70.0,
2018-12-09,19.5,3.4,11.4,0.0,1.7,7.2,,,51.0,
2018-12-10,13.9,-1.9,6.0,0.0,0.8,3.6,,,76.0,
2018-12-11,13.4,-1.3,6.0,0.0,1.1,6.4,,,70.0,
2018-12-12,6.5,1.5,4.0,3.8,0.6,5.0,,,97.0,
2018-12-13,7.5,3.0,5.2,0.2,5.0,12.5,,,80.0,
2018-12-14,8.7,1.8,5.2,2.2,3.1,7.5,,,81.0,
2018-12-15,9.9,4.4,7.2,14.4,2.2,6.9,,,97.0,
2018-12-17,6.9,0.7,3.8,0.0,2.2,7.2,,,89.0,
2018-12-18,5.3,0.5,2.9,0.8,5.8,19.2,,,95.0,
2018-12-19,8.5,-0.8,3.8,0.4,2.5,10.6,,,83.0,
2018-12-20,10.4,3.7,7.0,0.0,1.4,6.1,,,88.0,
2018-12-21,10.4,4.2,7.3,0.2,1.4,2.8,,,96.0,
2018-12-22,9.0,3.5,6.2,0.0,1.1,3.6,,,97.0,
2018-12-23,9.1,5.8,7.4,0.0,0.8,3.9,,,85.0,
2018-12-24,10.2,2.3,6.2,0.0,1.1,3.1,,,,
2018-12-25,18.7,1.1,9.9,0.0,1.4,3.3,,,,
2018-12-26,12.9,-0.6,6.2,0.0,0.6,3.3,,,,
2018-12-27,8.7,-4.0,2.4,0.2,0.8,3.9,,,,
2018-12-28,17.6,-1.2,8.2,0.0,1.7,7.2,,,,
2018-12-29,15.4,-1.5,7.0,0.0,0.8,4.7,,,,
2018-12-30,21.8,-0.4,10.7,0.0,1.7,5.6,,,,
2018-12-31,21.8,-0.2,10.8,0.0,1.4,5.0,,,,
2019-02-01,4.6,0.0,2.3,9.0,4.7,15.0,,,,
2019-02-02,4.4,-0.9,1.8,0.4,5.3,16.9,,,,
2019-02-03,8.9,-3.5,2.7,0.0,2.5,6.9,,,,
2019-02-04,8.9,-5.9,1.5,0.0,1.7,6.1,,,,
2019-02-05,15.7,-0.9,7.4,0.0,1.1,6.1,,,,
2019-02-06,15.4,-1.0,7.2,0.0,0.8,7.5,,,,
2019-02-07,13.1,1.7,7.4,0.0,2.8,9.4,,,,
2019-02-08,13.3,-2.5,5.4,0.0,1.1,6.7,,,,
2019-02-09,12.7,0.7,6.7,0.0,1.9,8.3,,,,
2019-02-10,12.6,1.7,7.2,0.2,3.3,11.1,,,,
2019-02-11,12.2,-2.2,5.0,0.0,1.9,5.3,,,,
2019-02-12,14.1,-3.5,5.3,0.0,1.4,4.4,,,,
2019-02-13,15.4,-3.0,6.2,0.0,1.4,5.0,,,,
2019-02-14,15.4,-1.5,7.0,0.0,2.5,6.7,,,,
2019-02-15,19.0,-1.5,8.8,0.0,1.1,3.9,,,,
2019-02-16,16.9,-0.7,8.1,0.0,1.7,5.8,,,,
2019-02-17,14.1,-1.5,6.3,0.0,2.8,8.3,,,,
2019-02-18,6.6,3.3,5.0,6.2,1.4,4.7,,,,
2019-02-19,11.8,-1.7,5.0,0.0,2.2,6.1,,,,
2019-02-20,11.8,-3.2,4.3,0.0,1.1,4.7,,,82.0,
2019-02-21,14.2,-1.8,6.2,0.0,2.5,8.3,,,71.0,
2019-02-22,16.5,-0.2,8.2,0.0,1.9,6.7,,,58.0,
2019-02-23,16.3,0.1,8.2,0.0,1.4,5.0,,,55.0,
2019-02-24,22.1,-0.4,10.8,0.0,1.7,5.3,,,48.0,
2019-02-25,22.2,0.6,11.4,0.0,1.7,4.4,,,51.0,
2019-02-26,18.5,0.9,9.7,0.0,1.7,8.1,,,55.0,
2019-02-27,18.6,1.5,10.0,0.0,3.6,13.6,,,45.0,
2019-02-28,20.3,1.3,10.8,0.0,2.2,5.8,,,52.0,
2019-03-01,19.7,-1.2,9.2,0.0,3.1,11.7,,,61.0,
2019-03-02,21.0,4.7,12.8,0.0,2.5,8.1,,,44.0,
2019-03-03,19.4,2.1,10.8,0.4,2.8,18.3,,,58.0,
2019-03-04,11.8,4.0,7.9,0.0,3.9,12.8,,,59.0,
2019-03-05,10.4,-1.1,4.6,3.2,4.7,18.9,,,86.0,
2019-03-06,10.1,2.0,6.0,3.4,6.1,18.6,,,85.0,
2019-03-07,8.5,-0.7,3.9,0.2,3.6,11.4,,,77.0,
2019-03-08,14.7,1.6,8.2,0.0,1.9,8.9,,,68.0,
2019-03-09,19.7,4.0,11.8,0.0,1.7,6.4,,,67.0,
2019-03-10,17.5,6.3,11.9,0.0,3.9,11.4,,,68.0,
2019-03-11,15.8,1.0,8.4,0.0,2.5,6.9,,,66.0,
2019-03-12,18.8,0.0,9.4,0.0,2.5,14.2,,,69.0,
2019-03-13,12.5,0.0,6.2,0.0,3.3,10.0,,,63.0,
2019-03-14,19.5,-2.4,8.6,0.0,1.4,8.3,,,50.0,
2019-03-15,22.6,-0.9,10.8,0.0,1.9,6.1,,,48.0,
2019-03-16,22.6,-1.1,10.8,0.0,2.5,12.8,,,47.0,
2019-03-17,14.7,-0.3,7.2,0.0,4.4,10.0,,,64.0,
2019-03-18,15.3,-5.6,4.8,0.0,1.7,6.4,,,50.0,
2019-03-19,15.3,-2.1,6.6,0.0,4.2,11.1,,,59.0,
2019-03-20,15.7,-2.1,6.8,0.0,2.5,7.8,,,60.0,
2019-03-21,15.8,-0.8,7.5,0.0,2.2,6.9,,,40.0,
2019-03-22,18.2,-2.0,8.1,0.0,1.7,6.4,,,54.0,
2019-03-23,20.2,0.6,10.4,0.0,1.9,14.7,,,44.0,
2019-03-24,21.5,5.3,13.4,0.0,2.2,7.2,,,41.0,
2019-03-25,18.8,2.5,10.6,0.0,3.1,9.7,,,46.0,
2019-03-26,19.2,-0.1,9.6,0.0,4.4,12.8,,,34.0,
2019-03-27,21.1,-2.1,9.5,0.0,2.5,9.7,,,23.0,
2019-03-28,20.4,-1.3,9.6,0.0,2.5,9.2,,,38.0,
2019-03-29,20.3,1.0,10.6,0.0,3.1,9.7,,,46.0,
2019-03-30,19.5,4.7,12.1,0.6,1.7,8.3,,,47.0,
2019-03-31,19.6,4.3,12.0,0.0,3.6,8.6,,,45.0,
2019-04-01,18.9,1.5,10.2,0.2,1.7,9.2,,,55.0,
2019-04-02,18.4,1.3,9.8,0.0,3.9,11.4,,,51.0,
2019-04-03,10.0,-0.4,4.8,0.0,4.7,15.0,,,54.0,
2019-04-04,10.0,-1.2,4.4,1.0,3.1,11.1,,,65.0,
2019-04-05,12.0,0.6,6.3,0.0,3.6,8.9,,,62.0,
2019-04-06,9.0,0.0,4.5,0.4,2.8,12.2,,,68.0,
2019-04-07,11.7,-0.7,5.5,6.2,3.3,11.7,,,69.0,
2019-04-08,13.9,2.6,8.2,0.6,2.8,11.1,,,57.0,
2019-04-09,12.6,2.7,7.6,1.8,2.8,12.5,,,75.0,
2019-04-10,15.1,2.0,8.6,0.0,4.7,11.9,,,61.0,
2019-04-11,14.7,-0.7,7.0,0.0,2.5,6.7,,,57.0,
2019-04-12,19.5,-1.6,9.0,0.0,1.9,5.3,,,56.0,
2019-04-13,20.5,3.1,11.8,0.0,2.5,8.1,,,47.0,
2019-04-14,23.0,9.7,16.4,0.0,3.6,9.7,,,61.0,
2019-04-15,17.6,3.6,10.6,2.6,5.3,16.4,,,69.0,
2019-04-16,18.2,0.9,9.6,0.0,4.2,9.7,,,58.0,
2019-04-17,18.5,5.1,11.8,1.2,6.4,16.7,,,55.0,
2019-04-18,14.6,4.9,9.8,6.6,1.7,8.9,,,83.0,
2019-04-19,14.6,7.0,10.8,0.2,3.6,11.9,,,74.0,
2019-04-20,24.2,7.2,15.7,0.0,5.3,12.2,,,44.0,
2019-04-21,19.8,4.5,12.2,0.0,4.2,11.9,,,46.0,
2019-04-22,17.6,5.6,11.6,0.4,2.5,11.4,,,59.0,
2019-04-23,12.1,0.9,6.5,1.8,3.1,12.8,,,65.0,
2019-04-24,13.1,-0.5,6.3,2.0,6.1,19.7,,,75.0,
2019-04-25,10.7,0.4,5.6,1.8,4.7,16.1,,,68.0,
2019-04-26,12.7,3.8,8.2,0.0,3.6,12.2,,,63.0,
2019-04-27,22.2,4.6,13.4,0.0,3.1,8.9,,,47.0,
2019-04-28,23.3,2.4,12.8,0.0,2.8,6.9,,,55.0,
2019-04-29,25.9,6.0,16.0,0.0,2.8,7.2,,,46.0,
2019-04-30,26.8,8.0,17.4,0.0,1.7,8.3,,,43.0,
2019-05-01,23.6,5.8,14.7,0.0,2.2,9.4,,,44.0,
2019-05-02,22.7,1.6,12.2,0.0,1.4,6.1,,,40.0,
2019-05-03,21.0,1.0,11.0,0.0,3.3,10.8,,,43.0,
2019-05-04,25.4,1.4,13.4,0.0,1.9,8.1,,,40.0,
2019-05-05,18.3,3.8,11.0,0.0,3.1,7.8,,,51.0,
2019-05-06,24.5,1.5,13.0,0.0,2.8,10.6,,,37.0,
2019-05-07,19.7,9.3,14.5,0.0,3.6,12.2,,,52.0,
2019-05-08,16.2,6.5,11.4,0.2,6.9,18.6,,,51.0,
2019-05-09,14.4,1.8,8.1,2.2,2.8,9.2,,,72.0,
2019-05-10,23.1,9.6,16.4,0.0,4.2,11.9,,,54.0,
2019-05-11,25.2,6.8,16.0,0.0,2.2,8.6,,,38.0,
2019-05-12,24.8,5.0,14.9,0.0,1.9,7.2,,,33.0,
2019-05-13,29.1,7.1,18.1,0.0,1.9,6.7,,,25.0,
2019-05-14,29.3,5.6,17.4,0.0,1.9,6.4,,,19.0,
2019-05-15,32.8,12.3,22.6,0.0,2.5,9.2,,,29.0,
2019-05-16,23.7,6.8,15.2,1.4,2.5,15.3,,,61.0,
2019-05-17,14.2,3.6,8.9,0.6,5.3,14.4,,,64.0,
2019-05-18,13.9,2.5,8.2,0.0,5.6,11.1,,,59.0,
2019-05-19,20.2,2.0,11.1,0.0,2.5,7.8,,,37.0,
2019-05-20,20.1,4.4,12.2,0.0,2.2,7.2,,,46.0,
2019-05-21,24.6,4.7,14.6,0.0,0.6,7.2,,,39.0,
2019-05-22,25.9,5.7,15.8,0.0,2.2,7.8,,,42.0,
2019-05-23,23.7,10.2,17.0,0.0,3.6,12.5,,,50.0,
2019-05-24,22.9,4.1,13.5,0.0,4.4,13.9,,,45.0,
2019-05-25,25.3,2.4,13.8,0.0,3.3,11.4,,,38.0,
2019-05-26,29.2,5.4,17.3,0.0,3.6,10.0,,,39.0,
2019-05-27,26.6,9.3,18.0,0.0,2.5,9.7,,,44.0,
2019-05-28,24.1,4.1,14.1,0.0,4.2,11.4,,,41.0,
2019-05-29,27.4,3.2,15.3,0.0,2.2,7.2,,,41.0,
2019-05-30,30.4,7.1,18.8,0.0,1.7,8.1,,,38.0,
2019-05-31,31.1,9.1,20.1,0.0,1.9,9.7,,,34.0,
2019-06-01,32.2,10.5,21.4,0.0,1.9,11.9,,,31.0,
2019-06-02,29.9,12.4,21.2,0.0,2.5,9.4,,,30.0,
2019-06-03,28.7,13.0,20.8,0.0,2.2,8.6,,,43.0,
2019-06-04,21.3,7.4,14.4,0.0,4.4,12.8,,,52.0,
2019-06-05,16.1,5.3,10.7,0.0,4.4,15.0,,,51.0,
2019-06-06,14.3,2.7,8.5,3.2,7.2,16.1,,,74.0,
2019-06-07,15.5,3.8,9.6,0.2,5.0,12.8,,,55.0,
2019-06-08,21.8,2.0,11.9,0.0,2.2,7.5,,,54.0,
2019-06-09,22.1,6.8,14.4,0.0,4.2,12.2,,,49.0,
2019-06-10,20.6,3.2,11.9,0.0,3.6,11.1,,,42.0,
2019-06-11,17.8,5.2,11.5,0.0,6.1,13.3,,,43.0,
2019-06-12,21.0,2.6,11.8,0.0,2.8,9.4,,,39.0,
2019-06-13,22.3,2.4,12.4,0.0,4.4,12.5,,,46.0,
2019-06-14,21.9,3.4,12.6,0.0,3.6,11.1,,,47.0,
2019-06-15,23.8,6.1,15.0,0.0,2.8,7.8,,,45.0,
2019-06-16,26.5,4.4,15.4,0.0,2.5,9.4,,,39.0,
2019-06-17,25.7,9.0,17.4,0.0,4.2,13.3,,,32.0,
2019-06-18,22.2,11.0,16.6,2.7,7.5,18.6,,,59.0,
2019-06-19,23.0,11.3,17.2,,3.3,,,,63.0,
2019-06-20,22.1,8.2,15.2,7.2,2.5,9.4,,,72.0,
2019-06-21,23.6,8.4,16.0,0.0,3.1,8.3,,,57.0,
2019-06-22,27.5,8.6,18.0,0.0,3.1,10.0,,,47.0,
2019-06-23,24.4,13.2,18.8,4.2,4.7,12.5,,,70.0,
2019-06-24,15.7,11.8,13.8,19.2,1.4,6.4,,,96.0,
2019-06-25,23.7,11.9,17.8,1.4,1.4,5.8,,,78.0,
2019-06-26,27.6,12.4,20.0,0.0,4.4,13.1,,,54.0,
2019-06-27,32.0,14.9,23.4,0.0,3.9,11.7,,,47.0,
2019-06-28,36.0,14.0,25.0,0.0,2.2,8.1,,,48.0,
2019-06-29,34.8,16.1,25.4,0.0,3.9,11.1,,,45.0,
2019-06-30,32.8,16.4,24.6,0.0,2.8,12.5,,,45.0,
2019-07-01,30.2,13.9,22.0,0.0,2.2,10.3,,,61.0,
2019-07-02,30.3,11.3,20.8,0.0,2.5,6.7,,,52.0,
2019-07-03,31.9,13.8,22.8,0.0,3.1,12.5,,,49.0,
2019-07-04,27.9,14.7,21.3,6.4,3.1,8.9,,,51.0,
2019-07-05,28.7,14.0,21.4,0.0,3.9,11.4,,,49.0,
2019-07-06,28.1,12.9,20.5,0.0,2.5,11.7,,,44.0,
2019-07-07,29.1,11.5,20.3,0.0,2.5,7.5,,,46.0,
2019-07-08,29.0,12.7,20.8,14.2,2.8,13.6,,,64.0,
2019-07-09,28.9,11.3,20.1,0.0,2.8,8.9,,,52.0,
2019-07-10,29.5,10.5,20.0,0.0,1.7,6.4,,,46.0,
2019-07-11,33.9,12.5,23.2,0.0,1.1,7.5,,,45.0,
2019-07-12,35.2,14.2,24.7,0.0,1.9,7.8,,,43.0,
2019-07-13,31.8,14.7,23.2,1.6,2.5,12.8,,,47.0,
2019-07-14,31.3,13.0,22.2,0.0,2.5,8.3,,,53.0,
2019-07-15,29.7,14.2,22.0,0.0,2.5,8.1,,,45.0,
2019-07-16,29.2,12.3,20.8,0.0,2.2,6.4,,,45.0,
2019-07-17,32.2,14.3,23.2,0.0,2.5,8.9,,,43.0,
2019-07-18,32.4,11.0,21.7,0.0,3.1,8.1,,,47.0,
2019-07-19,33.8,13.7,23.8,0.0,3.1,9.7,,,40.0,
2019-07-20,32.0,14.2,23.1,0.0,3.3,9.4,,,45.0,
2019-07-21,32.8,12.1,22.4,0.0,1.9,7.2,,,47.0,
2019-07-22,34.5,15.0,24.8,8.6,3.9,18.6,,,52.0,
2019-07-23,31.1,14.8,23.0,31.4,3.9,16.9,,,69.0,
2019-07-24,32.1,15.8,24.0,0.0,4.7,12.8,,,48.0,
2019-07-25,30.0,13.8,21.9,0.2,4.4,14.7,,,54.0,
2019-07-26,25.1,11.5,18.3,0.6,3.1,10.3,,,47.0,
2019-07-27,22.9,9.5,16.2,2.4,2.5,9.4,,,69.0,
2019-07-28,27.6,6.6,17.1,0.0,2.5,7.8,,,52.0,
2019-07-29,22.4,10.8,16.6,0.0,5.3,14.2,,,47.0,
2019-07-30,24.8,7.9,16.4,0.0,3.3,9.2,,,42.0,
2019-07-31,27.3,9.0,18.2,0.0,1.7,6.4,,,45.0,
2019-08-01,29.5,10.4,20.0,0.0,1.7,6.7,,,46.0,
2019-08-02,31.3,11.4,21.4,0.0,2.2,9.4,,,47.0,
2019-08-03,33.4,13.0,23.2,0.8,2.5,8.6,,,44.0,
2019-08-04,31.4,14.1,22.8,0.0,3.3,9.7,,,54.0,
2019-08-05,31.7,12.8,22.2,0.0,2.8,8.9,,,49.0,
2019-08-06,28.8,14.2,21.5,0.0,1.9,10.8,,,61.0,
2019-08-07,24.1,15.0,19.6,1.4,1.7,11.1,,,65.0,
2019-08-08,25.9,15.6,20.8,0.8,5.8,16.1,,,74.0,
2019-08-09,25.7,13.7,19.7,0.0,3.9,13.9,,,59.0,
2019-08-10,26.0,11.2,18.6,0.0,2.2,8.6,,,52.0,
2019-08-11,22.5,10.4,16.4,0.0,3.6,13.3,,,58.0,
2019-08-12,23.3,6.5,14.9,0.0,2.2,8.9,,,48.0,
2019-08-13,26.0,6.1,16.0,0.0,2.2,7.8,,,50.0,
2019-08-14,29.6,10.4,20.0,0.0,2.8,11.9,,,51.0,
2019-08-15,30.4,12.3,21.4,0.0,3.1,7.8,,,44.0,
2019-08-16,33.1,11.2,22.2,0.0,2.8,9.7,,,43.0,
2019-08-17,33.0,13.8,23.4,0.0,3.3,10.3,,,42.0,
2019-08-18,24.6,11.3,18.0,7.0,3.3,10.8,,,75.0,
2019-08-19,25.4,9.1,17.2,0.0,1.4,6.4,,,57.0,
2019-08-20,24.8,7.8,16.3,0.0,3.1,7.8,,,53.0,
2019-08-21,31.2,9.8,20.5,0.0,1.7,6.1,,,40.0,
2019-08-22,31.1,9.0,20.0,0.0,2.5,6.4,,,38.0,
2019-08-23,33.3,8.7,21.0,0.0,1.9,7.8,,,35.0,
2019-08-24,32.1,12.5,22.3,0.0,2.8,7.2,,,39.0,
2019-08-25,27.8,15.6,21.7,1.4,3.3,10.8,,,54.0,
2019-08-26,26.5,13.5,20.0,0.0,4.4,11.9,,,61.0,
2019-08-27,28.6,10.3,19.4,0.0,1.7,8.9,,,54.0,
2019-08-28,31.7,12.2,22.0,0.0,2.5,7.5,,,55.0,
2019-08-29,32.2,13.8,23.0,0.0,2.5,7.8,,,55.0,
2019-08-30,34.3,12.5,23.4,0.0,3.6,11.4,,,50.0,
2019-08-31,32.6,14.7,23.6,0.0,3.3,9.2,,,46.0,
2019-09-01,28.0,11.4,19.7,0.0,3.3,10.6,,,58.0,
2019-09-02,26.2,7.7,17.0,0.0,1.9,6.1,,,50.0,
2019-09-03,29.9,5.8,17.8,0.0,2.2,6.4,,,36.0,
2019-09-04,31.8,9.3,20.6,0.0,2.8,8.9,,,38.0,
2019-09-05,25.3,6.9,16.1,0.0,2.8,9.7,,,45.0,
2019-09-06,23.9,4.9,14.4,0.0,2.8,7.5,,,51.0,
2019-09-07,25.0,2.6,13.8,0.0,2.5,8.3,,,34.0,
2019-09-08,26.1,5.7,15.9,0.0,1.9,6.7,,,46.0,
2019-09-09,24.7,7.4,16.0,0.0,3.9,10.6,,,49.0,
2019-09-10,19.5,7.5,13.5,0.0,7.8,17.2,,,48.0,
2019-09-11,25.9,7.1,16.5,0.0,2.2,9.2,,,50.0,
2019-09-12,29.2,6.6,17.9,0.0,2.2,7.2,,,44.0,
2019-09-13,31.5,11.0,21.2,0.6,3.3,13.9,,,40.0,
2019-09-14,28.9,13.5,21.2,0.4,3.1,11.7,,,49.0,
2019-09-15,24.0,12.6,18.3,2.0,2.5,9.7,,,67.0,
2019-09-16,25.1,13.0,19.0,0.0,1.9,7.5,,,67.0,
2019-09-17,26.6,14.0,20.3,8.0,3.1,9.7,,,63.0,
2019-09-18,27.6,10.4,19.0,0.0,1.9,5.8,,,66.0,
2019-09-19,26.7,11.2,19.0,0.0,1.7,6.7,,,62.0,
2019-09-20,25.8,11.2,18.5,0.0,2.8,11.9,,,61.0,
2019-09-21,16.6,10.3,13.4,4.2,5.0,13.9,,,89.0,
2019-09-22,20.7,8.2,14.4,0.0,2.8,8.6,,,59.0,
2019-09-23,20.7,8.2,14.4,0.0,1.9,6.9,,,70.0,
2019-09-24,22.8,9.4,16.1,0.0,3.9,10.8,,,67.0,
2019-09-25,22.0,10.0,16.0,0.0,3.1,10.0,,,60.0,
2019-09-26,27.1,7.9,17.5,0.0,2.2,10.0,,,52.0,
2019-09-27,22.2,8.6,15.4,0.0,3.9,11.9,,,65.0,
2019-09-28,27.1,5.0,16.0,0.0,1.7,5.0,,,60.0,
2019-09-29,27.4,7.6,17.5,0.0,3.1,10.6,,,55.0,
2019-09-30,28.7,12.0,20.4,0.0,1.9,8.1,,,68.0,
2019-10-01,22.0,11.2,16.6,0.0,4.2,11.7,,,60.0,
2019-10-02,24.2,6.9,15.6,0.0,1.9,7.2,,,56.0,
2019-10-03,26.8,4.3,15.6,0.0,3.3,9.7,,,58.0,
2019-10-04,26.9,10.7,18.8,0.0,1.9,7.2,,,64.0,
2019-10-05,27.3,7.0,17.2,0.0,1.9,7.8,,,62.0,
2019-10-06,26.1,8.6,17.4,0.0,2.5,9.7,,,56.0,
2019-10-07,30.3,8.2,19.2,0.0,1.1,8.9,,,51.0,
2019-10-08,27.3,10.7,19.0,0.0,2.5,11.1,,,58.0,
2019-10-09,22.2,5.9,14.0,0.0,2.8,9.2,,,58.0,
2019-10-10,22.9,3.7,13.3,0.0,1.7,5.3,,,57.0,
2019-10-11,27.0,4.8,15.9,0.0,1.7,12.5,,,51.0,
2019-10-12,25.5,12.2,18.8,0.0,5.8,18.9,,,55.0,
2019-10-13,19.8,11.7,15.8,7.4,5.3,16.1,,,68.0,
2019-10-14,13.6,5.7,9.6,2.8,2.8,12.5,,,86.0,
2019-10-15,13.9,5.1,9.5,1.0,2.2,7.5,,,76.0,
2019-10-16,17.0,7.8,12.4,4.8,3.1,11.1,,,87.0,
2019-10-17,21.2,9.1,15.2,0.0,2.2,8.1,,,72.0,
2019-10-18,14.9,9.3,12.1,1.0,1.7,9.2,,,73.0,
2019-10-19,10.6,7.1,8.8,22.0,2.2,8.3,,,95.0,
2019-10-20,14.1,3.0,8.6,0.4,3.9,8.1,,,75.0,
2019-10-21,11.4,1.6,6.5,0.0,1.4,5.3,,,76.0,
2019-10-22,17.3,2.9,10.1,0.2,3.3,10.3,,,63.0,
2019-10-23,9.3,6.1,7.7,5.8,4.7,15.0,,,82.0,
2019-10-24,17.1,5.3,11.2,0.0,3.9,10.0,,,82.0,
2019-10-25,17.1,5.1,11.1,0.0,1.9,6.4,,,84.0,
2019-10-26,21.3,4.2,12.8,0.0,2.2,6.9,,,71.0,
2019-10-27,16.5,6.8,11.6,0.0,1.1,3.6,,,79.0,
2019-10-28,21.4,6.3,13.8,0.0,1.9,4.4,,,75.0,
2019-10-29,21.2,9.0,15.1,0.0,1.1,5.8,,,76.0,
2019-10-30,15.1,10.3,12.7,1.2,1.1,7.5,,,95.0,
2019-10-31,19.9,10.9,15.4,2.4,2.2,7.8,,,79.0,
2019-11-01,20.9,12.5,16.7,3.2,4.4,14.4,,,82.0,
2019-11-02,16.0,10.3,13.2,0.8,4.2,15.0,,,70.0,
2019-11-03,14.0,6.1,10.0,0.4,5.0,19.7,,,77.0,
2019-11-04,14.6,4.9,9.8,0.0,5.0,16.1,,,71.0,
2019-11-05,12.3,4.4,8.4,1.2,5.6,15.0,,,80.0,
2019-11-06,13.5,4.8,9.2,0.8,2.2,9.7,,,84.0,
2019-11-07,9.0,1.3,5.2,1.6,4.7,13.3,,,76.0,
2019-11-08,8.8,1.6,5.2,0.0,4.7,15.0,,,76.0,
2019-11-09,13.1,3.3,8.2,1.0,4.4,16.4,,,75.0,
2019-11-10,6.7,2.5,4.6,0.8,3.9,12.2,,,84.0,
2019-11-11,14.1,3.2,8.6,0.0,3.3,12.8,,,67.0,
2019-11-12,9.1,3.9,6.5,12.6,2.5,8.6,,,84.0,
2019-11-13,13.6,5.5,9.6,4.8,5.0,15.3,,,74.0,
2019-11-14,5.5,0.3,2.9,19.0,3.3,14.7,,,93.0,
2019-11-15,6.4,0.5,3.4,0.2,5.0,12.2,,,81.0,
2019-11-16,7.6,-0.7,3.4,0.2,2.2,12.5,,,78.0,
2019-11-17,10.6,2.0,6.3,0.8,2.5,14.2,,,80.0,
2019-11-18,10.4,-0.9,4.8,0.0,3.9,10.0,,,76.0,
2019-11-19,6.5,-3.0,1.8,1.8,1.1,4.7,,,84.0,
2019-11-20,8.4,2.0,5.2,3.2,3.9,9.2,,,95.0,
2019-11-21,10.4,1.0,5.7,0.8,1.7,6.4,,,83.0,
2019-11-22,12.8,1.8,7.3,4.2,3.1,15.0,,,93.0,
2019-11-23,10.0,3.2,6.6,0.0,4.2,15.8,,,74.0,
2019-11-24,9.4,3.5,6.4,1.4,1.9,8.3,,,80.0,
2019-11-25,13.9,5.1,9.5,0.2,3.1,10.6,,,80.0,
2019-11-26,16.2,5.6,10.9,0.6,4.2,16.1,,,80.0,
2019-11-27,11.6,6.3,9.0,0.6,4.2,10.3,,,77.0,
2019-11-28,14.4,6.1,10.2,3.4,1.4,10.3,,,89.0,
2019-11-29,15.1,6.3,10.7,1.6,2.2,5.8,,,81.0,
2019-11-30,12.3,3.3,7.8,1.2,2.8,13.3,,,83.0,
2019-12-01,11.1,1.6,6.4,0.2,2.2,9.4,,,86.0,
2019-12-02,10.7,-0.8,5.0,0.0,6.1,12.2,,,68.0,
2019-12-03,9.4,-4.6,2.4,0.0,1.7,5.0,,,68.0,
2019-12-04,15.5,-2.3,6.6,0.0,1.4,7.5,,,72.0,
2019-12-05,12.9,-0.6,6.2,0.0,2.5,6.7,,,75.0,
2019-12-06,12.4,-0.5,6.0,0.0,0.8,3.9,,,73.0,
2019-12-07,13.3,-0.4,6.4,0.0,1.4,3.3,,,85.0,
2019-12-08,12.3,2.2,7.2,0.2,2.5,10.0,,,94.0,
2019-12-09,13.4,0.8,7.1,0.0,3.3,10.8,,,58.0,
2019-12-10,6.6,-1.5,2.6,0.4,0.8,2.8,,,83.0,
2019-12-11,8.7,-0.3,4.2,0.8,4.4,10.6,,,78.0,
2019-12-12,10.1,4.4,7.2,9.2,5.3,17.5,,,86.0,
2019-12-13,12.6,8.3,10.4,0.0,6.9,21.4,,,79.0,
2019-12-14,15.2,5.5,10.4,0.0,1.4,10.8,,,78.0,
2019-12-15,9.2,5.8,7.5,9.0,5.0,11.9,,,83.0,
2019-12-16,7.3,2.4,4.8,39.2,4.2,15.3,,,99.0,
2019-12-17,9.0,-1.1,4.0,0.0,1.7,10.0,,,82.0,
2019-12-18,8.6,-1.0,3.8,16.6,3.3,15.6,,,99.0,
2019-12-19,9.2,6.3,7.8,16.0,6.1,23.1,,,91.0,
2019-12-20,7.7,2.9,5.3,9.6,1.4,12.2,,,95.0,
2019-12-21,14.2,4.5,9.4,7.8,6.4,23.1,,,84.0,
2019-12-22,12.0,5.1,8.6,1.0,6.7,20.3,,,77.0,
2019-12-23,11.4,1.6,6.5,0.0,1.7,9.4,,,83.0,
2019-12-24,7.6,3.6,5.6,0.2,0.6,4.4,,,100.0,
2019-12-25,7.0,5.7,6.4,0.2,0.6,3.1,,,100.0,
2019-12-26,11.4,1.3,6.4,0.0,2.5,5.0,,,91.0,
2019-12-27,17.3,-4.8,6.2,0.0,0.8,2.8,,,66.0,
2019-12-28,19.5,-1.6,9.0,0.0,0.8,3.1,,,44.0,
2019-12-29,17.3,-0.9,8.2,0.0,0.8,3.6,,,42.0,
2019-12-30,19.1,-0.2,9.4,0.0,,2.8,,,,
2019-12-31,15.9,-0.5,7.7,0.0,,3.6,,,,
2020-01-01,12.2,-2.3,5.0,0.0,0.6,3.3,,,72.0,
2020-01-02,9.2,-3.4,2.9,0.0,0.6,3.1,,,84.0,
2020-01-03,6.0,-2.5,1.8,0.0,1.1,3.6,,,99.0,
2020-01-04,2.2,-3.4,-0.6,0.0,1.1,3.9,,,99.0,
2020-01-05,18.5,-3.3,7.6,0.0,1.7,3.6,,,55.0,
2020-01-06,1.1,-6.1,-2.5,0.0,0.6,3.1,,,96.0,
2020-01-07,11.1,-5.2,3.0,0.0,0.8,3.1,,,77.0,
2020-01-08,14.8,-1.6,6.6,0.0,0.6,3.6,,,60.0,
2020-01-09,11.3,1.7,6.5,0.2,2.8,10.8,,,81.0,
2020-01-10,12.3,-1.7,5.3,0.0,2.5,7.8,,,66.0,
2020-01-11,9.4,-3.9,2.8,0.0,1.1,3.9,,,79.0,
2020-01-12,0.6,-5.2,-2.3,0.0,0.8,3.1,,,98.0,
2020-01-13,-1.0,-6.0,-3.5,0.0,1.4,3.9,,,97.0,
2020-01-14,5.8,-1.0,2.4,0.0,3.1,14.7,,,96.0,
2020-01-15,13.0,4.7,8.8,1.8,4.4,13.3,,,81.0,
2020-01-16,10.3,4.5,7.4,1.4,8.9,20.3,,,84.0,
2020-01-17,8.4,1.4,4.9,0.0,3.9,10.3,,,71.0,
2020-01-18,8.9,1.0,5.0,1.4,3.1,13.3,,,92.0,
2020-01-19,7.4,0.4,3.9,0.0,9.7,20.0,,,55.0,
2020-01-20,6.7,-2.3,2.2,0.0,5.3,15.8,,,57.0,
2020-01-21,8.8,-1.8,3.5,0.0,5.6,13.3,,,74.0,
2020-01-22,9.4,3.0,6.2,1.6,1.7,8.6,,,73.0,
2020-01-23,10.6,2.0,6.3,0.0,1.1,4.7,,,79.0,
2020-01-24,6.3,1.7,4.0,0.2,1.4,3.6,,,91.0,
2020-01-25,9.3,-0.5,4.4,0.2,1.4,4.2,,,88.0,
2020-01-26,7.5,-2.0,2.8,0.0,1.1,4.2,,,92.0,
2020-01-27,9.7,2.3,6.0,3.4,3.1,12.5,,,88.0,
2020-01-28,9.0,5.7,7.4,1.8,1.4,11.7,,,85.0,
2020-01-29,10.1,6.3,8.2,5.4,1.1,7.5,,,97.0,
2020-01-30,9.4,5.0,7.2,0.6,1.4,6.1,,,96.0,
2020-01-31,15.1,2.0,8.6,1.6,1.7,5.8,,,96.0,
2020-02-01,17.6,8.7,13.2,0.0,1.7,9.2,,,81.0,
2020-02-02,14.1,5.2,9.6,0.2,1.7,4.7,,,93.0,
2020-02-03,17.1,4.1,10.6,0.0,1.1,3.3,,,97.0,
2020-02-04,15.3,2.5,8.9,0.0,2.2,6.1,,,85.0,
2020-02-05,14.6,1.0,7.8,0.0,1.7,5.0,,,80.0,
2020-02-06,15.4,-2.0,6.7,0.0,1.4,3.6,,,76.0,
2020-02-07,13.8,-0.4,6.7,0.6,0.8,5.0,,,80.0,
2020-02-08,12.9,2.3,7.6,1.6,2.5,8.3,,,80.0,
2020-02-09,10.5,-0.1,5.2,0.0,0.8,3.9,,,85.0,
2020-02-10,19.4,7.6,13.5,0.0,3.6,10.6,,,67.0,
2020-02-11,16.4,5.8,11.1,0.0,3.1,8.3,,,68.0,
2020-02-12,15.1,5.1,10.1,0.0,2.8,5.3,,,81.0,
2020-02-13,15.3,5.8,10.6,0.0,3.1,11.7,,,75.0,
2020-02-14,11.5,2.5,7.0,0.0,1.9,5.8,,,87.0,
2020-02-15,9.9,4.2,7.0,0.0,1.7,5.8,,,92.0,
2020-02-16,16.2,4.2,10.2,1.2,1.9,10.8,,,80.0,
2020-02-17,12.1,0.9,6.5,0.0,4.4,10.0,,,71.0,
2020-02-18,14.8,-3.0,5.9,0.0,1.9,6.1,,,69.0,
2020-02-19,12.5,-4.4,4.0,0.0,1.1,5.8,,,70.0,
2020-02-20,17.6,-3.7,7.0,0.0,2.2,5.8,,,66.0,
2020-02-21,16.7,-0.8,8.0,0.0,1.4,4.7,,,58.0,
2020-02-22,19.2,-0.9,9.2,0.0,1.7,5.0,,,55.0,
2020-02-23,22.8,-0.1,11.4,0.0,1.9,6.4,,,49.0,
2020-02-24,22.4,-0.3,11.0,0.0,3.3,9.7,,,37.0,
2020-02-25,13.7,3.6,8.6,0.0,3.3,13.6,,,66.0,
2020-02-26,10.5,2.6,6.6,0.0,4.2,11.1,,,71.0,
2020-02-27,16.0,5.9,11.0,0.0,3.9,13.3,,,55.0,
2020-02-28,18.0,2.8,10.4,0.2,1.4,15.0,,,46.0,
2020-02-29,12.8,5.4,9.1,0.6,3.9,14.4,,,69.0,
2020-03-01,15.8,4.1,10.0,14.6,4.4,15.0,,,55.0,
2020-03-02,11.2,1.4,6.3,4.0,4.7,27.5,,,81.0,
2020-03-03,15.5,3.0,9.2,2.6,5.0,15.6,,,74.0,
2020-03-04,16.1,9.5,12.8,1.0,3.9,12.2,,,73.0,
2020-03-05,12.2,3.1,7.6,1.6,5.3,16.1,,,77.0,
2020-03-06,8.4,1.4,4.9,0.0,5.0,17.5,,,66.0,
2020-03-07,18.4,2.5,10.4,0.0,3.1,9.2,,,60.0,
2020-03-08,13.9,1.7,7.8,0.0,3.3,11.7,,,70.0,
2020-03-09,16.6,2.8,9.7,0.0,2.2,9.2,,,53.0,
2020-03-10,23.2,4.4,13.8,0.0,2.2,7.2,,,45.0,
2020-03-11,24.3,4.6,14.4,0.0,1.4,4.7,,,58.0,
2020-03-12,20.6,7.1,13.8,0.0,2.2,5.8,,,63.0,
2020-03-13,17.3,4.4,10.8,0.0,1.9,5.3,,,67.0,
2020-03-14,18.2,0.1,9.2,0.0,2.8,6.7,,,61.0,
2020-03-15,17.0,-1.4,7.8,1.4,4.4,13.9,,,69.0,
2020-03-16,12.3,1.6,7.0,0.0,7.8,15.8,,,55.0,
2020-03-17,16.4,4.7,10.6,0.0,1.9,10.0,,,65.0,
2020-03-18,18.7,7.0,12.8,0.0,1.7,6.1,,,67.0,
2020-03-19,18.5,6.1,12.3,0.4,1.9,7.5,,,67.0,
2020-03-20,13.1,6.4,9.8,2.4,1.9,9.4,,,86.0,
2020-03-21,13.7,6.3,10.0,0.0,1.4,6.1,,,80.0,
2020-03-22,17.4,4.5,11.0,0.2,1.9,9.2,,,74.0,
2020-03-23,16.0,0.7,8.4,0.0,1.7,7.5,,,61.0,
2020-03-24,18.0,6.7,12.4,0.0,2.5,6.9,,,59.0,
2020-03-25,21.3,1.2,11.2,0.0,3.3,10.3,,,50.0,
2020-03-26,18.5,-0.1,9.2,0.0,2.5,9.4,,,44.0,
2020-03-27,13.2,-3.4,4.9,0.0,3.1,10.3,,,53.0,
2020-03-28,16.7,-2.3,7.2,0.0,1.7,5.8,,,45.0,
2020-03-29,18.0,-0.7,8.6,0.0,3.6,10.0,,,52.0,
2020-03-30,7.9,-2.6,2.6,0.0,6.1,13.3,,,50.0,
2020-03-31,9.3,-3.0,3.2,11.8,3.1,10.6,,,77.0,
2020-04-01,16.0,3.7,9.8,6.8,1.9,12.5,,,81.0,
2020-04-02,16.0,3.0,9.5,0.0,3.6,10.0,,,63.0,
2020-04-03,14.4,2.4,8.4,0.0,3.1,7.5,,,68.0,
2020-04-04,15.8,-0.8,7.5,0.0,3.3,11.1,,,64.0,
2020-04-05,12.1,8.0,10.0,4.2,5.6,13.9,,,86.0,
2020-04-06,15.7,8.0,11.8,10.6,,7.8,,,84.0,
2020-04-07,20.3,8.1,14.2,1.2,3.1,6.4,,,85.0,
2020-04-08,19.9,7.3,13.6,0.0,1.7,5.6,,,75.0,
2020-04-09,14.2,7.3,10.8,9.8,1.9,5.8,,,89.0,
2020-04-10,18.7,8.9,13.8,3.4,2.8,10.8,,,84.0,
2020-04-11,18.7,9.5,14.1,0.0,1.7,6.9,,,73.0,
2020-04-12,18.7,9.6,14.2,0.0,1.9,8.3,,,68.0,
2020-04-13,15.3,4.8,10.0,2.8,1.9,9.4,,,83.0,
2020-04-14,19.0,8.6,13.8,1.8,1.7,15.0,,,70.0,
2020-04-15,12.0,4.9,8.4,9.6,2.5,26.7,,,85.0,
2020-04-16,11.2,6.8,9.0,12.0,3.1,12.2,,,94.0,
2020-04-17,14.4,6.2,10.3,3.8,5.0,12.5,,,77.0,
2020-04-18,18.0,4.2,11.1,0.6,1.7,6.7,,,71.0,
2020-04-19,16.6,3.9,10.2,1.4,2.2,8.9,,,71.0,
2020-04-20,15.0,1.9,8.4,0.0,3.1,11.1,,,70.0,
2020-04-21,17.7,4.7,11.2,0.0,3.3,9.4,,,69.0,
2020-04-22,18.1,5.3,11.7,0.0,1.7,6.4,,,59.0,
2020-04-23,16.8,9.3,13.0,0.0,1.9,6.1,,,69.0,
2020-04-24,21.5,8.0,14.8,2.6,2.8,8.1,,,61.0,
2020-04-25,20.5,9.9,15.2,0.8,1.1,8.6,,,72.0,
2020-04-26,16.5,8.7,12.6,1.2,2.2,8.6,,,81.0,
2020-04-27,15.8,5.6,10.7,0.4,2.5,11.1,,,75.0,
2020-04-28,15.3,4.9,10.1,0.2,3.9,11.1,,,62.0,
2020-04-29,16.7,6.8,11.8,0.0,5.3,15.0,,,71.0,
2020-04-30,16.0,5.4,10.7,1.4,3.1,11.4,,,69.0,
2020-05-01,20.2,9.9,15.0,0.6,2.5,11.9,,,80.0,
2020-05-02,23.7,7.8,15.8,0.0,2.2,6.4,,,67.0,
2020-05-03,25.3,6.5,15.9,0.0,2.5,10.0,,,56.0,
2020-05-04,21.7,11.0,16.4,0.0,4.7,24.2,,,60.0,
2020-05-05,19.6,5.1,12.4,0.0,3.9,11.7,,,58.0,
2020-05-06,22.1,4.6,13.4,0.0,2.5,9.7,,,54.0,
2020-05-07,25.3,9.9,17.6,9.6,1.7,23.6,,,49.0,
2020-05-08,21.2,10.7,16.0,5.2,3.1,11.1,,,79.0,
2020-05-09,18.0,8.6,13.3,0.0,4.4,11.4,,,69.0,
2020-05-10,18.9,8.1,13.5,0.0,1.9,9.2,,,73.0,
2020-05-11,20.3,5.5,12.9,0.4,2.2,8.3,,,59.0,
2020-05-12,19.6,9.2,14.4,2.6,2.8,8.9,,,81.0,
2020-05-13,19.1,7.4,13.2,1.0,3.1,9.2,,,73.0,
2020-05-14,17.1,8.7,12.9,18.6,2.5,11.9,,,93.0,
2020-05-15,15.4,5.8,10.6,1.0,2.5,10.0,,,76.0,
2020-05-16,19.8,2.4,11.1,0.0,1.4,7.2,,,60.0,
2020-05-17,21.9,1.7,11.8,0.0,1.1,5.6,,,45.0,
2020-05-18,24.9,5.2,15.0,0.0,2.5,6.1,,,42.0,
2020-05-19,27.4,7.4,17.4,0.0,1.9,5.3,,,52.0,
2020-05-20,28.1,7.9,18.0,0.0,1.9,6.4,,,46.0,
2020-05-21,30.1,11.8,21.0,0.0,2.5,10.3,,,45.0,
2020-05-22,30.1,12.9,21.5,0.0,3.1,8.9,,,49.0,
2020-05-23,24.6,10.8,17.7,0.0,2.8,7.2,,,58.0,
2020-05-24,26.7,9.0,17.8,0.0,1.9,6.1,,,49.0,
2020-05-25,28.1,9.9,19.0,0.0,1.9,7.8,,,53.0,
2020-05-26,27.0,7.1,17.0,0.0,2.2,7.8,,,44.0,
2020-05-27,29.3,15.0,22.2,0.0,2.2,6.7,,,46.0,
2020-05-28,29.8,14.0,21.9,0.0,1.9,6.1,,,49.0,
2020-05-29,32.0,12.2,22.1,0.0,2.2,8.3,,,46.0,
2020-05-30,30.1,12.2,21.2,0.0,1.7,6.4,,,43.0,
2020-05-31,27.0,13.4,20.2,0.0,1.1,11.1,,,55.0,
2020-06-01,27.2,9.7,18.4,0.0,3.1,7.8,,,54.0,
2020-06-02,28.2,15.2,21.7,0.0,1.7,6.4,,,53.0,
2020-06-03,25.8,12.2,19.0,0.0,3.3,12.2,,,65.0,
2020-06-04,19.3,7.9,13.6,0.0,4.7,12.2,,,55.0,
2020-06-05,27.2,5.1,16.2,0.0,2.8,8.9,,,51.0,
2020-06-06,25.6,9.9,17.8,0.0,3.3,10.8,,,54.0,
2020-06-07,18.7,8.9,13.8,0.2,2.5,8.1,,,59.0,
2020-06-08,18.8,6.1,12.4,0.0,2.5,9.7,,,54.0,
2020-06-09,21.8,1.8,11.8,0.0,1.9,7.8,,,48.0,
2020-06-10,24.2,5.1,14.6,0.0,2.2,9.4,,,52.0,
2020-06-11,15.9,8.4,12.2,2.0,5.3,13.3,,,73.0,
2020-06-12,14.9,7.0,11.0,0.2,4.7,12.8,,,65.0,
2020-06-13,17.7,7.9,12.8,0.0,3.9,11.4,,,63.0,
2020-06-14,19.0,7.0,13.0,0.0,3.3,9.7,,,61.0,
2020-06-15,19.8,7.3,13.6,0.0,2.8,8.9,,,62.0,
2020-06-16,21.0,8.3,14.6,0.0,3.6,12.8,,,61.0,
2020-06-17,19.6,7.0,13.3,0.0,2.8,8.1,,,57.0,
2020-06-19,26.5,5.1,15.8,0.0,3.3,11.1,,,51.0,
2020-06-20,29.1,8.5,18.8,0.0,3.1,10.8,,,48.0,
2020-06-21,28.2,9.9,19.0,0.0,4.4,10.8,,,47.0,
2020-06-22,31.4,9.3,20.4,0.0,1.7,6.7,,,49.0,
2020-06-23,35.6,11.6,23.6,0.0,2.8,9.2,,,34.0,
2020-06-24,30.1,13.6,21.8,8.0,4.2,12.2,,,61.0,
2020-06-25,29.3,12.3,20.8,0.0,3.1,11.4,,,58.0,
2020-06-26,25.8,12.8,19.3,0.0,3.6,10.6,,,56.0,
2020-06-27,25.5,14.2,19.8,0.0,3.9,11.4,,,63.0,
2020-06-28,27.0,12.2,19.6,0.0,5.3,12.2,,,57.0,
2020-06-29,31.5,11.9,21.7,0.0,2.8,10.6,,,54.0,
2020-06-30,30.3,13.4,21.8,0.0,1.9,10.3,,,61.0,
2020-07-01,28.0,14.1,21.0,0.0,5.8,12.8,,,51.0,
2020-07-02,24.1,10.4,17.2,0.0,3.9,9.2,,,50.0,
2020-07-03,29.3,6.3,17.8,0.0,1.7,6.9,,,44.0,
2020-07-04,31.8,9.0,20.4,0.0,1.9,6.7,,,45.0,
2020-07-05,34.1,14.7,24.4,0.0,1.7,7.2,,,45.0,
2020-07-06,31.5,16.0,23.8,0.0,2.8,7.8,,,52.0,
2020-07-07,33.3,14.3,23.8,0.0,2.5,7.5,,,29.0,
2020-07-08,34.1,13.5,23.8,3.8,5.0,18.9,,,45.0,
2020-07-09,34.2,13.5,23.8,0.0,2.8,9.4,,,47.0,
2020-07-10,31.0,12.1,21.6,0.0,2.5,7.5,,,46.0,
2020-07-11,30.7,12.3,21.5,1.6,1.9,14.2,,,52.0,
2020-07-12,31.5,16.0,23.8,0.0,3.3,16.4,,,57.0,
2020-07-13,30.0,11.8,20.9,0.0,2.8,10.0,,,55.0,
2020-07-14,28.8,10.9,19.8,0.0,2.5,8.3,,,45.0,
2020-07-15,28.5,8.0,18.2,0.0,1.9,8.1,,,43.0,
2020-07-16,30.7,11.1,20.9,0.0,2.2,6.4,,,36.0,
2020-07-17,30.9,10.3,20.6,0.0,2.2,9.7,,,35.0,
2020-07-18,32.4,9.6,21.0,0.0,2.8,7.8,,,43.0,
2020-07-19,34.8,13.2,24.0,0.0,2.8,8.3,,,36.0,
2020-07-20,33.3,15.0,24.2,0.0,2.2,7.5,,,42.0,
2020-07-21,33.8,13.8,23.8,14.2,1.9,16.7,,,60.0,
2020-07-22,31.6,15.3,23.4,15.4,1.9,10.8,,,48.0,
2020-07-23,32.0,15.2,23.6,0.0,3.1,11.7,,,38.0,
2020-07-24,32.1,11.5,21.8,0.0,2.2,7.5,,,42.0,
2020-07-25,32.8,12.3,22.6,0.0,2.8,11.7,,,43.0,
2020-07-26,32.8,13.9,23.4,0.0,2.2,7.8,,,46.0,
2020-07-27,36.1,15.7,25.9,0.0,2.8,9.4,,,40.0,
2020-07-28,32.1,16.1,24.1,0.0,1.7,8.3,,,48.0,
2020-07-29,32.8,13.5,23.2,0.0,2.2,8.9,,,50.0,
2020-07-30,35.8,16.1,26.0,20.2,3.6,21.9,,,58.0,
2020-07-31,34.1,13.6,23.8,0.0,2.5,14.2,,,44.0,
2020-08-01,30.9,14.5,22.7,0.0,2.8,10.8,,,43.0,
2020-08-02,29.6,10.4,20.0,0.0,2.8,8.3,,,53.0,
2020-08-03,29.5,10.8,20.2,0.0,2.5,7.8,,,51.0,
2020-08-04,27.9,11.2,19.6,0.0,2.2,9.2,,,53.0,
2020-08-05,33.0,10.7,21.8,0.0,2.5,7.5,,,42.0,
2020-08-06,35.5,13.8,24.6,0.0,2.5,7.8,,,34.0,
2020-08-07,34.6,18.2,26.4,0.0,3.9,11.4,,,42.0,
2020-08-08,35.2,15.3,25.2,0.0,2.2,10.6,,,39.0,
2020-08-09,33.8,15.0,24.4,0.0,2.5,13.3,,,49.0,
2020-08-10,32.7,14.7,23.7,0.0,3.6,11.4,,,39.0,
2020-08-11,27.3,13.2,20.2,17.8,3.9,14.2,,,61.0,
2020-08-12,18.5,12.3,15.4,4.4,1.7,9.7,,,88.0,
2020-08-13,28.2,8.4,18.3,0.0,2.2,6.1,,,56.0,
2020-08-14,27.8,10.5,19.2,0.0,3.1,7.8,,,53.0,
2020-08-15,24.6,11.5,18.0,0.0,3.3,12.2,,,53.0,
2020-08-16,23.4,9.3,16.4,0.0,4.2,10.6,,,57.0,
2020-08-17,18.6,12.7,15.6,8.4,2.5,5.8,,,87.0,
2020-08-18,22.5,13.5,18.0,1.2,2.2,7.5,,,82.0,
2020-08-19,28.0,11.4,19.7,5.4,6.1,15.8,,,53.0,
2020-08-20,22.4,15.2,18.8,3.8,5.3,14.7,,,87.0,
2020-08-21,25.7,10.6,18.2,0.0,2.8,9.2,,,61.0,
2020-08-22,27.7,9.8,18.8,0.0,2.8,7.8,,,52.0,
2020-08-23,27.0,9.0,18.0,0.0,1.7,6.4,,,47.0,
2020-08-24,27.0,9.6,18.3,0.0,1.4,5.8,,,64.0,
2020-08-25,31.8,12.5,22.2,0.0,1.9,8.9,,,43.0,
2020-08-26,32.6,11.6,22.1,0.0,2.2,8.9,,,48.0,
2020-08-27,31.2,16.1,23.6,0.0,3.6,11.9,,,57.0,
2020-08-28,21.4,9.9,15.6,0.0,4.7,11.7,,,50.0,
2020-08-29,19.7,7.5,13.6,0.0,4.4,12.8,,,52.0,
2020-08-30,21.8,5.3,13.6,0.0,1.7,7.5,,,48.0,
2020-08-31,22.4,2.4,12.4,0.0,1.1,5.8,,,53.0,
2020-09-01,27.1,10.0,18.6,0.0,1.7,6.4,,,44.0,
2020-09-02,27.4,8.4,17.9,0.0,1.7,6.1,,,51.0,
2020-09-03,29.7,8.5,19.1,0.0,2.2,7.2,,,49.0,
2020-09-04,32.7,9.9,21.3,0.0,2.2,12.2,,,39.0,
2020-09-05,31.1,12.2,21.6,0.0,1.7,6.1,,,45.0,
2020-09-06,27.3,11.9,19.6,0.0,1.9,7.5,,,57.0,
2020-09-07,23.9,5.9,14.9,0.0,1.9,7.2,,,53.0,
2020-09-08,26.4,6.5,16.4,0.0,1.9,7.8,,,42.0,
2020-09-09,29.1,7.5,18.3,0.0,1.7,6.4,,,35.0,
2020-09-10,28.8,8.6,18.7,0.0,1.9,6.4,,,48.0,
2020-09-11,30.0,9.9,20.0,0.0,1.7,7.2,,,50.0,
2020-09-12,30.7,10.6,20.6,0.0,2.2,6.4,,,44.0,
2020-09-13,31.5,10.8,21.2,0.0,2.5,8.1,,,38.0,
2020-09-14,26.6,13.2,19.9,3.0,2.8,8.6,,,63.0,
2020-09-15,26.2,13.0,19.6,0.2,2.5,9.7,,,60.0,
2020-09-16,26.5,9.2,17.8,1.6,1.7,7.5,,,55.0,
2020-09-17,24.4,14.4,19.4,9.0,3.6,11.1,,,73.0,
2020-09-18,23.1,12.8,18.0,5.6,5.0,12.5,,,81.0,
2020-09-19,20.6,10.9,15.8,1.2,1.1,7.5,,,71.0,
2020-09-20,20.9,10.9,15.9,10.2,1.7,4.4,,,87.0,
2020-09-21,22.9,11.2,17.0,19.0,1.9,8.6,,,82.0,
2020-09-22,22.5,9.7,16.1,0.0,1.9,5.6,,,70.0,
2020-09-23,20.8,11.0,15.9,0.0,2.8,11.1,,,76.0,
2020-09-24,16.9,8.6,12.8,0.0,4.2,14.2,,,68.0,
2020-09-25,15.1,6.9,11.0,0.0,4.7,12.8,,,65.0,
2020-09-26,17.1,7.3,12.2,0.0,4.4,15.0,,,73.0,
2020-09-27,22.8,8.3,15.6,0.0,1.9,8.3,,,57.0,
2020-09-28,21.0,2.0,11.5,0.0,1.9,5.6,,,63.0,
2020-09-29,26.1,6.8,16.4,0.0,1.9,5.8,,,53.0,
2020-09-30,26.8,8.4,17.6,0.4,2.2,9.4,,,56.0,
2020-10-01,16.9,9.6,13.2,10.0,4.4,11.7,,,70.0,
2020-10-02,13.6,4.7,9.2,2.6,5.6,20.0,,,78.0,
2020-10-03,13.1,4.6,8.8,0.6,4.4,14.2,,,72.0,
2020-10-04,13.9,7.3,10.6,0.2,5.3,16.7,,,71.0,
2020-10-05,18.0,7.5,12.8,0.0,3.3,11.9,,,69.0,
2020-10-06,19.7,11.3,15.5,0.0,3.9,11.4,,,73.0,
2020-10-07,25.5,10.2,17.8,0.0,1.9,6.9,,,67.0,
2020-10-08,25.3,7.5,16.4,0.0,1.4,4.7,,,73.0,
2020-10-09,25.2,9.4,17.3,0.0,1.7,7.2,,,62.0,
2020-10-10,20.4,4.4,12.4,0.0,3.1,10.8,,,67.0,
2020-10-11,19.1,0.8,10.0,0.0,3.3,9.7,,,56.0,
2020-10-12,21.9,0.4,11.2,0.0,1.7,8.1,,,67.0,
2020-10-13,18.4,5.2,11.8,0.0,3.9,12.5,,,66.0,
2020-10-14,15.8,4.0,9.9,0.0,3.9,12.8,,,62.0,
2020-10-15,15.8,1.1,8.4,0.4,3.3,10.8,,,71.0,
2020-10-16,16.8,-2.1,7.4,0.0,1.9,6.1,,,62.0,
2020-10-17,21.3,0.2,10.8,0.0,1.7,4.2,,,66.0,
2020-10-18,20.3,2.9,11.6,0.0,2.2,6.4,,,61.0,
2020-10-19,20.1,6.9,13.5,4.4,7.5,21.4,,,56.0,
2020-10-20,12.1,10.1,11.1,40.4,4.2,14.4,,,97.0,
2020-10-21,16.4,8.9,12.6,1.4,3.6,13.9,,,82.0,
2020-10-22,16.1,6.4,11.2,0.0,3.6,12.2,,,79.0,
2020-10-23,16.0,4.4,10.2,0.0,2.8,10.0,,,72.0,
2020-10-24,16.1,3.6,9.8,6.4,4.4,13.9,,,81.0,
2020-10-25,12.1,3.7,7.9,3.0,3.3,14.7,,,89.0,
2020-10-26,10.9,2.7,6.8,0.4,2.5,10.3,,,80.0,
2020-10-27,16.9,5.6,11.2,0.8,1.9,5.6,,,80.0,
2020-10-28,17.2,5.6,11.4,0.0,3.3,8.9,,,71.0,
2020-10-29,15.7,1.8,8.8,0.0,1.9,4.7,,,80.0,
2020-10-30,18.1,3.2,10.6,0.0,0.8,3.9,,,84.0,
2020-10-31,16.5,5.3,10.9,0.0,0.8,5.0,,,90.0,
2020-11-01,13.9,9.4,11.6,0.0,0.8,3.3,,,94.0,
2020-11-02,19.2,7.9,13.6,1.6,3.1,8.9,,,89.0,
2020-11-03,15.8,0.9,8.4,0.0,2.8,8.1,,,71.0,
2020-11-04,12.0,-0.3,5.8,1.8,2.5,10.0,,,69.0,
2020-11-05,11.4,5.0,8.2,6.0,3.3,10.6,,,81.0,
2020-11-06,13.2,8.3,10.8,5.6,2.8,17.5,,,94.0,
2020-11-07,15.1,8.6,11.8,0.6,5.0,12.5,,,82.0,
2020-11-08,11.5,8.3,9.9,1.8,3.9,12.5,,,95.0,
2020-11-09,15.1,5.8,10.4,0.2,0.6,6.7,,,88.0,
2020-11-10,10.6,2.2,6.4,0.0,0.8,3.9,,,93.0,
2020-11-11,10.0,6.0,8.0,0.0,1.9,5.8,,,93.0,
2020-11-12,16.3,7.2,11.8,0.0,0.8,5.3,,,84.0,
2020-11-13,10.7,4.4,7.6,0.0,1.1,3.3,,,91.0,
2020-11-14,10.3,6.4,8.4,0.0,1.1,3.3,,,100.0,
2020-11-15,15.5,8.3,11.9,1.6,1.9,7.8,,,95.0,
2020-11-16,17.1,4.3,10.7,0.0,1.4,6.9,,,77.0,
2020-11-17,17.2,1.0,9.1,0.0,0.8,4.4,,,79.0,
2020-11-18,15.8,1.9,8.8,0.0,0.8,3.9,,,95.0,
2020-11-19,18.9,5.3,12.1,0.0,1.7,5.0,,,81.0,
2020-11-20,13.7,2.0,7.8,0.0,1.1,4.7,,,79.0,
2020-11-21,21.9,0.6,11.2,0.0,1.1,3.6,,,57.0,
2020-11-22,17.7,-0.5,8.6,0.0,0.8,3.6,,,61.0,
2020-11-23,17.2,0.3,8.8,0.0,0.6,3.3,,,72.0,
2020-11-24,12.0,-0.2,5.9,1.0,0.8,3.9,,,83.0,
2020-11-25,6.3,3.0,4.6,17.4,3.3,7.5,,,99.0,
2020-11-26,9.5,6.0,7.8,1.8,2.5,8.9,,,88.0,
2020-11-27,13.2,6.0,9.6,0.0,1.9,6.1,,,84.0,
2020-11-28,13.4,4.6,9.0,0.0,2.8,6.1,,,83.0,
2020-11-29,13.2,3.7,8.4,0.0,1.4,6.4,,,83.0,
2020-11-30,13.1,1.8,7.4,0.0,1.4,4.7,,,80.0,
2020-12-01,18.9,-0.3,9.3,0.0,1.7,5.8,,,57.0,
2020-12-02,7.9,-1.7,3.1,0.0,3.1,10.3,,,68.0,
2020-12-03,7.3,-3.2,2.0,2.4,4.2,16.1,,,79.0,
2020-12-04,5.4,-0.7,2.4,0.2,4.2,14.7,,,80.0,
2020-12-05,7.0,-0.9,3.0,0.0,3.9,12.8,,,79.0,
2020-12-06,7.6,0.3,4.0,0.2,3.9,11.9,,,78.0,
2020-12-07,9.0,0.7,4.8,15.0,4.2,18.3,,,87.0,
2020-12-08,7.5,0.9,4.2,0.0,3.9,14.7,,,76.0,
2020-12-09,8.9,0.3,4.6,2.2,2.5,11.1,,,79.0,
2020-12-10,11.5,3.4,7.4,9.6,3.3,12.2,,,82.0,
2020-12-11,14.3,7.5,10.9,4.4,7.2,20.3,,,82.0,
2020-12-12,12.4,5.3,8.8,0.0,1.9,19.4,,,69.0,
2020-12-13,7.8,2.1,5.0,0.0,1.9,5.0,,,98.0,
2020-12-14,13.3,3.2,8.2,0.4,6.1,11.4,,,86.0,
2020-12-15,9.4,-0.1,4.6,4.0,4.4,17.5,,,83.0,
2020-12-16,7.2,1.9,4.6,8.2,3.3,13.6,,,97.0,
2020-12-17,4.9,-2.5,1.2,0.0,0.8,4.4,,,99.0,
2020-12-18,4.9,0.9,2.9,1.8,1.4,8.3,,,100.0,
2020-12-19,12.2,3.1,7.6,0.4,1.4,13.9,,,87.0,
2020-12-20,11.1,1.2,6.2,1.6,2.2,5.6,,,89.0,
2020-12-21,10.3,5.6,8.0,0.0,0.8,4.2,,,96.0,
2020-12-22,13.5,7.7,10.6,0.0,3.6,12.5,,,95.0,
2020-12-23,10.4,2.4,6.4,0.2,3.1,8.3,,,90.0,
2020-12-24,8.9,-1.9,3.5,0.0,2.8,8.9,,,73.0,
2020-12-25,9.2,-3.3,3.0,0.0,2.8,9.2,,,69.0,
2020-12-26,8.2,-5.1,1.6,0.0,1.4,4.4,,,60.0,
2020-12-27,8.3,-4.5,1.9,7.2,4.4,22.2,,,77.0,
2020-12-28,4.8,0.0,2.4,3.4,5.8,18.9,,,89.0,
2020-12-29,5.3,-0.7,2.3,0.0,4.7,12.5,,,78.0,
2020-12-30,6.7,-0.7,3.0,0.2,2.8,10.3,,,78.0,
2020-12-31,8.2,0.7,4.4,1.2,2.5,13.9,,,92.0,
2021-01-01,5.9,-1.8,2.0,0.0,4.4,13.3,,,78.0,
2021-01-02,5.7,-2.9,1.4,0.0,4.4,9.7,,,74.0,
2021-01-03,5.9,-1.3,2.3,0.0,3.6,13.3,,,77.0,
2021-01-04,5.1,-3.3,0.9,0.0,3.6,11.4,,,74.0,
2021-01-05,9.3,-5.0,2.2,0.0,1.9,6.7,,,75.0,
2021-01-06,8.4,-6.1,1.2,0.0,1.7,3.9,,,70.0,
2021-01-07,7.6,-8.2,-0.3,0.0,1.1,4.4,,,69.0,
2021-01-08,7.4,-8.5,-0.6,0.0,2.5,6.9,,,61.0,
2021-01-09,2.5,-5.0,-1.2,0.0,8.3,15.3,,,62.0,
2021-01-10,5.9,-1.8,2.0,0.0,7.8,16.4,,,55.0,
2021-01-11,10.4,-4.6,2.9,0.0,1.7,9.2,,,52.0,
2021-01-12,9.6,-6.7,1.4,0.0,0.6,3.6,,,71.0,
2021-01-13,8.0,-6.3,0.8,0.0,0.8,3.9,,,77.0,
2021-01-14,13.1,-6.4,3.4,0.0,1.9,7.2,,,73.0,
2021-01-15,6.2,-6.5,-0.2,0.0,0.8,3.9,,,92.0,
2021-01-16,6.7,-7.4,-0.4,0.0,0.8,3.3,,,87.0,
2021-01-17,16.7,-7.7,4.5,0.0,1.9,6.1,,,75.0,
2021-01-18,8.7,-3.9,2.4,0.0,0.8,3.9,,,88.0,
2021-01-19,2.0,-0.7,0.6,3.2,1.1,12.8,,,100.0,
2021-01-20,8.8,1.7,5.2,0.6,5.0,14.2,,,92.0,
2021-01-21,14.0,3.7,8.8,9.4,5.0,16.1,,,83.0,
2021-01-22,8.1,2.2,5.2,0.0,4.4,17.8,,,77.0,
2021-01-23,11.0,3.4,7.2,1.2,4.7,17.2,,,83.0,
2021-01-24,9.1,2.9,6.0,0.0,3.1,15.0,,,80.0,
2021-01-25,11.7,4.0,7.8,0.8,1.7,9.7,,,94.0,
2021-01-26,14.0,5.1,9.6,0.0,0.8,4.2,,,97.0,
2021-01-27,19.2,7.5,13.4,0.0,3.3,10.0,,,78.0,
2021-01-28,16.1,3.7,9.9,0.0,1.1,6.7,,,97.0,
2021-01-29,16.2,7.6,11.9,1.2,2.2,7.2,,,82.0,
2021-01-30,7.8,3.4,5.6,0.8,4.7,19.2,,,90.0,
2021-01-31,14.3,4.3,9.3,0.4,6.4,20.3,,,75.0,
2021-02-01,14.2,7.5,10.8,0.0,5.8,18.6,,,75.0,
2021-02-02,11.8,3.6,7.7,2.8,,,,,,
2021-02-03,13.1,5.4,9.2,0.0,,,,,,
2021-02-04,5.7,2.9,4.3,2.8,,,,,,
2021-02-09,7.7,1.0,4.4,4.2,3.3,11.7,,,86.0,
2021-02-10,12.3,0.2,6.2,,2.8,11.4,,,74.0,
2021-02-11,12.9,3.4,8.2,,2.5,10.0,,,89.0,
2021-02-12,13.1,3.6,8.4,,3.6,11.1,,,73.0,
2021-02-13,12.8,1.5,7.2,,1.9,9.4,,,85.0,
2021-02-14,8.3,1.1,4.7,,1.4,3.6,,,96.0,
2021-02-15,15.5,3.2,9.4,,4.2,11.9,,,76.0,
2021-02-16,13.1,1.9,7.5,,3.1,22.5,,,78.0,
2021-02-17,14.3,-0.7,6.8,,3.3,13.9,,,82.0,
2021-02-18,12.2,4.6,8.4,,3.3,12.5,,,85.0,
2021-02-19,10.1,2.7,6.4,,7.5,16.7,,,80.0,
2021-02-20,9.1,6.0,7.6,,6.9,20.3,,,88.0,
2021-02-21,7.3,3.4,5.4,,3.6,12.5,,,87.0,
2021-02-22,13.1,-0.4,6.4,0.0,2.5,8.9,,,53.0,
2021-02-23,13.1,-2.6,5.2,0.0,3.3,9.2,,,73.0,
2021-02-24,14.6,-0.5,7.0,0.2,3.3,12.5,,,75.0,
2021-02-25,9.3,5.5,7.4,,1.7,,,,89.0,
2021-02-26,15.6,4.1,9.8,0.0,1.7,6.4,,,70.0,
2021-02-27,17.4,1.1,9.2,0.0,1.7,6.1,,,69.0,
2021-02-28,12.5,-1.8,5.4,1.4,2.5,6.7,,,63.0,
2021-03-01,10.0,3.1,6.6,5.4,3.1,9.4,,,94.0,
2021-03-02,11.8,3.1,7.4,1.6,2.8,12.8,,,85.0,
2021-03-03,14.6,1.0,7.8,0.0,2.5,6.9,,,80.0,
2021-03-04,15.1,3.7,9.4,0.0,1.9,7.5,,,75.0,
2021-03-05,16.8,2.7,9.8,0.0,1.7,6.4,,,64.0,
2021-03-06,13.5,-0.2,6.6,0.0,1.7,5.8,,,73.0,
2021-03-07,13.6,-0.9,6.4,0.0,1.4,6.4,,,74.0,
2021-03-08,11.8,0.5,6.2,0.0,3.9,10.0,,,65.0,
2021-03-09,11.5,-3.3,4.1,0.0,1.7,7.5,,,59.0,
2021-03-10,13.7,-3.1,5.3,0.0,1.9,9.7,,,74.0,
2021-03-11,15.1,4.8,10.0,0.0,1.1,10.0,,,78.0,
2021-03-12,11.8,2.1,7.0,0.0,2.8,9.7,,,63.0,
2021-03-13,12.0,2.1,7.0,0.0,3.3,13.9,,,69.0,
2021-03-14,14.8,2.0,8.4,0.0,2.8,7.8,,,66.0,
2021-03-15,17.7,-1.4,8.2,0.0,3.3,7.8,,,61.0,
2021-03-16,16.6,-0.9,7.8,0.0,2.5,6.9,,,67.0,
2021-03-17,19.3,-0.1,9.6,0.0,3.6,9.4,,,58.0,
2021-03-18,11.9,2.0,7.0,0.0,7.2,15.3,,,53.0,
2021-03-19,14.1,1.0,7.6,0.0,6.1,15.6,,,61.0,
2021-03-20,13.2,-1.2,6.0,0.0,6.1,12.8,,,44.0,
2021-03-21,15.4,-4.3,5.6,0.0,1.7,6.7,,,45.0,
2021-03-22,15.3,-2.7,6.3,0.0,1.7,6.4,,,62.0,
2021-03-23,20.7,-0.6,10.0,0.0,2.5,7.5,,,42.0,
2021-03-24,21.8,0.5,11.2,0.0,2.8,10.6,,,52.0,
2021-03-25,17.7,1.2,9.4,0.0,1.9,6.9,,,60.0,
2021-03-26,14.5,2.9,8.7,0.0,3.6,11.4,,,61.0,
2021-03-27,17.4,-1.1,8.2,0.0,1.7,6.1,,,58.0,
2021-03-28,21.3,0.0,10.6,0.0,1.9,6.4,,,51.0,
2021-03-29,17.5,5.9,11.7,0.2,2.5,10.0,,,55.0,
2021-03-30,17.4,7.3,12.4,0.0,1.1,5.8,,,59.0,
2021-03-31,22.6,7.3,15.0,0.0,1.7,6.4,,,45.0,
2021-04-01,20.4,8.4,14.4,0.0,3.6,9.2,,,46.0,
2021-04-02,20.9,7.5,14.2,1.0,2.2,15.0,,,70.0,
2021-04-03,21.2,4.9,13.0,0.0,5.8,10.0,,,42.0,
2021-04-04,20.9,-1.0,10.0,0.0,2.8,7.8,,,34.0,
2021-04-05,22.4,-0.9,10.8,0.0,2.5,6.4,,,37.0,
2021-04-06,19.4,1.2,10.3,0.0,2.5,9.7,,,48.0,
2021-04-07,15.8,1.7,8.8,0.0,2.2,8.6,,,49.0,
2021-04-08,18.5,0.8,9.6,0.0,1.7,6.4,,,51.0,
2021-04-09,14.9,4.4,9.6,1.2,3.1,8.6,,,78.0,
2021-04-10,14.4,6.7,10.6,14.6,1.1,7.5,,,84.0,
2021-04-11,13.7,1.2,7.4,0.4,2.8,9.7,,,69.0,
2021-04-12,12.1,-1.0,5.6,0.0,1.9,6.9,,,55.0,
2021-04-13,10.4,1.5,6.0,1.2,1.4,4.2,,,84.0,
2021-04-14,18.6,6.6,12.6,0.0,2.2,6.9,,,63.0,
2021-04-15,18.9,4.0,11.4,0.0,2.5,6.4,,,31.0,
2021-04-16,18.1,1.9,10.0,0.0,2.8,8.6,,,31.0,
2021-04-17,16.3,-2.2,7.0,0.0,2.8,7.2,,,39.0,
2021-04-18,18.2,-1.1,8.6,0.0,2.8,7.2,,,48.0,
2021-04-19,17.3,7.0,12.2,0.0,2.2,7.8,,,53.0,
2021-04-20,19.1,6.3,12.7,0.6,2.8,10.0,,,57.0,
2021-04-21,14.7,4.7,9.7,1.6,3.1,8.6,,,73.0,
2021-04-22,17.5,6.7,12.1,0.4,2.2,5.3,,,78.0,
2021-04-23,16.1,7.9,12.0,0.6,2.5,8.1,,,75.0,
2021-04-24,19.3,9.4,14.4,0.0,2.2,8.6,,,70.0,
2021-04-25,17.0,6.4,11.7,0.2,2.2,9.4,,,74.0,
2021-04-26,17.8,5.9,11.8,0.4,1.7,7.2,,,82.0,
2021-04-27,17.1,5.9,11.5,4.4,2.2,8.1,,,84.0,
2021-04-28,12.7,6.9,9.8,12.4,1.1,7.8,,,95.0,
2021-04-29,10.9,5.4,8.2,7.2,2.5,6.4,,,87.0,
2021-04-30,13.3,4.5,8.9,5.6,2.8,6.9,,,82.0,
2021-05-01,14.2,3.8,9.0,1.2,3.1,7.8,,,70.0,
2021-05-02,13.2,2.8,8.0,0.0,1.9,7.2,,,61.0,
2021-05-03,18.1,3.3,10.7,0.0,2.8,6.7,,,51.0,
2021-05-04,21.3,3.6,12.4,0.0,1.9,11.7,,,46.0,
2021-05-05,22.2,6.5,14.4,0.0,3.3,11.4,,,51.0,
2021-05-06,20.4,6.7,13.6,0.0,4.4,14.2,,,59.0,
2021-05-07,24.2,7.4,15.8,0.0,2.2,9.2,,,55.0,
2021-05-08,23.3,6.8,15.0,0.0,6.4,16.4,,,47.0,
2021-05-09,14.1,5.3,9.7,3.0,6.4,12.5,,,78.0,
2021-05-10,12.3,1.5,6.9,0.4,5.6,15.8,,,76.0,
2021-05-11,14.8,2.2,8.5,1.2,3.3,11.9,,,60.0,
2021-05-12,14.9,4.6,9.8,0.6,3.6,14.7,,,69.0,
2021-05-13,16.8,6.7,11.8,2.2,1.9,12.5,,,84.0,
2021-05-14,19.7,2.1,10.9,0.0,3.3,10.0,,,53.0,
2021-05-15,20.2,9.6,14.9,0.2,4.2,13.6,,,71.0,
2021-05-16,18.2,7.1,12.6,0.0,5.6,14.7,,,61.0,
2021-05-17,21.2,5.9,13.6,0.0,3.9,9.2,,,41.0,
2021-05-18,20.5,6.9,13.7,0.0,5.0,13.9,,,56.0,
2021-05-19,21.4,2.9,12.2,0.0,2.5,6.4,,,43.0,
2021-05-20,27.8,4.3,16.0,0.0,2.2,9.4,,,42.0,
2021-05-21,19.3,7.7,13.5,0.0,4.7,12.5,,,56.0,
2021-05-22,14.9,4.1,9.5,0.0,3.6,9.4,,,50.0,
2021-05-23,19.2,1.1,10.2,0.0,3.1,10.3,,,48.0,
2021-05-24,16.7,6.0,11.4,0.0,5.3,12.2,,,50.0,
2021-05-25,20.9,1.8,11.4,0.0,2.2,9.2,,,44.0,
2021-05-26,24.7,5.9,15.3,0.0,2.5,8.3,,,44.0,
2021-05-27,26.5,6.7,16.6,0.0,1.9,6.4,,,50.0,
2021-05-28,25.0,12.7,18.8,0.2,2.5,10.0,,,62.0,
2021-05-29,24.2,9.5,16.8,3.4,2.2,7.2,,,73.0,
2021-05-30,28.8,10.3,19.6,0.0,1.4,5.6,,,58.0,
2021-05-31,28.7,10.6,19.6,0.0,3.9,11.1,,,49.0,
2021-06-01,23.9,11.8,17.8,0.4,3.9,11.4,,,67.0,
2021-06-02,22.0,8.4,15.2,0.0,3.1,10.8,,,66.0,
2021-06-03,22.2,6.9,14.6,0.0,3.6,9.7,,,58.0,
2021-06-04,24.2,3.5,13.8,0.0,1.9,8.9,,,46.0,
2021-06-05,27.8,6.9,17.4,0.0,2.8,9.2,,,50.0,
2021-06-06,27.1,9.2,18.2,0.0,2.5,8.3,,,40.0,
2021-06-07,30.1,9.6,19.8,0.0,2.2,8.1,,,47.0,
2021-06-08,30.6,10.4,20.5,0.0,2.8,8.9,,,44.0,
2021-06-09,31.2,9.2,20.2,0.0,1.9,10.0,,,36.0,
2021-06-10,30.6,12.6,21.6,0.0,1.7,6.9,,,41.0,
2021-06-11,31.9,11.1,21.5,9.2,2.5,17.8,,,58.0,
2021-06-12,29.8,11.1,20.4,0.0,3.1,8.9,,,47.0,
2021-06-13,30.7,15.1,22.9,6.4,2.8,18.3,,,48.0,
2021-06-14,30.9,12.3,21.6,15.8,1.7,10.0,,,52.0,
2021-06-15,31.4,14.1,22.8,0.2,3.1,10.0,,,52.0,
2021-06-16,26.5,11.8,19.2,2.8,3.1,14.7,,,77.0,
2021-06-17,19.5,9.7,14.6,24.8,1.9,9.2,,,88.0,
2021-06-18,17.6,9.5,13.6,26.2,1.9,18.1,,,92.0,
2021-06-19,20.7,7.6,14.2,3.0,3.6,11.4,,,71.0,
2021-06-20,18.6,9.2,13.9,1.6,6.1,16.4,,,73.0,
2021-06-21,17.1,8.4,12.8,0.0,3.9,11.7,,,74.0,
2021-06-22,20.7,8.2,14.4,0.0,4.2,11.7,,,59.0,
2021-06-23,20.0,4.3,12.2,0.0,3.1,8.1,,,53.0,
2021-06-24,23.5,5.0,14.2,0.0,1.7,5.6,,,55.0,
2021-06-25,28.1,8.2,18.2,0.0,1.1,6.4,,,50.0,
2021-06-26,27.2,10.3,18.8,0.0,2.8,11.7,,,57.0,
2021-06-27,18.9,9.7,14.3,0.0,4.7,13.3,,,52.0,
2021-06-28,17.3,8.4,12.8,0.0,5.0,11.4,,,71.0,
2021-06-29,26.1,6.8,16.4,0.0,1.9,6.4,,,51.0,
2021-06-30,28.3,8.0,18.2,0.0,1.7,5.8,,,55.0,
2021-07-01,29.2,11.0,20.1,0.0,2.2,8.6,,,50.0,
2021-07-02,26.8,10.9,18.8,5.0,3.1,8.9,,,60.0,
2021-07-03,25.7,11.7,18.7,0.0,2.8,8.3,,,64.0,
2021-07-04,24.5,11.5,18.0,0.0,3.1,8.9,,,61.0,
2021-07-05,28.5,11.2,19.8,0.0,2.2,18.9,,,58.0,
2021-07-06,21.0,11.3,16.2,0.0,4.4,12.5,,,51.0,
2021-07-07,20.8,9.9,15.4,0.0,4.2,10.3,,,56.0,
2021-07-08,25.3,6.9,16.1,0.0,1.4,6.4,,,57.0,
2021-07-09,30.1,9.0,19.6,0.0,2.2,6.7,,,51.0,
2021-07-10,30.4,11.7,21.0,0.0,3.1,11.4,,,42.0,
2021-07-11,32.2,12.9,22.6,0.0,3.1,12.8,,,55.0,
2021-07-12,18.7,9.4,14.0,0.0,4.4,11.7,,,57.0,
2021-07-13,24.6,7.5,16.0,0.0,2.8,8.6,,,50.0,
2021-07-14,24.9,8.9,16.9,0.0,1.7,6.4,,,56.0,
2021-07-15,28.0,8.2,18.1,0.0,1.9,7.8,,,47.0,
2021-07-16,31.5,11.9,21.7,0.0,2.2,7.2,,,29.0,
2021-07-17,35.4,15.2,25.3,0.0,2.5,6.7,,,33.0,
2021-07-18,34.6,13.8,24.2,0.0,2.2,7.2,,,39.0,
2021-07-19,32.7,13.0,22.8,0.0,2.2,6.1,,,35.0,
2021-07-20,34.2,13.3,23.8,0.0,3.1,7.2,,,41.0,
2021-07-21,33.2,15.0,24.1,0.0,1.9,9.4,,,42.0,
2021-07-22,32.5,13.3,22.9,0.0,4.2,12.5,,,36.0,
2021-07-23,25.2,12.5,18.8,0.0,4.2,11.1,,,52.0,
2021-07-24,24.5,9.0,16.8,0.0,4.2,11.7,,,56.0,
2021-07-25,27.9,11.0,19.4,0.0,2.8,9.7,,,49.0,
2021-07-26,27.3,9.7,18.5,0.0,1.9,10.3,,,54.0,
2021-07-27,27.8,12.9,20.4,0.0,3.9,10.3,,,49.0,
2021-07-28,29.2,8.7,19.0,0.0,1.9,6.4,,,42.0,
2021-07-29,31.7,10.5,21.1,0.0,3.1,9.7,,,46.0,
2021-07-30,29.1,11.9,20.5,0.0,3.9,11.1,,,46.0,
2021-07-31,22.2,10.2,16.2,0.0,3.6,10.3,,,52.0,
2021-08-01,25.1,8.7,16.9,3.4,2.8,11.1,,,49.0,
2021-08-02,26.6,11.2,18.9,0.0,2.2,6.9,,,57.0,
2021-08-03,25.4,10.0,17.7,0.0,3.3,10.3,,,57.0,
2021-08-04,26.8,14.8,20.8,0.0,3.9,11.4,,,49.0,
2021-08-05,27.2,13.2,20.2,0.0,3.9,13.3,,,44.0,
2021-08-06,26.7,9.7,18.2,0.0,3.9,13.9,,,50.0,
2021-08-07,22.6,11.2,16.9,0.0,3.3,11.1,,,50.0,
2021-08-08,25.1,6.1,15.6,0.0,2.2,6.1,,,49.0,
2021-08-09,29.6,9.9,19.8,0.0,1.7,7.5,,,43.0,
2021-08-10,33.1,12.0,22.6,0.0,1.9,7.5,,,37.0,
2021-08-11,34.6,12.1,23.4,0.0,1.7,6.7,,,38.0,
2021-08-12,33.8,16.0,24.9,0.0,2.2,9.4,,,39.0,
2021-08-13,36.4,12.0,24.2,0.0,2.5,7.8,,,35.0,
2021-08-14,37.1,12.9,25.0,0.0,2.5,8.6,,,31.0,
2021-08-15,34.1,14.3,24.2,0.0,2.8,9.4,,,37.0,
2021-08-16,33.1,10.3,21.7,0.0,1.7,6.7,,,42.0,
2021-08-17,27.5,7.0,17.2,0.0,1.9,6.9,,,43.0,
2021-08-18,27.8,7.6,17.7,0.0,1.9,7.5,,,46.0,
2021-08-19,28.6,8.2,18.4,0.0,1.9,7.2,,,48.0,
2021-08-20,33.0,11.3,22.2,0.0,3.1,9.4,,,43.0,
2021-08-21,30.2,11.9,21.0,0.0,2.2,7.5,,,50.0,
2021-08-22,30.5,12.1,21.3,0.0,1.1,5.3,,,51.0,
2021-08-23,30.1,12.0,21.0,0.0,1.7,6.4,,,48.0,
2021-08-24,28.3,12.4,20.4,0.0,2.2,9.2,,,39.0,
2021-08-25,30.0,10.1,20.0,0.0,2.2,7.2,,,46.0,
2021-08-26,29.7,14.3,22.0,0.0,2.5,7.5,,,57.0,
2021-08-27,32.1,15.3,23.7,0.0,2.8,8.1,,,46.0,
2021-08-28,31.1,13.1,22.1,0.0,2.2,7.2,,,43.0,
2021-08-29,27.6,10.7,19.2,0.0,1.4,6.7,,,42.0,
2021-08-30,28.2,11.6,19.9,0.0,1.4,7.2,,,47.0,
2021-08-31,29.1,10.8,20.0,1.6,2.5,11.4,,,54.0,
2021-09-01,22.0,13.7,17.8,1.4,1.1,8.9,,,80.0,
2021-09-02,21.4,13.0,17.2,13.8,1.7,5.6,,,86.0,
2021-09-03,27.2,11.4,19.3,0.0,1.9,7.8,,,60.0,
2021-09-04,28.8,9.5,19.2,0.0,1.9,6.7,,,56.0,
2021-09-05,29.3,10.0,19.6,0.0,1.7,6.4,,,46.0,
2021-09-06,30.4,15.1,22.8,0.0,4.7,14.2,,,43.0,
2021-09-07,24.5,12.9,18.7,2.0,5.0,15.8,,,72.0,
2021-09-08,21.8,10.0,15.9,7.4,1.1,8.1,,,84.0,
2021-09-09,23.3,12.5,17.9,3.2,1.9,7.2,,,71.0,
2021-09-10,24.8,9.5,17.2,0.0,2.2,6.1,,,65.0,
2021-09-11,25.5,11.5,18.5,0.0,1.9,6.4,,,63.0,
2021-09-12,27.6,9.0,18.3,0.0,1.9,6.7,,,56.0,
2021-09-13,23.5,13.5,18.5,28.2,3.3,20.0,,,63.0,
2021-09-14,16.3,13.1,14.7,3.8,2.2,6.4,,,95.0,
2021-09-15,24.8,13.1,19.0,0.0,1.7,5.8,,,77.0,
2021-09-16,25.0,11.0,18.0,0.0,1.7,5.8,,,65.0,
2021-09-17,25.7,8.6,17.2,0.0,2.5,11.4,,,68.0,
2021-09-18,19.3,6.6,13.0,0.0,3.6,9.4,,,59.0,
2021-09-19,24.1,4.9,14.5,0.0,1.9,7.5,,,63.0,
2021-09-20,21.5,6.8,14.2,0.0,3.6,12.8,,,64.0,
2021-09-21,21.8,4.6,13.2,0.0,3.3,9.4,,,61.0,
2021-09-22,20.4,7.6,14.0,0.2,2.2,10.3,,,63.0,
2021-09-23,25.0,9.4,17.2,0.6,2.2,9.2,,,55.0,
2021-09-24,19.1,12.5,15.8,15.2,2.2,6.1,,,92.0,
2021-09-25,17.5,10.9,14.2,0.4,3.6,10.3,,,86.0,
2021-09-26,21.2,10.1,15.6,0.0,1.7,6.9,,,72.0,
2021-09-27,21.7,11.1,16.4,0.2,1.1,5.0,,,78.0,
2021-09-28,23.3,9.5,16.4,0.0,3.6,11.1,,,71.0,
2021-09-29,24.4,7.1,15.8,0.0,1.7,6.7,,,62.0,
2021-09-30,22.7,6.5,14.6,0.0,2.2,6.1,,,69.0,
2021-10-01,24.3,9.6,17.0,0.0,1.9,8.1,,,60.0,
2021-10-02,21.9,9.4,15.6,11.2,2.8,14.2,,,77.0,
2021-10-03,15.9,5.1,10.5,0.0,4.2,16.1,,,68.0,
2021-10-04,16.9,5.3,11.1,0.2,2.2,8.9,,,70.0,
2021-10-05,18.4,9.6,14.0,0.0,2.2,9.7,,,78.0,
2021-10-06,21.4,7.0,14.2,0.0,1.9,4.7,,,70.0,
2021-10-07,25.1,5.3,15.2,0.0,1.4,5.0,,,60.0,
2021-10-08,25.5,7.1,16.3,0.0,1.4,4.7,,,59.0,
2021-10-09,26.2,6.3,16.2,0.0,1.4,4.4,,,57.0,
2021-10-10,21.6,5.3,13.4,0.0,1.4,5.6,,,59.0,
2021-10-11,22.8,1.5,12.2,0.0,1.4,6.1,,,43.0,
2021-10-12,25.5,1.7,13.6,0.0,1.4,4.7,,,34.0,
2021-10-13,23.4,2.6,13.0,0.0,1.1,4.7,,,37.0,
2021-10-14,24.0,2.4,13.2,0.0,1.1,5.8,,,45.0,
2021-10-15,23.7,6.2,15.0,0.0,1.4,7.8,,,46.0,
2021-10-16,16.7,7.8,12.2,13.0,1.9,4.2,,,74.0,
2021-10-17,17.7,9.7,13.7,0.0,0.6,3.3,,,94.0,
2021-10-18,17.4,10.7,14.0,0.0,0.8,3.6,,,90.0,
2021-10-19,24.5,14.0,19.2,0.0,2.2,11.1,,,76.0,
2021-10-20,23.1,11.6,17.4,0.0,3.3,16.4,,,68.0,
2021-10-21,17.6,4.8,11.2,0.0,2.5,7.8,,,63.0,
2021-10-22,20.8,3.0,11.9,0.0,2.5,7.2,,,70.0,
2021-10-23,18.3,3.4,10.8,0.0,1.7,5.0,,,67.0,
2021-10-24,20.2,0.7,10.4,0.2,1.1,5.0,,,66.0,
2021-10-25,19.0,5.2,12.1,0.0,1.7,7.5,,,67.0,
2021-10-26,20.6,1.6,11.1,0.0,1.4,4.4,,,66.0,
2021-10-27,22.5,1.5,12.0,0.0,0.6,5.0,,,64.0,
2021-10-28,17.9,1.5,9.7,2.4,1.9,14.2,,,66.0,
2021-10-29,15.0,8.4,11.7,3.0,3.1,11.7,,,86.0,
2021-10-30,18.5,9.1,13.8,3.4,2.5,8.3,,,74.0,
2021-10-31,16.5,9.2,12.8,4.0,2.8,13.1,,,87.0,
2021-11-01,13.1,5.4,9.2,0.0,4.2,11.1,,,66.0,
2021-11-02,15.6,2.8,9.2,3.4,3.9,12.8,,,79.0,
2021-11-03,10.7,2.7,6.7,0.0,3.6,11.1,,,75.0,
2021-11-04,11.0,0.7,5.8,0.0,1.9,8.3,,,74.0,
2021-11-05,11.9,-0.5,5.7,0.0,3.1,8.9,,,71.0,
2021-11-06,15.4,-2.7,6.4,0.0,1.7,4.7,,,59.0,
2021-11-07,15.4,-1.8,6.8,0.0,1.1,5.6,,,58.0,
2021-11-08,21.8,4.9,13.4,0.0,2.8,9.2,,,67.0,
2021-11-09,17.9,2.5,10.2,0.0,1.9,6.1,,,71.0,
2021-11-10,16.1,-0.3,7.9,0.0,0.8,4.4,,,56.0,
2021-11-11,18.2,-1.1,8.6,0.0,1.7,3.9,,,64.0,
2021-11-12,17.3,-0.7,8.3,0.0,1.7,5.0,,,71.0,
2021-11-13,10.1,-0.2,5.0,0.0,0.6,4.2,,,96.0,
2021-11-14,17.4,-2.0,7.7,0.0,1.1,5.0,,,63.0,
2021-11-15,16.9,0.4,8.6,0.0,2.5,8.9,,,70.0,
2021-11-16,16.8,-1.9,7.4,0.0,1.7,5.3,,,68.0,
2021-11-17,17.8,-0.3,8.8,0.0,1.9,7.8,,,69.0,
2021-11-18,13.0,-2.7,5.2,0.0,1.7,6.4,,,70.0,
2021-11-19,14.6,-2.6,6.0,0.0,1.4,5.0,,,73.0,
2021-11-20,15.8,0.9,8.4,0.0,1.4,4.2,,,80.0,
2021-11-21,17.7,-0.1,8.8,0.0,1.4,7.2,,,70.0,
2021-11-22,9.8,-0.1,4.8,0.8,3.3,14.7,,,63.0,
2021-11-23,10.9,2.3,6.6,0.0,6.1,15.6,,,59.0,
2021-11-24,10.2,2.9,6.6,0.0,3.9,13.6,,,76.0,
2021-11-25,10.4,0.2,5.3,0.0,3.3,11.4,,,70.0,
2021-11-26,7.9,0.7,4.3,0.0,3.9,10.3,,,73.0,
2021-11-27,5.2,-1.0,2.1,1.2,5.8,13.9,,,80.0,
2021-11-28,7.4,-0.4,3.5,0.0,6.1,13.6,,,73.0,
2021-11-29,12.3,1.9,7.1,0.0,3.3,13.3,,,73.0,
2021-11-30,13.1,0.1,6.6,0.0,1.1,4.2,,,76.0,
2021-12-01,12.0,3.3,7.6,0.0,3.6,13.3,,,76.0,
2021-12-02,10.8,0.5,5.6,0.0,3.1,11.1,,,68.0,
2021-12-03,11.8,1.3,6.6,1.4,3.3,8.9,,,79.0,
2021-12-04,13.2,2.8,8.0,0.2,4.4,15.6,,,72.0,
2021-12-05,9.2,3.2,6.2,0.0,5.3,14.2,,,73.0,
2021-12-06,11.9,3.6,7.8,3.8,2.5,10.6,,,88.0,
2021-12-07,13.9,1.8,7.8,16.6,4.4,15.0,,,82.0,
2021-12-08,3.2,-0.1,1.6,2.6,5.0,14.2,,,90.0,
2021-12-09,11.5,3.1,7.3,0.0,3.6,14.2,,,82.0,
2021-12-10,12.3,5.7,9.0,0.0,5.3,14.2,,,70.0,
2021-12-11,15.8,2.9,9.4,0.2,2.8,10.8,,,81.0,
2021-12-12,6.9,0.5,3.7,0.4,1.1,2.8,,,97.0,
2021-12-13,6.1,3.4,4.8,0.2,0.8,2.8,,,99.0,
2021-12-14,19.0,-1.1,9.0,0.0,1.7,3.6,,,64.0,
2021-12-15,20.9,-0.1,10.4,0.0,1.4,3.9,,,40.0,
2021-12-16,17.5,3.4,10.4,0.0,0.8,4.7,,,48.0,
2021-12-17,16.0,0.2,8.1,0.0,1.1,4.2,,,39.0,
2021-12-18,13.0,-3.3,4.8,0.0,0.8,4.7,,,55.0,
2021-12-19,11.2,-2.9,4.2,0.0,1.7,5.0,,,80.0,
2022-01-01,13.6,1.2,7.4,,,,,,,
2022-01-07,9.3,-2.0,3.6,,,,,,,
2022-01-11,16.9,0.0,8.4,,,,,,,
2022-01-12,13.3,-1.4,6.0,,,,,,,
2022-01-16,8.8,-5.9,1.4,,,,,,,
2022-01-19,15.7,-3.8,6.0,,,,,,,
2022-01-20,15.0,-1.9,6.6,,,,,,,
2022-01-21,8.8,-4.9,2.0,,,,,,,
2022-01-22,10.0,-6.0,2.0,,,,,,,
2022-01-23,10.9,-3.3,3.8,,,,,,,
2022-01-26,12.3,-2.4,5.0,,,,,,,
2022-01-27,15.5,-3.2,6.2,,0.8,,,,41.0,
2022-01-28,16.4,-4.8,5.8,0.0,2.2,,,,27.0,
2022-01-29,16.9,-3.7,6.6,0.0,0.6,4.2,,,20.0,
2022-01-30,19.1,-3.2,8.0,0.0,1.1,4.4,,,31.0,
2022-01-31,19.0,-1.3,8.8,0.0,3.9,11.1,,,36.0,
2022-02-01,15.9,0.3,8.1,0.0,1.4,8.6,,,49.0,
2022-02-02,18.5,-1.1,8.7,0.0,1.9,4.4,,,53.0,
2022-02-03,14.1,0.3,7.2,0.0,1.1,4.2,,,64.0,
2022-02-04,14.9,1.6,8.2,0.0,2.2,8.3,,,71.0,
2022-02-05,14.9,-1.6,6.6,0.0,1.7,5.8,,,63.0,
2022-02-06,12.4,-5.5,3.4,0.0,1.1,5.0,,,63.0,
2022-02-07,14.8,-2.9,6.0,0.0,,5.6,,,57.0,
2022-02-09,18.1,-2.1,8.0,,,,,,,
2022-02-12,14.0,1.7,7.8,,,,,,,
2022-02-13,5.5,-0.5,2.5,3.6,,,,,92.0,
2022-02-14,8.4,0.5,4.4,0.0,4.2,11.4,,,76.0,
2022-02-15,9.9,-0.2,4.8,0.0,3.1,11.7,,,70.0,
2022-02-16,14.7,5.7,10.2,0.0,3.3,11.7,,,77.0,
2022-02-17,13.9,2.8,8.4,0.0,2.5,8.3,,,76.0,
2022-02-18,15.9,2.5,9.2,0.0,2.8,12.5,,,75.0,
2022-02-19,13.1,-2.2,5.4,0.0,2.5,8.6,,,57.0,
2022-02-20,16.5,-1.8,7.4,0.0,2.2,7.5,,,65.0,
2022-02-21,20.1,1.8,11.0,0.0,2.8,8.6,,,46.0,
2022-02-22,19.0,-2.6,8.2,0.0,1.7,5.0,,,27.0,
2022-02-23,17.0,-1.8,7.6,0.0,2.2,5.0,,,44.0,
2022-02-24,17.4,1.5,9.4,0.0,2.2,5.8,,,48.0,
2022-02-25,12.9,-2.3,5.3,0.0,2.2,7.8,,,62.0,
2022-02-26,10.1,-3.5,3.3,0.0,1.7,6.4,,,60.0,
2022-02-27,16.0,2.4,9.2,0.0,1.4,6.7,,,64.0,
2022-02-28,18.9,-0.8,9.0,0.0,1.7,5.0,,,60.0,
2022-03-01,11.8,4.0,7.9,2.2,1.4,9.4,,,78.0,
2022-03-02,12.2,3.2,7.7,5.2,2.5,12.2,,,78.0,
2022-03-03,7.5,2.0,4.8,3.2,3.1,10.3,,,87.0,
2022-03-04,11.0,-2.6,4.2,0.0,3.6,10.0,,,62.0,
2022-03-05,11.0,-4.5,3.2,0.0,2.2,7.5,,,60.0,
2022-03-06,9.7,-2.6,3.6,0.0,1.9,7.2,,,56.0,
2022-03-07,9.8,-2.3,3.8,0.0,3.1,8.9,,,65.0,
2022-03-08,12.4,-0.5,6.0,0.6,2.2,8.9,,,73.0,
2022-03-09,12.0,-0.8,5.6,0.8,5.0,12.8,,,87.0,
2022-03-10,13.4,0.2,6.8,7.4,6.7,16.1,,,88.0,
2022-03-11,11.5,1.7,6.6,0.2,3.9,12.8,,,76.0,
2022-03-12,8.9,-2.6,3.2,2.6,3.9,15.3,,,87.0,
2022-03-13,11.6,0.4,6.0,0.0,3.3,13.9,,,64.0,
2022-03-14,9.5,1.5,5.5,9.6,3.1,12.2,,,77.0,
2022-03-15,17.1,5.6,11.4,0.0,1.9,6.7,,,72.0,
2022-03-16,11.9,6.0,9.0,0.0,2.2,7.2,,,80.0,
2022-03-17,8.8,2.7,5.8,0.0,4.2,10.3,,,50.0,
2022-03-18,13.0,1.1,7.0,0.0,2.8,8.3,,,65.0,
2022-03-19,14.7,4.7,9.7,0.0,1.9,6.7,,,70.0,
2022-03-20,12.3,5.3,8.8,0.0,1.9,10.0,,,75.0,
2022-03-21,13.0,6.4,9.7,4.8,3.3,9.4,,,76.0,
2022-03-22,12.8,5.8,9.3,3.6,4.2,13.3,,,86.0,
2022-03-23,11.9,4.9,8.4,0.0,3.1,10.0,,,75.0,
2022-03-24,15.8,1.7,8.8,2.8,2.2,8.3,,,67.0,
2022-03-25,12.4,6.6,9.5,0.0,1.9,6.4,,,88.0,
2022-03-26,14.9,6.1,10.5,0.0,1.7,6.9,,,67.0,
2022-03-27,16.0,6.1,11.0,0.0,2.2,5.3,,,69.0,
2022-03-28,15.3,5.3,10.3,0.0,2.2,7.5,,,63.0,
2022-03-29,17.5,4.5,11.0,1.6,2.5,10.8,,,71.0,
2022-03-30,13.8,2.4,8.1,0.0,3.9,10.8,,,61.0,
2022-03-31,13.3,2.4,7.8,0.0,4.4,10.6,,,67.0,
2022-04-01,9.2,-2.2,3.5,0.0,5.0,11.9,,,49.0,
2022-04-02,9.8,-3.6,3.1,0.0,3.6,11.7,,,51.0,
2022-04-03,10.2,-4.1,3.0,0.2,3.6,10.6,,,50.0,
2022-04-04,12.2,-5.6,3.3,0.0,1.9,8.6,,,47.0,
2022-04-05,16.9,-5.1,5.9,0.0,2.5,8.9,,,37.0,
2022-04-06,19.3,-2.5,8.4,0.0,3.3,10.8,,,38.0,
2022-04-07,19.0,5.3,12.2,0.0,6.1,13.6,,,62.0,
2022-04-08,14.6,2.8,8.7,1.6,3.1,10.3,,,76.0,
2022-04-09,17.0,1.9,9.4,0.0,3.1,8.3,,,57.0,
2022-04-10,20.4,3.0,11.7,0.0,4.7,14.2,,,53.0,
2022-04-11,14.0,6.3,10.2,10.4,6.1,16.9,,,89.0,
2022-04-12,14.9,2.9,8.9,3.0,4.4,11.7,,,78.0,
2022-04-13,18.1,3.0,10.6,0.2,1.4,7.8,,,65.0,
2022-04-14,22.7,1.4,12.0,0.0,1.9,6.7,,,58.0,
2022-04-15,23.4,3.5,13.4,0.0,2.5,7.2,,,53.0,
2022-04-16,27.9,4.5,16.2,0.0,1.9,7.5,,,47.0,
2022-04-17,27.2,6.6,16.9,0.0,2.5,9.2,,,50.0,
2022-04-18,22.4,3.0,12.7,5.4,2.8,8.6,,,55.0,
2022-04-19,13.3,2.2,7.8,1.2,3.9,10.8,,,63.0,
2022-04-20,13.1,0.9,7.0,0.0,6.4,15.3,,,49.0,
2022-04-21,16.0,-1.6,7.2,3.6,3.3,11.4,,,45.0,
2022-04-22,8.6,2.5,5.6,5.4,3.3,9.4,,,88.0,
2022-04-23,8.0,2.3,5.2,0.4,4.4,13.9,,,77.0,
2022-04-24,15.9,2.3,9.1,0.0,2.5,10.6,,,61.0,
2022-04-25,17.5,1.3,9.4,0.0,2.8,9.4,,,60.0,
2022-04-26,15.8,4.6,10.2,3.0,1.9,13.9,,,88.0,
2022-04-27,17.9,3.7,10.8,0.0,2.5,10.0,,,62.0,
2022-04-28,18.9,3.4,11.2,0.0,2.5,7.8,,,60.0,
2022-04-29,23.5,3.4,13.4,0.0,2.8,9.2,,,62.0,
2022-04-30,25.1,8.2,16.6,0.0,3.3,11.1,,,51.0,
2022-05-01,25.5,6.9,16.2,0.0,2.8,9.4,,,47.0,
2022-05-02,17.9,5.3,11.6,19.6,3.3,9.7,,,75.0,
2022-05-03,16.7,5.1,10.9,0.0,3.6,7.8,,,59.0,
2022-05-04,20.6,2.2,11.4,0.0,1.7,6.4,,,50.0,
2022-05-05,22.1,7.5,14.8,0.0,2.5,8.1,,,48.0,
2022-05-06,22.1,3.9,13.0,0.0,2.5,6.4,,,45.0,
2022-05-07,24.1,2.9,13.5,0.0,2.5,6.4,,,41.0,
2022-05-08,26.1,7.0,16.6,0.0,2.2,7.8,,,43.0,
2022-05-09,29.6,7.1,18.4,0.0,2.5,7.2,,,39.0,
2022-05-10,30.5,9.1,19.8,0.0,1.9,8.3,,,34.0,
2022-05-11,30.0,10.1,20.0,0.0,2.5,9.2,,,28.0,
2022-05-12,22.5,9.1,15.8,1.0,1.1,5.8,,,64.0,
2022-05-13,25.9,7.9,16.9,0.0,2.2,8.6,,,51.0,
2022-05-14,24.0,10.7,17.4,7.2,1.7,16.4,,,65.0,
2022-05-15,19.8,9.1,14.4,0.0,5.3,16.7,,,66.0,
2022-05-16,22.3,7.5,14.9,0.0,5.3,13.9,,,63.0,
2022-05-17,23.7,6.8,15.2,0.0,4.4,14.2,,,58.0,
2022-05-18,24.6,8.9,16.8,0.0,3.6,12.2,,,53.0,
2022-05-19,28.3,8.8,18.6,0.0,5.0,12.8,,,46.0,
2022-05-20,33.7,13.7,23.7,0.0,3.6,10.3,,,39.0,
2022-05-21,29.3,14.9,22.1,0.0,1.1,12.2,,,51.0,
2022-05-22,22.3,12.0,17.2,1.8,3.1,11.7,,,69.0,
2022-05-23,20.3,7.5,13.9,0.0,5.0,11.7,,,61.0,
2022-05-24,15.6,3.7,9.6,0.0,3.3,10.8,,,57.0,
2022-05-25,22.8,4.7,13.8,0.0,3.6,10.6,,,49.0,
2022-05-26,28.3,4.5,16.4,0.0,2.8,8.9,,,44.0,
2022-05-27,29.9,6.2,18.0,0.0,3.1,8.9,,,31.0,
2022-05-28,31.3,9.7,20.5,0.0,1.7,6.9,,,23.0,
2022-05-29,28.6,10.4,19.5,0.6,2.5,11.1,,,46.0,
2022-05-30,21.9,9.3,15.6,0.0,1.9,11.1,,,62.0,
2022-05-31,24.0,7.8,15.9,0.0,3.3,9.4,,,59.0,
2022-06-01,22.5,10.4,16.4,0.0,5.0,15.8,,,67.0,
2022-06-02,23.1,7.8,15.4,1.2,4.2,10.6,,,57.0,
2022-06-03,23.8,11.0,17.4,3.0,3.3,12.5,,,55.0,
2022-06-04,21.8,8.8,15.3,13.0,3.1,10.8,,,74.0,
2022-06-05,24.0,8.2,16.1,0.0,1.7,8.3,,,60.0,
2022-06-06,23.6,10.9,17.2,1.2,3.1,10.3,,,68.0,
2022-06-07,27.7,10.4,19.0,0.0,3.9,10.8,,,51.0,
2022-06-08,23.1,12.9,18.0,0.0,4.2,11.1,,,67.0,
2022-06-09,31.1,9.6,20.4,0.0,2.2,6.7,,,50.0,
2022-06-10,32.7,13.6,23.2,0.0,1.7,8.3,,,39.0,
2022-06-11,30.8,15.8,23.3,3.4,1.7,7.8,,,54.0,
2022-06-12,33.1,16.6,24.8,0.0,2.5,8.9,,,43.0,
2022-06-13,33.8,17.1,25.4,0.0,2.5,6.7,,,43.0,
2022-06-14,34.8,16.0,25.4,0.0,4.2,14.4,,,40.0,
2022-06-15,35.8,14.3,25.0,2.8,1.9,21.7,,,30.0,
2022-06-16,35.5,16.3,25.9,0.2,2.2,18.1,,,48.0,
2022-06-17,35.6,17.1,26.4,0.6,2.8,11.1,,,45.0,
2022-06-18,29.4,13.8,21.6,1.0,6.1,15.3,,,38.0,
2022-06-19,21.0,8.6,14.8,1.0,3.9,13.3,,,66.0,
2022-06-20,20.6,8.0,14.3,1.8,3.6,11.4,,,75.0,
2022-06-21,20.4,7.6,14.0,1.0,3.6,9.7,,,53.0,
2022-06-22,18.5,7.4,13.0,2.8,1.9,5.8,,,79.0,
2022-06-23,17.3,9.9,13.6,21.8,0.8,7.2,,,83.0,
2022-06-24,21.7,9.7,15.7,0.0,3.1,9.2,,,65.0,
2022-06-25,19.8,8.0,13.9,0.0,4.2,11.9,,,52.0,
2022-06-26,20.6,4.7,12.6,0.0,2.8,10.3,,,51.0,
2022-06-27,25.1,3.9,14.5,0.0,1.7,7.8,,,48.0,
2022-06-28,28.0,5.2,16.6,0.0,3.1,9.4,,,48.0,
2022-06-29,22.7,9.5,16.1,0.0,3.6,11.4,,,53.0,
2022-06-30,22.4,7.6,15.0,0.0,3.6,9.2,,,45.0,
2022-07-01,27.4,4.5,16.0,0.0,1.9,6.7,,,44.0,
2022-07-02,32.7,8.6,20.6,0.0,1.9,8.3,,,37.0,
2022-07-03,26.4,13.4,19.9,2.2,3.1,11.9,,,69.0,
2022-07-04,30.4,10.1,20.2,0.0,1.7,7.2,,,49.0,
2022-07-05,31.3,11.0,21.2,0.0,2.8,16.9,,,54.0,
2022-07-06,28.1,12.5,20.3,0.0,2.8,9.2,,,52.0,
2022-07-07,29.1,7.2,18.2,0.0,2.5,7.8,,,39.0,
2022-07-08,32.4,9.0,20.7,0.0,2.5,7.5,,,34.0,
2022-07-09,34.2,12.2,23.2,0.0,2.5,6.9,,,26.0,
2022-07-10,36.9,13.0,25.0,0.0,1.4,7.5,,,28.0,
2022-07-11,37.5,14.1,25.8,0.0,1.9,8.6,,,31.0,
2022-07-12,37.8,13.8,25.8,0.0,2.8,8.6,,,28.0,
2022-07-13,38.7,15.1,26.9,0.0,3.1,10.3,,,32.0,
2022-07-14,38.5,17.1,27.8,0.0,2.5,11.7,,,31.0,
2022-07-15,37.9,19.5,28.7,0.0,2.2,8.1,,,28.0,
2022-07-16,36.3,20.7,28.5,0.0,1.4,7.8,,,27.0,
2022-07-17,37.9,19.5,28.7,0.4,3.1,18.6,,,28.0,
2022-07-18,32.5,17.5,25.0,0.0,5.8,17.5,,,29.0,
2022-07-19,27.8,12.9,20.4,0.0,2.5,9.2,,,52.0,
2022-07-20,31.4,10.9,21.2,0.0,1.7,7.2,,,44.0,
2022-07-21,35.8,12.5,24.2,0.0,3.6,9.7,,,35.0,
2022-07-22,34.1,14.5,24.3,0.0,2.5,8.6,,,49.0,
2022-07-23,33.5,11.2,22.4,0.0,2.2,7.5,,,45.0,
2022-07-24,35.2,14.2,24.7,0.0,2.5,16.9,,,36.0,
2022-07-25,30.7,13.8,22.2,0.0,3.6,11.1,,,42.0,
2022-07-26,31.0,11.7,21.4,0.0,2.8,8.6,,,51.0,
2022-07-27,32.0,11.8,21.9,0.0,2.2,10.8,,,45.0,
2022-07-28,31.7,12.9,22.3,0.0,3.6,10.0,,,43.0,
2022-07-29,32.7,11.7,22.2,0.0,2.5,7.2,,,47.0,
2022-07-30,32.3,13.0,22.6,0.0,1.9,7.5,,,45.0,
2022-07-31,34.1,12.9,23.5,0.0,2.5,7.5,,,42.0,
2022-08-01,37.4,14.4,25.9,0.0,2.8,7.8,,,30.0,
2022-08-02,36.6,14.3,25.4,0.0,2.8,8.3,,,30.0,
2022-08-03,35.1,17.6,26.4,1.0,2.8,10.8,,,44.0,
2022-08-04,34.4,14.6,24.5,0.0,2.2,8.9,,,37.0,
2022-08-05,32.1,13.6,22.8,0.0,2.2,8.1,,,44.0,
2022-08-06,33.6,12.0,22.8,0.0,2.5,8.6,,,44.0,
2022-08-07,33.9,14.6,24.2,0.0,2.8,9.4,,,40.0,
2022-08-08,33.7,17.2,25.4,0.4,2.2,10.8,,,42.0,
2022-08-09,34.3,15.4,24.8,0.0,3.3,9.4,,,35.0,
2022-08-10,34.2,17.1,25.6,13.2,2.5,15.8,,,39.0,
2022-08-11,32.3,16.3,24.3,0.0,2.2,9.7,,,44.0,
2022-08-12,34.0,13.8,23.9,0.0,3.6,11.4,,,33.0,
2022-08-13,31.2,14.4,22.8,0.0,4.7,14.4,,,37.0,
2022-08-14,27.8,11.6,19.7,0.0,3.3,11.1,,,46.0,
2022-08-15,30.3,11.8,21.0,0.0,3.3,9.2,,,41.0,
2022-08-16,22.1,12.6,17.4,0.0,3.3,12.2,,,56.0,
2022-08-17,24.4,9.6,17.0,0.0,4.4,11.7,,,50.0,
2022-08-18,28.5,7.0,17.8,0.0,2.8,7.8,,,39.0,
2022-08-19,29.3,7.2,18.2,0.0,2.8,7.5,,,43.0,
2022-08-20,33.6,10.9,22.2,0.0,2.5,10.3,,,37.0,
2022-08-21,31.7,15.3,23.5,0.0,3.6,10.6,,,38.0,
2022-08-22,30.8,14.7,22.8,0.0,3.3,8.6,,,47.0,
2022-08-23,33.9,13.8,23.8,0.0,1.7,6.1,,,47.0,
2022-08-24,34.8,16.4,25.6,1.8,3.3,12.2,,,46.0,
2022-08-25,30.4,14.5,22.4,0.0,3.1,8.3,,,55.0,
2022-08-26,29.6,11.9,20.8,0.8,2.2,7.2,,,57.0,
2022-08-27,30.3,13.0,21.6,0.6,1.4,9.2,,,46.0,
2022-08-28,32.5,15.8,24.2,0.0,1.9,7.8,,,43.0,
2022-08-29,26.9,14.0,20.4,11.8,1.1,16.9,,,59.0,
2022-08-30,29.4,11.0,20.2,0.0,2.5,8.3,,,45.0,
2022-08-31,28.8,11.2,20.0,0.0,2.8,7.5,,,57.0,
2022-09-07,22.2,9.9,16.0,0.0,1.9,7.2,,,60.0,
2022-09-08,26.1,8.7,17.4,0.0,2.2,10.8,,,59.0,
2022-09-09,29.1,11.0,20.0,0.0,3.6,9.2,,,46.0,
2022-09-10,31.1,9.5,20.3,0.0,1.9,6.7,,,52.0,
2022-09-11,32.1,11.8,22.0,0.0,3.1,13.3,,,42.0,
2022-09-12,23.4,14.6,19.0,3.0,2.8,15.0,,,68.0,
2022-09-13,18.9,12.9,15.9,13.8,6.4,15.8,,,91.0,
2022-09-14,20.7,13.4,17.0,5.7,3.1,10.3,,,95.0,
2022-09-21,26.9,9.7,18.3,0.0,1.4,6.4,,,40.0,
2022-09-22,27.7,7.1,17.4,0.0,1.7,5.8,,,44.0,
2022-09-23,26.4,10.8,18.6,0.0,3.1,10.0,,,43.0,
2022-09-24,20.1,6.3,13.2,0.0,2.8,10.6,,,57.0,
2022-09-25,19.5,2.8,11.2,0.0,4.2,12.2,,,58.0,
2022-09-26,21.8,2.1,12.0,0.0,2.2,8.3,,,56.0,
2022-09-27,21.9,6.8,14.4,0.0,3.1,9.2,,,54.0,
2022-09-28,20.4,10.2,15.3,0.0,3.9,15.6,,,60.0,
2022-09-29,17.6,7.4,12.5,0.0,4.4,13.3,,,63.0,
2022-09-30,22.2,5.1,13.6,0.0,1.9,8.3,,,56.0,
2022-10-01,24.6,6.7,15.6,0.0,1.9,6.7,,,53.0,
2022-10-02,27.6,6.7,17.2,0.0,1.4,5.3,,,54.0,
2022-10-03,30.3,7.3,18.8,0.0,2.5,6.7,,,49.0,
2022-10-04,29.9,10.8,20.4,0.0,1.7,8.9,,,41.0,
2022-10-05,27.6,7.7,17.6,0.0,1.1,8.6,,,41.0,
2022-10-06,23.9,8.1,16.0,0.0,1.7,7.5,,,57.0,
2022-10-07,25.6,8.8,17.2,0.0,1.4,5.6,,,62.0,
2022-10-08,23.6,9.0,16.3,0.0,1.9,7.2,,,65.0,
2022-10-09,24.6,6.4,15.5,0.8,2.2,12.2,,,60.0,
2022-10-10,22.1,10.6,16.4,2.0,1.1,5.6,,,72.0,
2022-10-11,24.7,11.4,18.0,0.0,1.9,7.2,,,69.0,
2022-10-12,23.2,7.4,15.3,0.0,0.8,4.7,,,68.0,
2022-10-13,25.1,6.6,15.8,0.0,2.8,8.1,,,58.0,
2022-10-14,26.6,10.4,18.5,0.0,2.5,9.2,,,55.0,
2022-10-15,22.0,9.2,15.6,0.0,0.8,5.0,,,67.0,
2022-10-16,19.3,7.0,13.2,1.2,4.7,18.6,,,69.0,
2022-10-17,19.0,10.5,14.8,1.0,3.1,10.8,,,89.0,
2022-10-18,23.1,9.7,16.4,0.2,5.6,16.4,,,63.0,
2022-10-19,13.9,9.3,11.6,14.0,3.6,14.2,,,86.0,
2022-10-20,16.6,8.9,12.8,3.8,3.9,18.6,,,85.0,
2022-10-21,17.0,10.1,13.6,0.0,5.8,15.3,,,73.0,
2022-11-26,12.5,-1.5,5.5,0.0,1.1,3.6,,,82.0,
2022-11-27,7.0,-0.8,3.1,1.2,1.4,8.6,,,95.0,
2022-11-28,10.5,3.0,6.8,0.0,3.3,13.6,,,76.0,
2022-11-30,5.9,-0.1,2.9,0.2,1.1,3.3,,,95.0,
2022-12-01,14.6,-2.1,6.2,0.2,1.9,4.7,,,60.0,
2022-12-02,8.7,-3.7,2.5,0.0,1.1,4.2,,,80.0,
2022-12-03,11.4,-5.2,3.1,0.0,2.2,6.7,,,70.0,
2022-12-04,6.1,-6.3,-0.1,0.0,1.4,4.7,,,76.0,
2022-12-05,6.3,1.8,4.0,3.8,0.8,3.1,,,93.0,
2022-12-06,13.1,5.8,9.4,1.0,0.6,2.5,,,96.0,
2023-01-26,9.4,-2.6,3.4,0.0,2.8,8.1,,,75.0,
2023-01-27,8.1,-1.8,3.2,0.0,3.9,11.4,,,73.0,
2023-01-28,9.4,-3.2,3.1,0.0,5.0,13.1,,,64.0,
2023-01-29,10.0,-5.6,2.2,0.0,1.4,5.8,,,64.0,
2023-01-30,7.3,-6.6,0.4,0.0,1.7,3.9,,,73.0,
2023-01-31,9.6,-5.5,2.0,0.0,0.8,4.2,,,67.0,
2023-02-01,12.9,-4.3,4.3,0.0,1.9,5.6,,,71.0,
2023-02-02,16.6,-4.2,6.2,0.0,0.8,4.2,,,52.0,
2023-02-03,20.3,-4.4,8.0,0.0,1.1,3.6,,,31.0,
2023-02-04,20.8,-2.3,9.2,0.0,2.5,4.7,,,37.0,
2023-02-05,13.3,-3.3,5.0,0.0,1.4,5.3,,,57.0,
2023-02-06,13.8,-4.3,4.8,0.0,2.8,7.8,,,47.0,
2023-02-07,10.6,-2.3,4.2,0.0,2.2,10.6,,,57.0,
2023-02-08,9.3,-1.7,3.8,1.2,1.7,5.8,,,79.0,
2023-02-09,9.8,-3.5,3.2,0.0,2.2,6.7,,,65.0,
2023-02-10,12.1,-5.6,3.2,0.0,1.7,4.4,,,62.0,
2023-02-11,11.2,-2.8,4.2,0.0,1.7,5.8,,,52.0,
2023-02-12,9.1,-3.6,2.8,0.0,1.1,7.5,,,64.0,
2023-02-13,12.9,0.3,6.6,0.0,0.8,3.6,,,62.0,
2023-02-14,12.0,-0.9,5.6,0.0,1.4,6.4,,,64.0,
2023-02-15,15.3,-2.3,6.5,0.0,1.4,4.7,,,67.0,
2023-02-16,16.2,-1.2,7.5,0.0,1.7,5.3,,,63.0,
2023-02-17,18.0,-0.9,8.6,0.0,1.9,5.6,,,55.0,
2023-02-18,19.2,-0.9,9.2,0.0,1.1,4.7,,,53.0,
2023-02-19,18.6,2.2,10.4,0.0,1.9,6.4,,,46.0,
2023-02-20,16.9,3.8,10.4,0.0,1.1,5.0,,,53.0,
2023-02-21,14.0,3.5,8.8,4.6,1.4,6.9,,,81.0,
2023-02-22,14.0,0.9,7.4,9.4,3.3,7.8,,,73.0,
2023-02-23,8.0,-2.5,2.8,0.0,3.9,10.0,,,69.0,
2023-02-24,9.7,-5.4,2.2,0.0,2.5,8.9,,,73.0,
2023-02-25,5.9,-0.2,2.8,2.2,1.7,7.2,,,88.0,
2023-02-26,11.0,-1.3,4.8,0.0,3.9,10.3,,,68.0,
2023-02-27,7.0,-4.4,1.3,0.0,2.5,13.1,,,46.0,
2023-02-28,6.4,-7.2,-0.4,0.0,3.9,11.7,,,62.0,
2023-03-01,7.5,-4.9,1.3,0.0,2.8,8.6,,,57.0,
2023-03-02,10.9,-6.6,2.2,0.0,2.2,6.1,,,61.0,
2023-03-03,11.9,-5.8,3.0,0.0,1.9,5.8,,,59.0,
2023-03-04,11.3,-5.3,3.0,0.0,2.2,6.7,,,68.0,
2023-03-05,7.9,-4.4,1.8,0.4,3.3,8.3,,,82.0,
2023-03-06,13.4,2.6,8.0,0.0,0.8,3.9,,,82.0,
2023-03-07,12.5,4.2,8.4,0.0,2.5,11.7,,,75.0,
2023-03-08,15.9,4.0,10.0,21.8,4.7,11.9,,,89.0,
2023-03-09,14.5,4.2,9.4,4.6,5.0,16.9,,,77.0,
2023-03-10,18.0,8.1,13.0,0.0,3.9,13.9,,,65.0,
2023-03-11,17.3,8.9,13.1,0.0,3.6,10.0,,,69.0,
2023-03-12,21.8,7.8,14.8,0.0,2.2,8.6,,,70.0,
2023-04-19,26.0,2.2,14.1,0.0,1.9,8.6,,,37.0,
2023-04-20,26.6,4.2,15.4,0.0,2.8,8.1,,,30.0,
2023-04-21,19.9,3.2,11.6,1.8,3.9,14.7,,,52.0,
2023-04-22,16.2,4.2,10.2,1.2,2.2,8.9,,,59.0,
2023-04-23,18.7,8.2,13.4,3.2,4.4,13.1,,,71.0,
2023-04-24,20.6,7.1,13.8,0.0,3.6,11.7,,,62.0,
2023-04-25,23.8,9.5,16.6,0.0,3.1,11.4,,,56.0,
2023-04-26,24.6,10.3,17.4,0.0,1.9,6.4,,,63.0,
2023-04-27,28.9,10.7,19.8,0.0,1.7,7.5,,,52.0,
2023-04-28,26.9,10.2,18.6,0.0,1.9,8.3,,,46.0,
2023-04-29,25.1,10.1,17.6,0.0,2.8,10.8,,,47.0,
2023-04-30,23.3,6.5,14.9,0.0,1.9,6.7,,,49.0,
2023-05-01,24.3,5.4,14.8,0.0,2.5,7.5,,,49.0,
2023-05-02,25.5,6.9,16.2,0.0,3.1,8.3,,,41.0,
2023-05-03,26.0,9.3,17.6,0.2,4.2,13.6,,,37.0,
2023-05-04,19.2,5.2,12.2,0.0,3.3,14.7,,,65.0,
2023-05-05,23.1,5.2,14.2,0.0,2.5,7.8,,,52.0,
2023-05-06,22.4,8.7,15.6,0.0,1.9,10.0,,,61.0,
2023-05-07,25.3,7.0,16.2,0.0,2.5,7.8,,,46.0,
2023-05-08,27.3,6.4,16.8,0.0,2.8,11.1,,,47.0,
2023-05-09,22.7,6.6,14.6,0.0,4.7,11.9,,,57.0,
2023-05-10,20.5,2.9,11.7,0.0,2.5,13.3,,,44.0,
2023-05-11,17.8,2.6,10.2,0.0,4.4,11.4,,,44.0,
2023-05-12,18.2,3.8,11.0,0.2,5.0,12.5,,,46.0,
2023-05-13,18.5,0.3,9.4,0.0,4.4,11.9,,,45.0,
2023-05-14,20.2,4.0,12.1,0.0,3.3,9.4,,,44.0,
2023-05-15,21.6,4.7,13.2,0.0,3.9,10.3,,,51.0,
2023-05-16,19.2,-0.8,9.2,0.0,2.2,7.5,,,46.0,
2023-05-17,22.1,2.7,12.4,0.0,4.4,13.3,,,35.0,
2023-05-18,19.4,-1.2,9.1,0.0,4.4,12.2,,,37.0,
2023-05-19,18.1,3.5,10.8,0.0,6.1,14.2,,,45.0,
2023-05-20,18.6,3.7,11.2,0.0,3.9,11.7,,,41.0,
2023-05-21,20.5,1.1,10.8,0.4,2.5,10.3,,,38.0,
2023-05-22,24.2,3.9,14.0,0.0,3.9,12.8,,,51.0,
2023-05-23,23.4,7.8,15.6,0.0,5.0,13.6,,,52.0,
2023-05-24,23.4,7.6,15.5,0.0,1.7,8.3,,,51.0,
2023-05-25,26.0,6.6,16.3,2.4,3.3,15.8,,,47.0,
2023-05-26,21.5,5.9,13.7,0.0,5.8,15.0,,,66.0,
2023-05-27,25.2,11.3,18.2,0.2,3.1,10.0,,,60.0,
2023-05-28,23.9,11.9,17.9,2.2,3.9,13.1,,,58.0,
2023-05-29,23.7,10.7,17.2,0.4,2.5,13.3,,,61.0,
2023-05-30,26.4,9.8,18.1,3.8,1.9,8.3,,,66.0,
2023-05-31,23.7,8.5,16.1,0.0,2.2,10.8,,,58.0,
2023-06-01,23.1,9.7,16.4,7.4,3.3,11.1,,,69.0,
2023-06-02,24.7,9.7,17.2,8.0,2.2,8.3,,,53.0,
2023-06-03,24.9,10.6,17.8,0.2,1.4,12.8,,,60.0,
2023-06-04,24.7,10.0,17.4,1.2,1.9,8.9,,,60.0,
2023-06-05,26.2,9.5,17.8,,2.8,8.3,,,59.0,
2023-07-07,29.5,10.9,20.2,0.0,5.0,13.9,,,46.0,
2023-07-08,27.3,13.2,20.2,0.0,4.4,14.2,,,46.0,
2023-07-09,28.0,11.0,19.5,0.0,2.2,7.8,,,49.0,
2023-07-10,32.9,10.1,21.5,0.0,1.9,6.7,,,40.0,
2023-07-11,31.1,13.4,22.2,0.0,3.3,12.2,,,39.0,
2023-07-12,28.2,14.0,21.1,0.0,3.3,10.3,,,53.0,
2023-07-13,30.9,11.4,21.2,0.0,2.2,7.8,,,48.0,
2023-07-14,30.4,12.5,21.4,0.0,1.9,11.9,,,42.0,
2023-07-15,22.9,11.6,17.2,0.0,4.4,11.9,,,49.0,
2023-07-16,26.1,7.0,16.6,0.0,2.2,8.3,,,49.0,
2023-07-17,31.2,8.0,19.6,0.0,2.8,8.3,,,42.0,
2023-07-18,34.2,14.8,24.5,0.0,3.3,9.2,,,37.0,
2023-07-19,32.0,12.9,22.4,0.0,2.2,8.1,,,48.0,
2023-07-20,29.5,11.8,20.6,0.0,3.6,12.2,,,45.0,
2023-07-21,25.3,9.5,17.4,1.2,2.2,7.5,,,62.0,
2023-07-22,29.8,9.0,19.4,0.0,2.5,7.8,,,52.0,
2023-07-23,28.0,11.7,19.8,0.0,2.5,9.4,,,49.0,
2023-07-24,23.4,11.4,17.4,0.0,4.7,12.8,,,52.0,
2023-07-25,26.6,8.3,17.4,0.0,2.5,8.3,,,43.0,
2023-07-26,28.5,9.2,18.8,0.0,2.5,8.3,,,47.0,
2023-07-27,31.5,11.8,21.6,0.0,3.6,11.1,,,45.0,
2023-07-28,29.9,12.8,21.4,0.0,2.5,10.3,,,49.0,
2023-07-29,29.2,14.5,21.8,0.0,3.6,11.1,,,53.0,
2023-07-30,31.2,11.4,21.3,0.0,2.2,7.8,,,45.0,
2023-07-31,33.0,12.7,22.8,0.0,3.1,12.8,,,41.0,
2023-08-01,31.2,14.5,22.8,0.0,3.9,10.0,,,47.0,
2023-08-02,27.2,13.0,20.1,0.0,5.3,13.9,,,54.0,
2023-08-03,23.6,9.7,16.6,0.0,3.6,11.9,,,44.0,
2023-08-04,27.2,7.3,17.2,0.0,2.2,7.8,,,39.0,
2023-08-05,31.9,7.9,19.9,0.0,3.6,9.7,,,41.0,
2023-08-06,28.7,10.0,19.4,0.0,2.2,7.8,,,45.0,
2023-08-07,30.5,9.2,19.8,0.0,1.9,6.1,,,38.0,
2023-08-08,34.8,11.2,23.0,0.0,2.2,6.9,,,35.0,
2023-08-09,36.7,14.7,25.7,0.0,3.9,14.2,,,34.0,
2023-08-10,34.5,13.8,24.2,0.0,3.1,9.4,,,31.0,
2023-08-11,34.7,13.5,24.1,0.0,3.3,11.7,,,41.0,
2023-08-12,33.4,16.9,25.2,0.0,3.6,8.1,,,48.0,
2023-08-13,32.2,11.9,22.0,0.0,3.1,7.2,,,42.0,
2023-08-14,31.7,13.0,22.4,0.0,3.3,9.4,,,44.0,
2023-08-15,28.6,12.2,20.4,0.0,2.5,7.5,,,55.0,
2023-08-16,30.7,13.1,21.9,0.0,2.5,8.9,,,48.0,
2023-08-17,32.7,12.4,22.6,0.0,2.2,9.2,,,45.0,
2023-08-18,31.4,17.1,24.2,0.0,3.1,11.1,,,43.0,
2023-08-19,32.2,16.5,24.4,0.0,2.2,7.8,,,52.0,
2023-08-20,34.7,15.7,25.2,0.0,1.9,6.9,,,48.0,
2023-08-21,35.9,17.0,26.4,0.0,1.7,7.8,,,40.0,
2023-08-22,37.5,17.3,27.4,11.2,2.5,17.5,,,34.0,
2023-08-23,36.9,16.4,26.6,0.0,1.7,9.7,,,38.0,
2023-08-24,35.6,18.3,27.0,0.0,3.1,12.8,,,39.0,
2023-08-25,30.4,14.3,22.4,0.0,2.8,10.8,,,43.0,
2023-08-26,23.7,10.1,16.9,0.0,3.6,13.6,,,53.0,
2023-08-27,22.0,9.5,15.8,0.0,5.3,11.7,,,49.0,
2023-08-28,24.7,11.1,17.9,0.0,3.3,11.7,,,53.0,
2023-08-29,25.9,12.0,19.0,0.0,3.6,11.1,,,52.0,
2023-08-30,26.9,11.0,19.0,0.0,2.2,7.8,,,47.0,
2023-08-31,29.5,9.2,19.4,0.0,2.2,8.3,,,50.0,
2023-09-01,28.7,11.6,20.2,0.0,3.1,10.0,,,54.0,
2023-09-02,24.1,12.0,18.0,0.0,2.5,9.7,,,60.0,
2023-09-03,23.2,12.5,17.8,35.6,3.1,12.8,,,76.0,
2023-09-04,22.0,14.2,18.1,0.0,2.8,10.6,,,79.0,
2023-09-05,22.4,12.6,17.5,0.0,1.4,9.2,,,65.0,
2023-09-06,27.5,10.2,18.8,0.0,2.2,10.6,,,59.0,
2023-09-07,27.6,14.4,21.0,0.0,2.8,14.4,,,69.0,
2023-09-08,25.2,13.6,19.4,6.8,3.3,9.4,,,72.0,
2023-09-09,23.0,11.6,17.3,3.8,5.3,10.6,,,83.0,
2023-09-10,23.2,11.4,17.3,2.2,1.9,7.2,,,80.0,
2023-09-11,22.0,13.3,17.6,1.0,1.1,6.4,,,80.0,
2023-09-12,24.1,10.6,17.4,27.0,1.4,14.7,,,79.0,
2023-09-13,24.9,9.6,17.2,0.0,1.9,7.8,,,66.0,
2023-09-14,26.5,9.4,18.0,0.2,1.9,6.4,,,66.0,
2023-09-15,22.8,12.5,17.6,16.8,2.5,13.1,,,78.0,
2023-09-16,18.6,11.6,15.1,19.4,4.4,10.8,,,90.0,
2023-09-17,16.8,11.7,14.2,2.8,6.1,16.1,,,90.0,
2023-09-18,21.8,9.9,15.8,0.0,1.9,8.6,,,66.0,
2023-09-19,22.8,8.9,15.8,0.0,1.9,7.2,,,70.0,
2023-09-20,23.2,9.5,16.4,2.6,1.1,6.4,,,69.0,
2023-09-21,17.1,9.9,13.5,0.2,3.3,11.4,,,77.0,
2023-09-22,17.6,8.2,12.9,0.0,3.1,10.6,,,65.0,
2023-09-23,22.0,5.3,13.6,0.0,1.4,5.6,,,63.0,
2023-09-24,25.8,5.3,15.6,0.0,1.7,5.8,,,59.0,
2023-09-25,26.1,8.4,17.2,0.0,2.5,7.8,,,55.0,
2023-09-26,28.5,11.2,19.8,0.0,2.2,8.1,,,58.0,
2023-09-27,26.5,11.7,19.1,0.0,1.4,8.1,,,63.0,
2023-09-28,27.5,9.8,18.6,0.0,1.7,5.0,,,64.0,
2023-09-29,30.3,12.4,21.4,0.0,1.4,4.7,,,61.0,
2023-09-30,30.7,9.9,20.3,0.0,1.7,5.0,,,59.0,
2023-10-01,30.9,11.9,21.4,0.0,1.7,8.3,,,55.0,
2023-10-02,29.5,11.7,20.6,0.0,4.7,13.6,,,51.0,
2023-10-03,26.6,11.3,19.0,0.0,1.9,6.7,,,62.0,
2023-10-04,26.2,9.1,17.6,0.0,0.8,4.7,,,64.0,
2023-10-05,28.0,8.6,18.3,0.0,2.5,10.8,,,56.0,
2023-10-06,30.2,8.3,19.2,0.0,1.9,5.8,,,50.0,
2023-10-07,30.7,10.5,20.6,0.0,1.4,4.4,,,45.0,
2023-10-08,30.8,9.2,20.0,0.0,1.1,5.3,,,41.0,
2023-10-09,31.9,8.6,20.2,0.0,1.9,5.3,,,43.0,
2023-10-10,30.2,8.7,19.4,0.0,0.8,5.3,,,35.0,
2023-10-11,29.0,7.8,18.4,0.0,1.7,6.1,,,43.0,
2023-10-12,27.6,10.0,18.8,0.0,3.6,10.6,,,48.0,
2023-10-13,19.7,12.0,15.8,0.6,3.6,11.4,,,65.0,
2023-10-14,24.1,11.5,17.8,0.0,1.4,5.0,,,67.0,
2023-10-15,13.3,11.7,12.5,4.6,0.8,4.2,,,92.0,
2023-10-16,17.7,12.1,14.9,2.4,4.2,10.8,,,91.0,
2023-10-17,18.1,12.4,15.2,4.8,7.5,19.2,,,94.0,
2023-10-18,18.7,10.9,14.8,12.2,5.6,16.9,,,78.0,
2023-10-19,15.8,8.2,12.0,10.0,5.0,11.4,,,89.0,
2023-10-20,12.9,5.4,9.2,2.2,5.3,14.4,,,78.0,
2023-10-21,14.0,4.9,9.4,0.2,1.7,9.4,,,73.0,
2023-10-22,13.8,6.6,10.2,1.4,1.1,5.6,,,82.0,
2023-10-23,12.0,3.6,7.8,6.8,1.9,7.2,,,89.0,
2023-10-24,12.7,2.1,7.4,3.4,3.9,11.7,,,94.0,
2023-10-25,14.1,10.0,12.0,29.0,1.7,11.9,,,88.0,
2023-10-26,14.0,8.2,11.1,8.8,3.6,10.8,,,92.0,
2023-10-27,13.5,5.8,9.6,4.0,3.1,13.3,,,76.0,
2023-10-28,16.3,6.7,11.5,14.8,5.6,15.3,,,87.0,
2023-10-29,14.9,8.4,11.6,1.2,3.3,10.8,,,81.0,
2023-10-30,13.9,3.7,8.8,1.6,3.1,11.1,,,77.0,
2023-10-31,13.5,4.6,9.0,2.6,4.4,13.6,,,84.0,
2023-11-01,14.7,7.5,11.1,19.0,2.5,13.9,,,73.0,
2023-11-02,13.1,3.0,8.0,14.6,5.3,17.5,,,82.0,
2023-11-03,9.3,4.6,7.0,6.2,4.4,19.4,,,80.0,
2023-11-04,13.6,6.0,9.8,4.0,7.2,21.7,,,79.0,
2023-11-05,12.6,4.3,8.4,0.0,3.9,15.8,,,73.0,
2023-11-06,10.7,2.1,6.4,0.0,3.6,11.7,,,73.0,
2023-11-07,10.4,0.9,5.6,0.2,2.8,11.4,,,79.0,
2023-11-08,8.6,4.0,6.3,3.2,1.4,4.2,,,96.0,
2023-11-09,12.9,5.8,9.4,0.0,3.1,13.6,,,72.0,
2023-11-10,12.8,6.6,9.7,11.6,2.8,9.7,,,87.0,
2023-11-11,19.8,8.8,14.3,0.2,3.1,14.7,,,75.0,
2023-11-12,18.1,9.6,13.8,0.0,1.4,11.4,,,76.0,
2023-11-13,18.5,8.3,13.4,0.0,1.1,3.9,,,87.0,
2023-11-14,18.0,8.8,13.4,0.0,2.2,4.7,,,86.0,
2023-11-15,17.1,9.9,13.5,0.0,0.8,3.3,,,93.0,
2023-11-16,19.1,10.7,14.9,0.0,2.2,9.2,,,78.0,
2023-11-17,19.8,5.0,12.4,0.0,1.4,5.0,,,79.0,
2023-11-18,11.7,7.3,9.5,0.2,0.8,2.5,,,95.0,
2023-11-19,14.2,2.9,8.6,0.2,1.1,3.9,,,92.0,
2023-11-20,18.4,2.7,10.6,0.0,1.1,8.9,,,83.0,
2023-11-21,12.1,3.2,7.6,0.0,3.1,11.4,,,71.0,
2023-11-22,12.8,2.8,7.8,0.0,5.0,13.9,,,71.0,
2023-11-23,17.7,-0.2,8.8,0.0,2.5,6.9,,,54.0,
2023-11-24,20.1,-0.9,9.6,0.0,1.4,3.6,,,59.0,
2023-11-25,16.5,0.3,8.4,0.0,2.2,5.0,,,64.0,
2023-11-26,13.6,-0.3,6.6,0.0,1.7,3.9,,,74.0,
2023-11-27,12.2,4.5,8.4,0.4,3.6,10.3,,,87.0,
2023-11-28,14.3,8.6,11.4,0.4,1.4,6.7,,,88.0,
2023-11-29,13.0,7.9,10.4,4.8,2.5,9.7,,,97.0,
2023-11-30,11.3,3.1,7.2,,2.5,9.2,,,92.0,
2023-12-01,8.8,1.2,5.0,0.0,2.2,10.3,,,79.0,
2023-12-02,10.8,-0.3,5.2,0.0,1.9,9.7,,,70.0,
2023-12-03,4.8,-3.2,0.8,1.2,3.9,15.3,,,95.0,
2023-12-04,10.9,0.5,5.7,2.0,3.6,13.6,,,85.0,
2023-12-05,7.3,-1.7,2.8,0.0,1.1,4.2,,,76.0,
2023-12-06,5.4,-3.5,1.0,3.8,0.6,3.6,,,85.0,
2023-12-07,6.7,0.6,3.6,9.4,1.1,7.8,,,98.0,
2023-12-08,9.3,3.4,6.4,0.0,3.1,13.9,,,77.0,
2023-12-09,16.0,5.0,10.5,0.2,1.9,10.8,,,85.0,
2023-12-10,17.3,7.2,12.2,0.0,1.1,4.7,,,87.0,
2023-12-11,14.5,3.8,9.2,0.0,2.2,5.3,,,95.0,
2023-12-12,10.8,6.1,8.4,6.0,1.4,9.7,,,95.0,
2023-12-13,9.1,3.7,6.4,0.2,4.7,14.4,,,75.0,
2023-12-14,13.5,0.6,7.0,0.0,2.8,6.9,,,72.0,
2023-12-15,14.2,-0.6,6.8,0.0,1.1,4.2,,,80.0,
2023-12-16,14.4,-3.6,5.4,0.0,0.8,3.9,,,84.0,
2023-12-17,11.1,-4.1,3.5,0.0,1.4,4.4,,,72.0,
2023-12-18,9.8,-5.7,2.0,0.2,1.1,3.3,,,79.0,
2023-12-19,-0.2,-7.4,-3.8,0.2,1.1,3.3,,,95.0,
2023-12-20,12.1,-1.4,5.4,0.0,3.1,8.1,,,75.0,
2023-12-21,16.6,0.0,8.3,0.0,3.6,7.5,,,77.0,
2023-12-22,13.7,-0.9,6.4,0.0,0.8,5.8,,,79.0,
2023-12-23,2.2,-2.9,-0.4,0.0,1.1,3.6,,,99.0,
2023-12-24,11.9,-3.7,4.1,0.2,1.4,3.6,,,87.0,
2023-12-25,5.9,-5.8,0.0,0.2,1.1,3.9,,,95.0,
2023-12-26,-0.7,-6.3,-3.5,0.2,0.6,2.2,,,97.0,
2023-12-27,-0.5,-3.9,-2.2,0.4,0.6,2.8,,,99.0,
2023-12-28,3.0,-0.5,1.2,0.8,1.1,4.2,,,100.0,
2023-12-29,7.8,3.0,5.4,0.4,0.8,2.5,,,100.0,
2023-12-30,7.4,0.3,3.8,0.2,1.4,7.2,,,99.0,
2023-12-31,7.9,2.9,5.4,0.8,3.1,12.2,,,83.0,
2024-01-01,10.4,1.3,5.8,0.0,2.2,6.9,,,68.0,
2024-01-02,10.1,2.2,6.2,4.4,3.1,6.9,,,94.0,
2024-01-03,10.3,2.2,6.2,0.0,4.7,11.4,,,77.0,
2024-01-04,4.5,-0.3,2.1,4.4,1.4,5.8,,,99.0,
2024-01-05,8.1,1.0,4.6,0.0,3.6,13.1,,,79.0,
2024-01-06,8.6,0.4,4.5,0.0,3.1,8.9,,,77.0,
2024-01-07,10.4,-3.2,3.6,0.0,1.7,4.7,,,70.0,
2024-01-08,4.2,-6.0,-0.9,0.2,1.7,4.2,,,84.0,
2024-01-09,2.6,-0.1,1.2,2.0,0.8,2.2,,,97.0,
2024-01-10,5.7,-0.7,2.5,0.4,1.7,7.8,,,92.0,
2024-01-11,4.5,-4.8,-0.2,0.2,1.7,9.2,,,80.0,
2024-01-12,4.6,-1.8,1.4,0.0,1.4,6.4,,,81.0,
2024-01-13,8.4,-1.2,3.6,11.2,1.4,4.2,,,82.0,
2024-01-14,7.5,3.4,5.4,4.4,0.8,3.3,,,99.0,
2024-01-15,14.6,5.7,10.2,0.2,1.4,5.3,,,99.0,
2024-01-16,10.7,3.2,7.0,5.4,2.8,15.3,,,99.0,
2024-01-17,11.4,7.6,9.5,1.4,4.2,14.2,,,84.0,
2024-01-18,12.1,4.3,8.2,1.0,3.3,14.2,,,74.0,
2024-01-19,10.1,-3.0,3.6,0.0,1.4,6.9,,,79.0,
2024-01-20,9.8,-6.6,1.6,0.0,1.4,4.2,,,64.0,
2024-01-21,8.5,-2.6,3.0,0.0,1.7,3.9,,,78.0,
2024-01-22,10.9,-0.4,5.2,0.0,0.6,3.1,,,89.0,
2024-01-23,8.7,2.0,5.4,0.4,1.4,3.6,,,100.0,
2024-01-24,11.3,1.6,6.4,0.4,0.8,3.9,,,98.0,
2024-01-25,15.2,-0.5,7.4,0.2,0.8,4.2,,,92.0,
2024-01-26,18.9,-0.7,9.1,0.0,1.1,4.2,,,79.0,
2024-01-27,17.2,1.6,9.4,0.0,1.1,2.8,,,70.0,
2024-01-28,14.7,1.3,8.0,0.0,1.1,5.0,,,81.0,
2024-01-29,12.7,2.8,7.8,0.0,0.8,3.6,,,88.0,
2024-01-30,14.6,0.0,7.3,0.0,1.1,3.6,,,82.0,
2024-01-31,17.6,0.7,9.2,0.0,1.1,3.6,,,70.0,
2024-02-01,18.4,1.9,10.2,0.0,1.4,4.2,,,62.0,
2024-02-02,16.6,-0.1,8.2,0.0,0.6,4.4,,,69.0,
2024-02-03,17.5,-0.8,8.4,0.0,0.8,4.2,,,65.0,
2024-02-04,18.1,-0.5,8.8,0.0,0.8,4.2,,,70.0,
2024-02-05,14.9,0.0,7.4,0.0,1.4,4.4,,,79.0,
2024-02-06,17.3,2.2,9.8,0.0,1.9,6.4,,,66.0,
2024-02-07,12.9,0.9,6.9,0.0,1.7,7.8,,,85.0,
2024-02-08,9.2,7.1,8.2,0.0,8.3,18.1,,,81.0,
2024-02-09,9.8,4.4,7.1,1.6,3.3,11.4,,,94.0,
2024-02-10,7.6,1.7,4.6,0.2,4.7,17.5,,,74.0,
2024-02-11,8.0,1.6,4.8,0.6,2.8,10.0,,,82.0,
2024-02-12,16.2,2.5,9.4,0.0,5.3,15.8,,,69.0,
2024-02-13,16.4,2.2,9.3,0.0,1.7,4.7,,,89.0,
2024-02-14,11.2,3.7,7.4,0.2,0.6,4.4,,,99.0,
2024-02-15,12.0,6.2,9.1,3.2,2.8,10.3,,,92.0,
2024-02-16,16.3,3.2,9.8,0.0,2.2,6.1,,,67.0,
2024-02-17,16.8,-0.5,8.2,0.0,1.7,5.0,,,70.0,
2024-02-18,19.0,2.3,10.6,0.0,1.4,3.9,,,69.0,
2024-02-19,19.7,3.7,11.7,0.0,1.9,4.7,,,67.0,
2024-02-20,18.1,-1.3,8.4,0.0,0.8,4.7,,,61.0,
2024-02-21,11.3,0.3,5.8,0.0,1.1,6.7,,,73.0,
2024-02-22,16.0,0.6,8.3,0.4,5.0,17.2,,,77.0,
2024-02-23,7.1,0.1,3.6,3.4,5.0,16.9,,,82.0,
2024-02-24,7.5,-0.1,3.7,6.4,4.2,11.9,,,78.0,
2024-02-25,13.9,3.4,8.6,7.8,4.7,16.4,,,77.0,
2024-02-26,7.1,0.8,4.0,0.8,5.6,14.2,,,79.0,
2024-02-27,11.1,0.5,5.8,0.0,5.6,14.7,,,51.0,
2024-02-28,17.0,-0.2,8.4,0.0,2.2,8.1,,,64.0,
2024-02-29,11.1,0.9,6.0,1.6,5.0,17.8,,,81.0,
2024-03-01,10.6,0.7,5.6,0.8,3.1,12.5,,,79.0,
2024-03-02,7.1,0.1,3.6,14.6,3.3,11.7,,,88.0,
2024-03-03,6.9,-0.3,3.3,1.0,4.2,12.8,,,83.0,
2024-03-04,11.0,2.1,6.6,1.0,5.3,15.3,,,74.0,
2024-03-05,13.8,0.8,7.3,0.0,2.5,9.2,,,64.0,
2024-03-06,12.4,-1.3,5.6,0.0,1.7,9.2,,,72.0,
2024-03-07,6.6,0.7,3.6,4.8,5.0,15.8,,,89.0,
2024-03-08,9.4,0.2,4.8,7.6,3.9,16.7,,,86.0,
2024-03-09,7.5,-0.8,3.4,0.8,3.1,12.2,,,75.0,
2024-03-10,10.9,1.6,6.2,1.0,5.3,16.1,,,77.0,
2024-03-11,12.3,2.9,7.6,0.0,3.3,13.9,,,71.0,
2024-03-12,15.4,-0.3,7.6,0.0,1.4,5.6,,,67.0,
2024-03-13,17.8,-0.3,8.8,0.0,3.3,10.3,,,63.0,
2024-03-14,16.9,1.7,9.3,0.4,3.6,8.3,,,73.0,
2024-03-15,18.1,4.3,11.2,0.0,1.4,6.1,,,67.0,
2024-03-16,17.7,3.6,10.6,0.0,2.5,8.9,,,77.0,
2024-03-17,19.0,5.9,12.4,0.0,2.2,8.3,,,79.0,
2024-03-18,19.9,6.3,13.1,0.0,2.2,8.3,,,74.0,
2024-03-19,20.2,6.8,13.5,0.0,3.3,8.3,,,70.0,
2024-03-20,20.0,6.3,13.2,5.2,3.1,11.9,,,70.0,
2024-03-21,23.4,7.7,15.6,0.0,2.5,7.5,,,61.0,
2024-03-22,25.7,8.3,17.0,0.0,1.1,17.8,,,48.0,
2024-03-23,21.7,6.1,13.9,0.0,1.4,5.3,,,61.0,
2024-03-24,19.0,-0.1,9.4,0.0,2.5,5.8,,,59.0,
2024-03-25,15.6,1.1,8.4,0.0,4.2,13.6,,,61.0,
2024-03-26,9.0,-1.5,3.8,3.6,2.5,11.7,,,72.0,
2024-03-27,10.6,0.3,5.4,2.8,6.4,19.2,,,78.0,
2024-03-28,8.6,-0.5,4.0,6.0,3.1,15.0,,,89.0,
2024-03-29,10.5,1.6,6.0,7.4,2.2,7.8,,,81.0,
2024-03-30,9.7,1.2,5.4,8.8,5.3,16.1,,,88.0,
2024-03-31,11.7,0.6,6.2,0.8,2.8,11.1,,,78.0,
2024-04-01,11.5,-0.4,5.6,0.0,4.2,12.5,,,71.0,
2024-04-02,9.6,-0.5,4.6,3.6,5.3,18.3,,,93.0,
2024-04-03,16.0,4.3,10.2,0.0,2.8,12.5,,,72.0,
2024-04-04,17.0,3.4,10.2,0.0,3.6,11.4,,,69.0,
2024-04-05,19.9,10.3,15.1,0.0,6.9,20.3,,,50.0,
2024-04-06,16.7,8.8,12.8,2.4,4.4,15.3,,,80.0,
2024-04-07,18.4,6.9,12.6,3.0,3.3,10.3,,,69.0,
2024-04-08,11.1,2.2,6.6,6.0,6.1,17.5,,,76.0,
2024-04-09,16.0,1.7,8.8,0.0,2.5,10.8,,,54.0,
2024-04-10,20.5,1.2,10.8,0.0,2.2,6.4,,,62.0,
2024-04-11,24.0,4.5,14.2,0.0,2.8,6.1,,,60.0,
2024-04-12,28.2,6.5,17.4,0.0,1.4,5.6,,,48.0,
2024-04-13,27.8,7.8,17.8,0.0,1.1,5.8,,,40.0,
2024-04-14,28.2,9.2,18.7,0.2,1.9,10.6,,,57.0,
2024-04-15,26.5,9.1,17.8,0.0,3.1,9.7,,,44.0,
2024-04-16,22.9,4.9,13.9,0.0,1.7,6.1,,,56.0,
2024-04-17,19.1,2.4,10.8,0.0,1.4,6.7,,,57.0,
2024-04-18,18.2,1.4,9.8,0.0,3.1,7.8,,,58.0,
2024-04-19,22.6,0.0,11.3,0.0,1.4,5.0,,,37.0,
2024-04-20,22.3,3.6,13.0,0.0,2.2,6.7,,,34.0,
2024-04-21,22.2,2.1,12.2,0.0,1.7,6.9,,,36.0,
2024-04-22,19.1,1.3,10.2,0.0,4.2,12.5,,,41.0,
2024-04-23,17.1,-2.1,7.5,0.0,5.3,12.8,,,46.0,
2024-04-24,17.5,-1.7,7.9,0.0,2.5,8.1,,,50.0,
2024-04-25,15.6,5.4,10.5,0.2,3.1,11.4,,,61.0,
2024-04-26,14.1,3.7,8.9,4.4,1.9,14.2,,,65.0,
2024-04-27,10.5,2.8,6.6,0.8,2.8,13.3,,,70.0,
2024-04-28,13.1,1.7,7.4,0.0,2.2,8.9,,,62.0,
2024-04-29,18.7,-0.7,9.0,0.0,1.7,7.8,,,50.0,
2024-04-30,14.3,2.6,8.4,5.8,2.5,10.6,,,76.0,
2024-05-01,13.2,1.1,7.2,0.0,3.6,11.4,,,71.0,
2024-05-02,13.4,2.4,7.9,0.0,2.2,10.3,,,66.0,
2024-05-03,12.9,3.4,8.2,0.0,5.3,13.3,,,79.0,
2024-05-04,19.6,7.9,13.8,1.0,6.4,16.4,,,74.0,
2024-05-05,16.2,5.6,10.9,17.8,3.1,11.4,,,92.0,
2024-05-06,17.8,2.6,10.2,0.0,3.1,9.4,,,52.0,
2024-05-07,20.7,2.6,11.6,0.0,2.5,6.7,,,53.0,
2024-05-08,22.5,3.3,12.9,0.0,1.7,5.8,,,48.0,
2024-05-09,23.9,4.0,14.0,0.0,1.9,5.3,,,44.0,
2024-05-10,26.0,5.9,16.0,0.0,2.5,7.2,,,42.0,
2024-05-11,23.3,9.4,16.4,3.8,1.9,12.2,,,56.0,
2024-05-12,24.5,7.6,16.0,0.0,2.8,8.3,,,48.0,
2024-05-13,18.6,7.1,12.8,6.0,2.5,11.4,,,81.0,
2024-05-14,14.6,4.7,9.6,0.0,3.6,14.4,,,70.0,
2024-05-15,13.4,3.1,8.2,0.0,4.7,11.1,,,67.0,
2024-05-16,13.8,5.1,9.4,5.2,1.9,8.6,,,67.0,
2024-05-17,16.5,4.7,10.6,0.8,3.9,10.0,,,74.0,
2024-05-18,14.6,6.8,10.7,13.0,0.6,6.7,,,85.0,
2024-05-19,17.7,4.3,11.0,2.4,2.8,9.7,,,62.0,
2024-05-20,18.2,6.3,12.2,0.0,3.1,10.0,,,68.0,
2024-05-21,18.5,5.8,12.2,0.0,3.6,11.1,,,61.0,
2024-05-22,17.2,5.5,11.4,0.0,3.9,12.2,,,58.0,
2024-05-23,18.5,1.6,10.0,0.0,1.9,7.8,,,53.0,
2024-05-24,22.7,3.7,13.2,0.0,2.5,8.3,,,55.0,
2024-05-25,25.8,7.7,16.8,0.0,3.1,10.0,,,47.0,
2024-05-26,23.5,9.5,16.5,0.0,2.8,8.6,,,52.0,
2024-05-27,23.2,5.4,14.3,0.0,2.8,6.4,,,48.0,
2024-05-28,28.4,6.2,17.3,0.0,1.7,7.8,,,46.0,
2024-05-29,29.8,9.2,19.5,0.0,3.1,8.6,,,42.0,
2024-05-30,30.7,11.9,21.3,0.0,2.8,8.3,,,52.0,
2024-05-31,23.7,5.8,14.8,0.0,2.8,7.5,,,51.0,
2024-06-01,23.7,5.5,14.6,0.0,2.2,10.0,,,47.0,
2024-06-02,22.9,4.4,13.6,0.0,2.5,8.6,,,49.0,
2024-06-03,27.2,5.6,16.4,0.0,1.4,6.1,,,44.0,
2024-06-04,29.0,7.3,18.2,0.0,2.5,8.1,,,48.0,
2024-06-05,28.6,10.8,19.7,0.0,2.5,11.9,,,50.0,
2024-06-06,29.3,12.3,20.8,0.0,4.4,11.7,,,45.0,
2024-06-07,29.9,15.0,22.4,10.0,2.2,11.9,,,65.0,
2024-06-08,25.0,12.8,18.9,11.0,1.9,12.2,,,75.0,
2024-06-09,21.1,11.7,16.4,19.4,2.2,6.9,,,83.0,
2024-06-10,23.9,10.3,17.1,0.0,1.7,7.5,,,56.0,
2024-06-11,22.2,5.6,13.9,0.6,2.5,7.8,,,66.0,
2024-06-12,21.5,9.2,15.4,0.0,2.2,6.7,,,55.0,
2024-06-13,24.6,5.0,14.8,0.0,2.5,9.2,,,51.0,
2024-06-14,22.8,9.4,16.1,0.0,4.4,11.7,,,62.0,
2024-06-15,21.4,6.9,14.2,0.0,3.3,10.0,,,49.0,
2024-06-16,23.1,9.9,16.5,0.0,3.1,10.8,,,59.0,
2024-06-17,21.7,10.7,16.2,15.8,4.4,12.5,,,64.0,
2024-06-18,18.8,10.1,14.4,5.0,2.8,10.8,,,79.0,
2024-06-19,20.8,7.2,14.0,0.0,2.2,8.3,,,65.0,
2024-06-20,20.7,8.6,14.6,0.0,4.2,10.0,,,61.0,
2024-06-21,25.9,7.5,16.7,0.0,2.2,9.2,,,49.0,
2024-06-22,23.6,13.1,18.4,0.0,3.3,9.2,,,53.0,
2024-06-23,29.0,10.8,19.9,0.0,1.1,6.4,,,53.0,
2024-06-24,28.8,13.3,21.0,0.0,2.8,6.7,,,62.0,
2024-06-25,31.0,14.3,22.6,0.0,2.2,11.1,,,51.0,
2024-06-26,30.0,13.8,21.9,7.0,2.5,11.1,,,53.0,
2024-06-27,31.7,13.2,22.4,1.0,2.5,6.1,,,53.0,
2024-06-28,30.6,16.5,23.6,0.8,2.2,7.5,,,64.0,
2024-06-29,20.4,13.0,16.7,0.6,1.7,7.8,,,84.0,
2024-06-30,24.3,10.3,17.3,1.6,1.9,9.2,,,70.0,
2024-07-01,27.3,9.3,18.3,0.0,2.5,6.9,,,52.0,
2024-07-02,29.5,10.0,19.8,0.0,1.9,6.4,,,57.0,
2024-07-03,31.7,10.3,21.0,0.0,2.5,7.2,,,38.0,
2024-07-04,31.7,12.5,22.1,0.0,1.9,6.4,,,45.0,
2024-07-05,33.9,14.3,24.1,0.0,2.8,10.8,,,47.0,
2024-07-06,26.0,11.7,18.8,0.0,3.6,8.9,,,46.0,
2024-07-07,26.6,7.0,16.8,0.0,2.5,8.3,,,49.0,
2024-07-08,27.7,11.5,19.6,0.6,4.4,12.8,,,47.0,
2024-07-09,20.7,13.2,17.0,11.6,1.9,6.4,,,82.0,
2024-07-10,27.1,14.5,20.8,0.0,1.9,6.9,,,71.0,
2024-07-11,26.6,14.9,20.8,0.0,3.3,11.9,,,53.0,
2024-07-12,27.5,12.0,19.8,0.0,2.8,7.2,,,50.0,
2024-07-13,28.1,11.9,20.0,0.0,1.9,11.1,,,55.0,
2024-07-14,27.8,14.9,21.4,2.0,1.7,11.7,,,47.0,
2024-07-15,23.7,12.0,17.8,0.0,3.6,9.7,,,59.0,
2024-07-16,28.0,8.4,18.2,0.0,2.2,6.7,,,44.0,
2024-07-17,31.0,10.6,20.8,0.0,3.3,10.0,,,46.0,
2024-07-18,32.5,12.4,22.4,0.0,2.5,10.6,,,43.0,
2024-07-19,33.6,13.1,23.4,0.0,3.1,11.7,,,44.0,
2024-07-20,27.8,12.9,20.4,0.0,3.9,12.2,,,57.0,
2024-07-21,30.4,8.4,19.4,0.0,2.2,7.2,,,36.0,
2024-07-22,32.4,9.3,20.8,0.0,1.9,6.7,,,43.0,
2024-07-23,35.5,14.3,24.9,0.0,2.2,6.7,,,38.0,
2024-07-24,36.6,16.6,26.6,0.0,2.8,8.6,,,37.0,
2024-07-25,35.9,14.4,25.2,0.0,2.5,8.6,,,36.0,
2024-07-26,34.2,15.1,24.6,0.0,2.5,9.7,,,40.0,
2024-07-27,33.7,15.1,24.4,0.0,2.5,7.5,,,50.0,
2024-07-28,34.9,15.9,25.4,0.0,2.2,10.0,,,45.0,
2024-07-29,33.7,19.7,26.7,3.4,2.5,16.1,,,41.0,
2024-07-30,32.9,16.6,24.8,0.0,3.9,16.9,,,51.0,
2024-07-31,33.2,16.7,25.0,0.0,2.2,10.3,,,50.0,
2024-08-01,32.4,16.3,24.4,3.2,1.7,12.5,,,57.0,
2024-08-02,31.2,14.9,23.0,0.0,2.2,8.1,,,54.0,
2024-08-03,34.3,11.6,23.0,0.0,2.2,7.5,,,44.0,
2024-08-04,35.1,13.5,24.3,0.0,2.8,7.8,,,41.0,
2024-08-05,33.6,12.9,23.2,0.0,3.3,10.0,,,41.0,
2024-08-06,33.5,13.8,23.6,0.0,3.6,13.3,,,51.0,
2024-08-07,32.1,14.4,23.2,0.0,1.7,6.7,,,52.0,
2024-08-08,34.8,14.6,24.7,0.0,2.2,8.1,,,45.0,
2024-08-09,36.2,16.1,26.2,0.0,1.4,7.2,,,39.0,
2024-08-10,37.7,18.8,28.2,0.0,2.2,6.9,,,29.0,
2024-08-11,35.6,19.6,27.6,0.0,3.1,10.0,,,30.0,
2024-08-12,33.9,16.0,25.0,0.0,3.9,11.4,,,42.0,
2024-08-13,26.0,13.7,19.8,0.0,2.5,8.3,,,58.0,
2024-08-14,29.9,12.1,21.0,0.0,3.1,9.7,,,46.0,
2024-08-15,29.2,6.8,18.0,0.0,1.4,7.2,,,39.0,
2024-08-16,34.7,9.8,22.2,0.0,2.5,8.6,,,34.0,
2024-08-17,31.5,14.5,23.0,0.0,3.3,10.8,,,45.0,
2024-08-18,32.2,16.6,24.4,0.0,1.9,10.3,,,42.0,
2024-08-19,33.5,11.6,22.6,0.0,2.5,8.6,,,47.0,
2024-08-20,32.5,13.0,22.8,0.0,2.2,8.6,,,38.0,
2024-08-21,30.3,10.9,20.6,0.0,2.2,6.9,,,50.0,
2024-08-22,34.2,12.4,23.3,0.0,3.1,10.0,,,43.0,
2024-08-23,32.6,11.6,22.1,0.0,1.7,7.2,,,40.0,
2024-08-24,29.1,10.2,19.6,0.0,4.4,13.6,,,57.0,
2024-08-25,28.2,6.1,17.2,0.0,2.5,6.4,,,47.0,
2024-08-26,28.6,7.2,17.9,0.0,1.9,6.4,,,48.0,
2024-08-27,32.8,11.5,22.2,0.0,1.7,6.9,,,38.0,
2024-08-28,32.0,12.8,22.4,0.0,2.5,10.3,,,42.0,
2024-08-29,27.6,12.9,20.2,1.0,3.9,11.1,,,67.0,
2024-08-30,29.7,11.0,20.4,0.0,1.9,8.9,,,60.0,
2024-08-31,25.8,16.0,20.9,1.6,1.4,6.7,,,75.0,
2024-09-01,29.6,11.8,20.7,0.0,2.2,7.5,,,60.0,
2024-09-02,26.7,13.0,19.8,13.4,2.2,7.8,,,70.0,
2024-09-03,25.7,13.1,19.4,0.0,2.8,7.8,,,67.0,
2024-09-04,25.8,9.4,17.6,0.0,2.8,9.2,,,56.0,
2024-09-05,18.9,5.8,12.4,0.0,2.8,10.3,,,66.0,
2024-09-06,14.8,4.3,9.6,1.6,2.2,8.3,,,69.0,
2024-09-07,21.8,9.2,15.5,0.2,1.7,13.3,,,66.0,
2024-09-08,24.2,7.3,15.8,0.0,2.2,8.6,,,46.0,
2024-09-09,28.2,7.2,17.7,0.0,1.1,6.1,,,53.0,
2024-09-10,29.3,8.9,19.1,0.0,2.5,6.4,,,59.0,
2024-09-11,24.9,6.9,15.9,0.0,2.8,9.7,,,53.0,
2024-09-12,22.9,9.0,16.0,0.0,3.6,12.8,,,63.0,
2024-09-13,20.1,4.4,12.2,0.0,2.8,10.0,,,54.0,
2024-09-14,25.7,3.5,14.6,0.0,1.9,5.3,,,31.0,
2024-09-15,27.6,5.6,16.6,0.0,1.7,6.1,,,25.0,
2024-09-16,27.9,5.1,16.5,0.0,2.2,7.8,,,31.0,
2024-09-17,23.9,6.1,15.0,0.0,2.5,10.0,,,44.0,
2024-09-18,24.5,6.3,15.4,0.0,1.4,8.1,,,55.0,
2024-09-19,24.6,7.3,16.0,0.0,1.7,9.2,,,58.0,
2024-09-20,19.3,10.9,15.1,4.0,2.2,7.5,,,76.0,
2024-09-21,19.8,11.9,15.8,1.4,2.5,8.6,,,86.0,
2024-09-22,21.4,9.0,15.2,0.0,3.3,10.0,,,67.0,
2024-09-23,21.7,5.0,13.4,0.0,2.2,9.2,,,56.0,
2024-09-24,21.7,9.8,15.8,0.2,1.1,5.3,,,75.0,
2024-09-25,21.5,9.4,15.4,33.8,3.3,15.0,,,80.0,
2024-09-26,20.7,10.6,15.6,3.0,4.7,18.1,,,72.0,
2024-09-27,14.7,5.1,9.9,1.4,4.2,11.9,,,69.0,
2024-09-28,17.6,1.6,9.6,0.0,1.7,5.8,,,62.0,
2024-09-29,26.5,4.6,15.6,0.0,1.4,6.7,,,61.0,
2024-09-30,25.9,12.2,19.0,0.0,1.4,5.8,,,70.0,
2024-10-01,24.6,13.8,19.2,1.0,2.2,9.7,,,78.0,
2024-10-02,20.4,12.7,16.6,7.2,2.2,10.6,,,91.0,
2024-10-03,22.3,10.4,16.4,0.0,2.2,8.9,,,78.0,
2024-10-04,22.7,10.3,16.5,0.0,1.9,6.4,,,74.0,
2024-10-05,18.9,11.9,15.4,3.8,0.3,5.8,,,86.0,
2024-10-06,21.3,12.1,16.7,1.8,1.7,7.8,,,88.0,
2024-10-07,17.9,9.8,13.8,0.2,2.2,9.7,,,83.0,
2024-10-08,16.9,9.0,13.0,4.2,2.5,11.9,,,85.0,
2024-10-09,22.0,8.7,15.4,7.6,8.1,17.8,,,80.0,
2024-10-10,16.8,6.4,11.6,0.0,2.5,8.3,,,70.0,
2024-10-11,13.3,4.9,9.1,1.4,2.5,9.7,,,91.0,
2024-10-12,19.1,11.6,15.4,0.2,1.7,8.3,,,88.0,
2024-10-13,22.5,10.9,16.7,0.0,1.9,10.0,,,77.0,
2024-10-14,24.0,9.6,16.8,1.0,1.1,5.6,,,76.0,
2024-10-15,17.0,13.5,15.2,17.8,1.1,7.2,,,94.0,
2024-10-16,21.6,10.3,16.0,0.6,2.8,11.4,,,88.0,
2024-10-17,16.0,6.9,11.4,0.0,5.3,13.1,,,70.0,
2024-10-18,16.3,4.2,10.2,0.0,1.9,8.3,,,83.0,
2024-10-19,15.7,8.7,12.2,1.6,1.1,4.7,,,92.0,
2024-10-20,20.7,9.7,15.2,0.0,1.7,4.4,,,81.0,
2024-10-21,18.2,6.5,12.4,0.0,1.4,6.4,,,85.0,
2024-10-22,19.8,9.7,14.8,0.0,0.8,4.7,,,77.0,
2024-10-23,19.8,8.1,14.0,0.0,1.1,5.3,,,76.0,
2024-10-24,18.0,5.5,11.8,0.2,2.5,10.3,,,87.0,
2024-10-25,14.0,3.6,8.8,0.0,2.2,8.6,,,73.0,
2024-10-26,13.4,2.6,8.0,0.0,1.7,8.1,,,79.0,
2024-10-27,14.2,1.6,7.9,1.0,2.2,7.8,,,81.0,
2024-10-28,19.7,5.0,12.4,0.0,2.2,8.1,,,66.0,
2024-10-29,21.0,7.6,14.3,0.8,2.2,7.5,,,68.0,
2024-10-30,19.8,8.8,14.3,0.0,3.3,11.4,,,73.0,
2024-10-31,18.2,10.3,14.2,0.6,1.9,6.4,,,75.0,
2024-11-01,19.6,9.8,14.7,3.0,1.4,5.0,,,84.0,
2024-11-02,21.7,6.6,14.2,0.0,0.8,4.4,,,71.0,
2024-11-03,19.9,8.4,14.2,0.0,0.8,2.8,,,79.0,
2024-11-04,15.8,5.6,10.7,0.2,0.6,3.3,,,81.0,
2024-11-05,14.4,9.3,11.8,0.8,1.4,3.6,,,96.0,
2024-11-06,18.9,7.8,13.4,0.0,1.1,3.3,,,83.0,
2024-11-07,19.7,5.2,12.4,0.0,1.1,5.3,,,78.0,
2024-11-08,18.4,6.2,12.3,0.0,0.8,7.5,,,83.0,
2024-11-09,18.9,8.9,13.9,0.0,1.9,7.2,,,68.0,
2024-11-10,20.0,6.3,13.2,0.4,1.9,6.7,,,81.0,
2024-11-11,17.8,2.7,10.2,0.0,2.8,8.6,,,70.0,
2024-11-12,14.2,0.9,7.6,0.0,3.3,13.6,,,65.0,
2024-11-13,11.3,1.1,6.2,1.0,2.2,12.5,,,71.0,
2024-11-14,18.0,8.0,13.0,0.6,2.2,8.9,,,68.0,
2024-11-15,15.4,7.3,11.4,1.0,0.6,3.9,,,90.0,
2024-11-16,17.1,6.0,11.6,0.0,1.1,3.9,,,80.0,
2024-11-17,21.1,3.1,12.1,0.0,1.4,3.3,,,74.0,
2024-11-18,19.2,5.4,12.3,0.0,1.1,5.0,,,71.0,
2024-11-19,15.6,6.6,11.1,0.0,3.6,10.0,,,75.0,
2024-11-20,14.4,8.4,11.4,0.0,4.2,12.8,,,72.0,
2024-11-21,15.1,7.7,11.4,1.2,5.3,13.6,,,79.0,
2024-11-22,10.7,-0.8,5.0,0.0,1.9,8.3,,,69.0,
2024-11-23,14.1,2.9,8.5,0.0,2.8,15.0,,,87.0,
2024-11-24,15.9,6.0,11.0,11.8,3.6,17.2,,,68.0,
2024-11-25,11.5,3.9,7.7,0.0,3.6,15.8,,,76.0,
2024-11-26,10.9,3.5,7.2,0.0,0.8,4.4,,,90.0,
2024-11-27,13.7,1.9,7.8,0.2,1.1,3.6,,,82.0,
2024-11-28,14.5,-0.2,7.2,0.0,0.8,5.3,,,76.0,
2024-11-29,16.8,3.0,9.9,0.6,1.1,4.2,,,82.0,
2024-11-30,10.5,8.3,9.4,0.2,0.8,4.7,,,100.0,
2024-12-01,11.7,7.7,9.7,3.2,1.1,3.1,,,98.0,
2024-12-02,11.9,5.1,8.5,0.2,1.7,5.8,,,97.0,
2024-12-03,9.4,2.4,5.9,0.0,1.4,13.6,,,93.0,
2024-12-04,13.5,5.2,9.4,0.0,1.4,11.7,,,81.0,
2024-12-05,15.7,5.4,10.6,0.0,2.5,8.1,,,80.0,
2024-12-06,19.9,8.9,14.4,0.0,2.2,9.2,,,81.0,
2024-12-07,11.4,3.5,7.4,0.0,3.6,13.6,,,67.0,
2024-12-08,10.5,1.6,6.0,0.0,4.2,12.8,,,66.0,
2024-12-09,9.0,-0.1,4.4,0.0,3.6,12.2,,,74.0,
2024-12-10,9.8,-0.9,4.4,0.0,2.2,7.2,,,71.0,
2024-12-11,3.7,-2.5,0.6,0.0,1.7,3.9,,,85.0,
2024-12-12,9.1,-0.6,4.2,0.0,0.3,5.3,,,77.0,
2024-12-13,10.8,-2.3,4.2,0.0,1.1,4.2,,,77.0,
2024-12-14,13.9,-3.7,5.1,0.0,1.7,4.2,,,72.0,
2024-12-15,11.0,-4.6,3.2,0.0,1.7,4.7,,,73.0,
2024-12-16,11.8,-3.0,4.4,0.0,1.1,3.6,,,76.0,
2024-12-17,10.3,-0.7,4.8,0.0,1.1,4.2,,,85.0,
2024-12-18,6.9,2.6,4.8,2.0,1.4,5.0,,,94.0,
2024-12-19,13.2,0.3,6.8,0.0,3.3,9.7,,,75.0,
2024-12-20,13.1,-2.3,5.4,0.0,1.9,4.4,,,73.0,
2024-12-21,13.5,-2.6,5.4,0.2,1.4,9.4,,,80.0,
2024-12-22,12.6,1.9,7.2,0.0,4.2,12.2,,,80.0,
2024-12-23,13.8,-0.8,6.5,0.0,4.2,8.9,,,64.0,
2024-12-24,14.3,-1.5,6.4,0.0,1.4,3.9,,,76.0,
2024-12-25,17.4,0.1,8.8,0.0,1.4,4.2,,,74.0,
2024-12-26,17.4,0.0,8.7,0.0,0.8,3.3,,,73.0,
2024-12-27,4.1,-0.2,2.0,0.4,0.6,2.8,,,98.0,
2024-12-28,3.7,1.4,2.6,0.2,0.8,2.5,,,99.0,
2024-12-29,2.1,-1.1,0.5,0.2,0.8,2.8,,,100.0,
2024-12-30,-0.7,-6.8,-3.8,0.0,0.6,2.8,,,98.0,
2024-12-31,-0.2,-4.1,-2.2,0.2,1.1,3.6,,,99.0,
2025-01-01,-2.3,-7.9,-5.1,0.2,0.8,2.2,,,96.0,
2025-01-02,0.6,-3.9,-1.6,0.0,0.6,3.1,,,99.0,
2025-01-03,5.9,0.3,3.1,0.2,0.8,2.8,,,99.0,
2025-01-04,8.6,2.6,5.6,0.6,2.5,11.7,,,97.0,
2025-01-05,9.3,6.3,7.8,8.0,8.9,17.2,,,96.0,
2025-01-06,9.0,2.5,5.8,0.4,3.6,10.3,,,83.0,
2025-01-07,8.4,1.0,4.7,1.0,1.4,6.7,,,93.0,
2025-01-08,12.8,6.6,9.7,1.4,4.7,16.7,,,80.0,
2025-01-09,14.1,7.1,10.6,0.2,3.9,20.0,,,77.0,
2025-01-10,12.8,3.1,8.0,6.8,0.6,5.3,,,89.0,
2025-01-11,15.2,3.3,9.2,0.0,2.5,9.4,,,79.0,
2025-01-12,15.8,-1.7,7.0,0.0,0.8,4.7,,,70.0,
2025-01-13,16.9,-4.2,6.4,0.0,1.7,4.7,,,45.0,
2025-01-14,13.8,-5.6,4.1,0.0,1.4,5.0,,,46.0,
2025-01-15,19.8,-3.8,8.0,0.0,1.1,4.4,,,35.0,
2025-01-16,17.7,-2.2,7.8,0.0,1.7,10.6,,,51.0,
2025-01-17,10.1,-2.3,3.9,0.0,1.4,6.1,,,70.0,
2025-01-18,11.2,-5.3,3.0,0.0,1.4,5.0,,,65.0,
2025-01-19,4.3,-6.7,-1.2,1.8,0.3,2.8,,,89.0,
2025-01-20,3.3,0.3,1.8,4.0,0.6,3.9,,,99.0,
2025-01-21,8.1,3.2,5.6,2.2,0.8,4.7,,,99.0,
2025-01-22,9.6,5.0,7.3,0.6,4.7,12.2,,,96.0,
2025-01-23,12.2,0.9,6.6,0.0,1.9,5.3,,,92.0,
2025-01-24,10.0,3.8,6.9,2.4,4.2,14.7,,,90.0,
2025-01-25,10.3,0.8,5.6,0.4,3.6,16.1,,,77.0,
2025-01-26,10.6,0.6,5.6,15.4,7.8,15.0,,,89.0,
2025-01-27,10.2,0.1,5.2,7.4,3.3,17.5,,,88.0,
2025-01-28,7.0,-0.1,3.4,8.6,5.0,15.3,,,83.0,
2025-01-29,8.1,0.8,4.4,2.2,5.6,16.9,,,77.0,
2025-01-30,8.4,-0.1,4.2,0.2,5.3,14.7,,,69.0,
2025-01-31,13.6,-2.8,5.4,0.0,1.4,4.4,,,64.0,
2025-02-01,13.8,1.9,7.8,0.0,2.8,10.0,,,70.0,
2025-02-02,11.5,-0.3,5.6,0.0,3.3,11.4,,,74.0,
2025-02-03,12.2,-1.3,5.4,0.0,1.7,4.7,,,76.0,
2025-02-04,10.4,-3.3,3.6,0.0,1.4,4.7,,,84.0,
2025-02-05,14.5,-3.7,5.4,0.2,1.4,3.9,,,66.0,
2025-02-06,10.6,-3.1,3.8,5.2,1.1,4.2,,,69.0,
2025-02-07,7.4,-1.6,2.9,1.8,1.9,9.7,,,94.0,
2025-02-08,11.4,-5.1,3.2,3.0,1.9,5.0,,,68.0,
2025-02-09,9.5,2.8,6.2,0.6,1.4,2.8,,,96.0,
2025-02-10,10.1,5.3,7.7,8.2,1.1,4.2,,,98.0,
2025-02-11,7.8,4.3,6.0,6.4,1.9,8.1,,,98.0,
2025-02-12,12.1,2.9,7.5,0.0,3.3,9.7,,,73.0,
2025-02-13,12.5,5.0,8.8,0.0,1.4,4.4,,,82.0,
2025-02-14,12.7,2.3,7.5,0.0,1.4,4.7,,,82.0,
2025-02-15,14.0,4.3,9.2,0.0,1.9,9.2,,,79.0,
2025-02-16,9.8,2.2,6.0,0.2,1.4,4.7,,,87.0,
2025-02-17,11.3,-1.0,5.2,0.0,2.2,5.3,,,82.0,
2025-02-18,13.0,2.9,8.0,0.0,1.9,6.9,,,80.0,
2025-02-19,15.5,3.8,9.6,0.0,2.2,6.4,,,82.0,
2025-02-20,11.5,4.3,7.9,0.2,1.4,4.7,,,93.0,
2025-02-21,12.0,4.5,8.2,2.2,7.8,15.8,,,85.0,
2025-02-22,12.4,0.6,6.5,5.8,3.1,7.2,,,75.0,
2025-02-23,15.0,-1.5,6.8,0.0,1.7,5.0,,,73.0,
2025-02-24,12.5,2.4,7.4,0.6,1.1,10.8,,,82.0,
2025-02-25,11.5,0.2,5.8,0.0,2.8,13.3,,,69.0,
2025-02-26,13.8,-2.0,5.9,0.0,1.7,5.6,,,66.0,
2025-02-27,9.1,1.4,5.2,0.4,0.8,4.4,,,74.0,
2025-02-28,14.7,2.4,8.6,0.0,1.9,7.2,,,62.0,
2025-03-01,12.1,-0.9,5.6,0.0,5.0,12.2,,,57.0,
2025-03-02,7.1,-4.0,1.6,3.6,2.5,9.2,,,77.0,
2025-03-03,9.4,2.8,6.1,0.8,2.5,7.5,,,88.0,
2025-03-04,10.1,5.7,7.9,9.8,1.9,5.8,,,92.0,
2025-03-05,11.2,6.0,8.6,3.6,2.2,6.4,,,96.0,
2025-03-06,12.6,6.4,9.5,1.0,3.1,7.5,,,90.0,
2025-03-07,12.1,6.1,9.1,9.2,5.8,17.8,,,90.0,
2025-03-08,8.8,2.9,5.8,9.6,7.8,20.3,,,92.0,
2025-03-09,10.7,2.2,6.4,0.0,3.3,11.4,,,78.0,
2025-03-10,7.9,2.4,5.2,13.4,3.1,8.9,,,91.0,
2025-03-11,14.2,1.6,7.9,1.6,3.1,10.8,,,77.0,
2025-03-12,14.0,-0.8,6.6,0.0,2.8,8.9,,,67.0,
2025-03-13,10.9,-1.0,5.0,0.0,3.6,12.2,,,68.0,
2025-03-14,9.8,-4.0,2.9,0.0,3.9,9.7,,,58.0,
2025-03-15,7.0,-2.1,2.4,0.4,1.9,7.5,,,70.0,
2025-03-16,9.6,-1.2,4.2,1.4,2.8,8.6,,,64.0,
2025-03-17,10.8,-1.6,4.6,0.8,2.5,8.6,,,63.0,
2025-03-18,9.3,5.0,7.2,3.6,1.7,5.8,,,93.0,
2025-03-19,13.4,6.0,9.7,2.0,5.8,15.3,,,80.0,
2025-03-20,13.7,5.6,9.6,4.6,7.8,17.8,,,78.0,
2025-03-21,9.3,3.5,6.4,3.6,6.7,14.7,,,85.0,
2025-03-22,9.6,1.0,5.3,1.0,3.3,12.8,,,82.0,
2025-03-23,11.5,-0.3,5.6,0.0,3.1,10.6,,,71.0,
2025-03-24,15.4,4.2,9.8,0.0,3.3,10.8,,,66.0,
2025-03-25,17.7,2.0,9.8,0.0,2.2,6.9,,,65.0,
2025-03-26,15.9,1.2,8.6,0.0,1.9,6.4,,,68.0,
2025-03-27,15.8,1.7,8.8,0.0,2.8,7.2,,,71.0,
2025-03-28,18.7,2.6,10.6,0.0,2.5,8.1,,,59.0,
2025-03-29,18.0,0.5,9.2,0.0,3.3,9.2,,,53.0,
2025-03-30,18.6,-0.2,9.2,0.0,2.2,6.1,,,59.0,
2025-03-31,24.5,2.2,13.4,0.0,2.2,8.3,,,50.0,
2025-04-01,22.7,3.7,13.2,0.0,1.9,7.8,,,48.0,
2025-04-02,18.7,6.1,12.4,1.0,2.8,15.8,,,64.0,
2025-04-03,13.4,5.0,9.2,3.8,2.8,10.8,,,78.0,
2025-04-04,13.2,6.9,10.0,6.2,4.4,22.8,,,93.0,
2025-04-05,13.2,6.1,9.6,6.4,1.7,6.1,,,87.0,
2025-04-06,17.8,1.7,9.8,0.0,1.7,6.9,,,67.0,
2025-04-07,21.2,2.6,11.9,0.0,2.2,6.1,,,58.0,
2025-04-08,22.6,3.6,13.1,0.0,1.9,6.7,,,55.0,
2025-04-09,23.4,5.4,14.4,0.0,2.8,6.7,,,50.0,
2025-04-10,23.2,7.5,15.4,0.0,2.5,7.5,,,52.0,
2025-04-11,19.4,8.5,14.0,6.4,2.2,7.8,,,73.0,
2025-04-12,13.9,9.4,11.6,12.4,1.7,5.3,,,91.0,
2025-04-13,18.2,6.9,12.6,0.2,1.1,8.1,,,62.0,
2025-04-14,14.8,3.8,9.3,4.8,5.3,16.7,,,77.0,
2025-04-15,10.2,0.8,5.5,0.0,3.6,14.2,,,69.0,
2025-04-16,10.3,-0.3,5.0,2.0,2.8,10.3,,,74.0,
2025-04-17,17.5,2.0,9.8,0.0,1.4,7.2,,,68.0,
2025-04-18,14.0,4.5,9.2,5.8,7.2,16.1,,,75.0,
2025-04-19,10.5,0.8,5.6,6.2,2.8,13.3,,,78.0,
2025-04-20,15.0,0.8,7.9,0.0,3.6,11.4,,,69.0,
2025-04-21,12.8,4.3,8.6,2.6,1.4,6.7,,,80.0,
2025-04-22,19.1,4.1,11.6,0.0,1.7,9.2,,,59.0,
2025-04-23,24.7,3.4,14.0,0.0,2.2,8.6,,,51.0,
2025-04-24,23.4,4.1,13.8,0.0,2.2,6.4,,,57.0,
2025-04-25,22.0,6.8,14.4,3.0,3.6,12.8,,,66.0,
2025-04-26,19.7,4.3,12.0,0.0,3.1,10.0,,,46.0,
2025-04-27,19.1,-0.5,9.3,0.0,1.9,6.4,,,47.0,
2025-04-28,21.4,2.8,12.1,0.0,2.2,7.2,,,55.0,
2025-04-29,22.1,8.2,15.2,0.0,2.8,8.9,,,51.0,
2025-04-30,18.5,6.9,12.7,7.2,2.2,14.7,,,66.0,
2025-05-01,18.0,5.6,11.8,0.2,2.5,8.9,,,63.0,
2025-05-02,16.0,8.5,12.2,17.2,3.1,12.8,,,80.0,
2025-05-03,16.8,8.0,12.4,1.6,3.6,12.5,,,79.0,
2025-05-04,18.0,8.9,13.4,0.8,2.5,10.3,,,79.0,
2025-05-05,17.5,4.0,10.8,0.2,4.4,10.3,,,64.0,
2025-05-06,15.2,2.1,8.6,0.0,2.2,12.5,,,55.0,
2025-05-07,17.9,1.1,9.5,0.0,1.4,6.4,,,49.0,
2025-05-08,17.3,5.0,11.2,15.8,2.2,8.1,,,70.0,
2025-05-09,13.3,6.1,9.7,4.0,2.2,8.6,,,82.0,
2025-05-10,11.9,5.4,8.6,22.4,1.1,9.4,,,94.0,
2025-05-11,14.1,4.6,9.4,0.2,3.6,11.4,,,80.0,
2025-05-12,12.5,5.4,9.0,3.4,1.4,7.8,,,78.0,
2025-05-13,16.1,5.4,10.8,4.4,1.9,6.4,,,67.0,
2025-05-14,18.0,5.7,11.8,15.8,2.2,8.3,,,73.0,
2025-05-15,18.6,7.7,13.2,3.4,1.7,8.3,,,73.0,
2025-05-16,21.4,4.8,13.1,0.0,2.2,7.2,,,56.0,
2025-05-17,23.0,5.0,14.0,0.0,2.5,6.9,,,52.0,
2025-05-18,23.4,6.2,14.8,0.8,4.2,11.1,,,47.0,
2025-05-19,19.2,7.7,13.4,0.0,4.2,11.1,,,59.0,
2025-05-20,23.6,6.7,15.2,0.0,2.2,7.5,,,52.0,
2025-05-21,23.6,6.7,15.2,0.0,3.1,10.6,,,57.0,
2025-05-22,21.6,6.3,14.0,0.0,2.2,6.7,,,48.0,
2025-05-23,22.4,3.7,13.0,0.0,2.2,6.7,,,46.0,
2025-05-24,24.6,5.3,15.0,0.0,2.2,6.9,,,52.0,
2025-05-25,26.0,10.3,18.2,0.0,3.1,10.3,,,47.0,
2025-05-26,24.8,6.3,15.6,0.0,1.4,5.8,,,55.0,
2025-05-27,26.9,8.4,17.6,0.0,1.7,6.1,,,54.0,
2025-05-28,30.1,9.9,20.0,0.0,1.7,4.7,,,39.0,
2025-05-29,30.1,10.3,20.2,0.0,2.5,8.9,,,47.0,
2025-05-30,29.2,11.8,20.5,2.6,1.7,7.5,,,61.0,
2025-05-31,30.3,10.0,20.2,0.0,1.1,5.3,,,55.0,
2025-06-01,27.3,11.7,19.5,0.0,1.9,7.2,,,55.0,
2025-06-02,24.3,9.0,16.6,0.0,1.7,8.6,,,59.0,
2025-06-03,22.7,11.3,17.0,0.0,2.8,9.7,,,67.0,
2025-06-04,21.4,8.8,15.1,0.0,3.3,11.1,,,59.0,
2025-06-05,24.1,10.8,17.4,0.0,2.8,8.9,,,57.0,
2025-06-06,25.2,9.6,17.4,0.0,3.1,9.7,,,55.0,
2025-06-07,25.4,9.0,17.2,0.0,2.8,10.8,,,51.0,
2025-06-08,27.4,8.7,18.0,0.0,1.9,7.2,,,56.0,
2025-06-09,33.3,9.1,21.2,0.0,1.9,7.2,,,47.0,
2025-06-10,32.0,15.5,23.8,0.0,1.9,9.4,,,46.0,
2025-06-11,26.6,14.2,20.4,0.0,5.6,14.4,,,50.0,
2025-06-12,24.8,9.3,17.0,0.0,2.5,9.7,,,58.0,
2025-06-13,27.0,10.2,18.6,0.0,3.3,11.9,,,53.0,
2025-06-14,24.3,10.5,17.4,0.0,1.9,9.4,,,57.0,
2025-06-15,28.3,7.5,17.9,0.0,1.7,7.2,,,51.0,
2025-06-16,32.8,7.3,20.0,0.0,1.4,6.1,,,46.0,
2025-06-17,35.8,13.0,24.4,0.0,1.9,7.2,,,42.0,
2025-06-18,34.5,14.6,24.6,0.0,1.9,9.7,,,36.0,
2025-06-19,29.8,15.6,22.7,1.0,2.2,10.0,,,50.0,
2025-06-20,34.0,14.8,24.4,0.0,3.9,11.9,,,43.0,
2025-06-21,31.7,14.8,23.2,0.0,4.2,13.6,,,40.0,
2025-06-22,31.2,14.7,23.0,0.0,4.4,12.2,,,44.0,
2025-06-23,32.3,15.1,23.7,0.0,4.2,12.2,,,43.0,
2025-06-24,24.2,14.6,19.4,4.2,4.4,16.1,,,66.0,
2025-06-25,26.1,13.2,19.6,1.6,1.4,7.5,,,63.0,
2025-06-26,29.2,12.3,20.8,0.0,1.7,6.4,,,52.0,
2025-07-08,29.3,9.5,19.4,,2.5,7.8,,,40.0,
2025-07-09,33.4,11.2,22.3,,2.2,7.8,,,32.0,
2025-07-10,33.7,15.7,24.7,,2.5,6.7,,,40.0,
2025-07-11,30.0,15.9,23.0,0.0,3.1,9.2,,,51.0,
2025-07-12,28.6,13.4,21.0,0.0,2.8,11.9,,,49.0,
2025-07-13,29.4,13.4,21.4,0.0,1.9,8.1,,,57.0,
2025-07-14,30.1,12.0,21.0,0.0,2.5,8.9,,,50.0,
2025-07-15,31.7,11.2,21.4,0.0,2.5,8.1,,,48.0,
2025-07-16,35.9,12.7,24.3,0.0,1.9,9.4,,,40.0,
2025-07-17,34.2,15.5,24.8,0.0,1.9,8.9,,,43.0,
2025-07-18,28.8,13.7,21.2,0.0,2.8,11.4,,,51.0,
2025-07-19,27.0,12.8,19.9,0.0,3.6,10.0,,,52.0,
2025-07-20,22.4,11.5,17.0,0.0,5.0,,,,48.0,
2025-07-25,27.8,6.1,17.0,0.0,1.9,7.2,,,40.0,
2025-07-26,30.2,8.9,19.6,0.0,2.2,7.5,,,43.0,
2025-07-27,32.5,10.4,21.4,0.0,2.8,9.2,,,37.0,
2025-07-28,28.7,12.0,20.4,0.0,2.8,9.4,,,46.0,
2025-07-29,30.0,9.1,19.6,0.0,3.1,8.3,,,47.0,
2025-07-30,28.8,8.8,18.8,0.0,1.9,7.5,,,43.0,
2025-07-31,31.2,11.7,21.4,0.0,2.5,7.8,,,47.0,
2025-08-01,30.8,12.0,21.4,0.0,1.7,7.5,,,41.0,
2025-08-02,31.2,12.3,21.8,0.0,1.7,8.6,,,48.0,
2025-08-03,32.2,14.7,23.4,0.0,2.2,6.9,,,36.0,
2025-08-04,37.6,12.2,24.9,0.0,2.8,10.0,,,30.0,
2025-08-05,32.8,14.8,23.8,0.0,2.5,8.3,,,39.0,
2025-08-06,34.7,13.7,24.2,0.0,2.2,6.9,,,37.0,
2025-08-07,35.8,15.2,25.5,0.0,2.5,8.1,,,37.0,
2025-08-08,35.7,15.5,25.6,0.0,2.8,18.1,,,37.0,
2025-08-09,37.1,16.9,27.0,0.0,2.5,8.6,,,30.0,
2025-08-10,36.4,19.2,27.8,0.0,1.9,6.9,,,32.0,
2025-08-11,36.5,17.7,27.1,0.2,2.2,10.0,,,37.0,
2025-08-12,35.4,17.5,26.4,0.0,3.9,11.1,,,36.0,
2025-08-13,32.1,15.5,23.8,10.0,2.8,21.1,,,53.0,
2025-08-14,35.2,14.9,25.0,0.0,1.7,8.1,,,44.0,
2025-08-15,36.7,18.0,27.4,0.0,2.8,11.7,,,33.0,
2025-08-16,36.9,14.4,25.6,0.0,3.1,14.4,,,28.0,
2025-08-17,36.5,17.6,27.0,0.0,3.3,13.1,,,33.0,
2025-08-18,27.0,14.5,20.8,0.0,3.3,8.9,,,51.0,
2025-08-19,25.9,9.9,17.9,0.0,3.1,10.0,,,53.0,
2025-08-20,24.8,10.5,17.6,0.0,3.1,8.9,,,48.0,
2025-08-21,26.6,8.6,17.6,0.0,2.8,8.1,,,52.0,
2025-08-22,27.0,8.7,17.8,0.0,2.2,6.4,,,49.0,
2025-08-23,30.3,9.6,20.0,0.0,2.2,7.2,,,46.0,
2025-08-24,31.8,11.2,21.5,0.0,1.9,8.6,,,38.0,
2025-08-25,32.7,12.8,22.8,0.0,3.1,11.4,,,40.0,
2025-08-26,31.9,15.1,23.5,0.0,2.2,8.9,,,44.0,
2025-08-27,25.6,11.2,18.4,0.0,3.3,11.4,,,54.0,
2025-08-28,22.0,9.3,15.6,0.0,3.9,12.8,,,51.0,
2025-08-29,21.9,12.6,17.2,0.0,4.4,12.5,,,67.0,
2025-08-30,28.6,12.7,20.6,0.0,3.1,11.7,,,55.0,
2025-08-31,21.2,10.5,15.8,0.4,3.1,11.9,,,58.0,
2025-09-01,21.1,8.7,14.9,0.0,2.8,11.7,,,59.0,
2025-09-02,24.4,10.2,17.3,0.0,3.6,12.2,,,55.0,
2025-09-03,25.1,9.9,17.5,0.0,3.1,8.9,,,59.0,
2025-09-04,22.9,9.6,16.2,0.0,3.9,11.9,,,51.0,
2025-09-05,27.2,6.2,16.7,0.0,1.7,6.4,,,51.0,
2025-09-06,31.1,8.6,19.8,0.0,5.3,15.3,,,36.0,
2025-09-07,27.2,12.9,20.0,0.0,4.2,11.9,,,44.0,
2025-09-08,24.6,8.8,16.7,0.0,3.1,7.8,,,55.0,
2025-09-09,22.1,5.7,13.9,0.0,2.8,9.2,,,53.0,
2025-09-10,24.2,12.2,18.2,0.0,4.7,13.6,,,62.0,
2025-09-11,22.8,10.0,16.4,0.2,3.3,13.1,,,64.0,
2025-09-12,25.4,11.4,18.4,0.0,2.5,10.0,,,56.0,
2025-09-13,24.6,10.3,17.4,0.0,3.6,11.1,,,52.0,
2025-09-14,30.5,14.6,22.6,0.0,3.6,10.8,,,50.0,
2025-09-15,29.2,12.1,20.6,0.0,3.3,9.7,,,50.0,
2025-09-16,29.0,6.4,17.7,0.0,1.9,6.4,,,53.0,
2025-09-17,32.2,7.2,19.7,0.0,1.9,6.4,,,37.0,
2025-09-18,33.9,11.4,22.6,0.0,1.9,9.4,,,30.0,
2025-09-19,30.8,16.7,23.8,0.0,3.3,11.1,,,36.0,
2025-09-20,25.5,10.5,18.0,0.2,3.6,12.2,,,61.0,
2025-09-21,17.5,5.8,11.6,0.0,3.1,13.3,,,54.0,
2025-09-22,17.9,6.1,12.0,0.0,3.9,10.3,,,54.0,
2025-09-23,20.8,4.5,12.6,0.0,3.1,8.3,,,50.0,
2025-09-24,18.7,1.7,10.2,0.0,2.2,7.8,,,57.0,
2025-09-25,21.5,1.1,11.3,0.0,2.2,6.9,,,54.0,
2025-09-26,27.5,1.7,14.6,0.0,2.2,8.3,,,43.0,
2025-09-27,19.7,7.4,13.6,0.0,1.7,7.5,,,51.0,
2025-09-28,25.3,11.0,18.2,0.0,3.1,11.7,,,54.0,
2025-09-29,23.7,5.7,14.7,0.0,2.8,8.9,,,54.0,
2025-09-30,24.5,3.9,14.2,0.0,1.9,7.8,,,56.0,
2025-10-01,27.3,4.6,16.0,0.0,1.1,5.6,,,44.0,
2025-10-02,29.7,4.6,17.2,0.0,2.2,6.4,,,41.0,
2025-10-03,26.4,11.1,18.8,0.0,1.9,6.9,,,50.0,
2025-10-04,25.2,9.1,17.2,0.0,3.1,9.4,,,67.0,
2025-10-05,21.5,5.4,13.4,0.0,1.7,5.6,,,56.0,
2025-10-06,24.1,3.8,14.0,0.0,1.1,5.0,,,46.0,
2025-10-07,27.3,5.7,16.5,0.0,2.2,7.2,,,54.0,
2025-10-08,26.9,9.5,18.2,7.4,2.2,9.7,,,64.0,
2025-10-09,23.2,7.3,15.2,0.0,2.2,6.9,,,66.0,
2025-10-10,23.0,2.9,13.0,0.0,1.9,7.2,,,60.0,
2025-10-11,24.4,4.7,14.6,0.0,1.7,5.8,,,51.0,
2025-10-12,24.0,9.9,17.0,0.0,2.2,7.8,,,60.0,
2025-10-13,24.3,12.0,18.2,0.6,2.8,8.9,,,67.0,
2025-10-14,25.6,8.1,16.8,0.0,0.8,4.7,,,60.0,
2025-10-15,25.4,7.8,16.6,0.0,0.8,5.8,,,59.0,
2025-10-16,24.5,7.2,15.8,0.0,1.4,6.7,,,56.0,
2025-10-17,26.7,5.6,16.2,0.0,1.7,5.8,,,55.0,
2025-10-18,24.4,6.2,15.3,1.2,2.2,11.1,,,58.0,
2025-10-19,17.0,11.4,14.2,3.0,3.1,11.4,,,85.0,
2025-10-20,17.1,9.5,13.3,7.2,3.1,9.7,,,71.0,
2025-10-21,20.3,10.4,15.4,0.2,2.8,12.2,,,79.0,
2025-10-22,19.7,13.1,16.4,1.6,3.9,17.8,,,69.0,
2025-10-23,14.8,5.6,10.2,0.0,4.4,17.2,,,59.0,
2025-10-24,18.3,2.5,10.4,0.6,1.7,5.3,,,72.0,
2025-10-25,14.6,6.4,10.5,0.0,1.4,7.2,,,66.0,
2025-10-26,19.0,1.1,10.0,0.0,1.7,6.7,,,62.0,
2025-10-27,20.4,-1.0,9.7,0.0,1.7,5.0,,,58.0,
2025-10-28,17.4,0.5,9.0,11.4,1.9,5.3,,,61.0,
2025-10-29,17.5,6.9,12.2,0.0,1.9,9.4,,,79.0,
2025-10-30,14.5,4.8,9.6,0.0,3.6,14.2,,,76.0,
2025-10-31,13.4,9.8,11.6,9.6,4.7,11.7,,,95.0,
2025-11-01,13.9,6.7,10.3,0.2,1.7,6.9,,,87.0,
2025-11-02,14.6,5.0,9.8,0.0,1.7,8.1,,,74.0,
2025-11-03,16.8,0.6,8.7,0.0,1.9,6.7,,,73.0,
2025-11-04,15.0,5.9,10.4,0.4,2.2,11.4,,,76.0,
2025-11-05,11.2,5.3,8.2,17.4,3.9,14.7,,,88.0,
2025-11-06,13.6,3.8,8.7,1.2,3.3,13.1,,,84.0,
2025-11-07,14.0,5.6,9.8,0.6,1.1,8.6,,,84.0,
2025-11-08,15.3,2.1,8.7,0.0,2.5,10.8,,,70.0,
2025-11-09,14.5,-0.9,6.8,0.0,1.1,4.7,,,77.0,
2025-11-10,12.3,4.5,8.4,0.0,1.1,5.3,,,90.0,
2025-11-11,14.3,8.0,11.2,0.0,7.5,16.4,,,78.0,
2025-11-12,15.8,4.3,10.0,9.2,4.7,19.2,,,,
2025-11-13,11.7,9.2,10.4,24.6,4.4,16.1,,,97.0,
2025-11-14,10.5,7.1,8.8,9.6,8.1,17.8,,,90.0,
2025-11-15,10.1,6.0,8.0,3.4,4.7,13.1,,,91.0,
2025-11-16,11.6,4.2,7.9,0.4,3.1,10.3,,,91.0,
2025-11-17,15.1,1.1,8.1,0.0,3.1,6.7,,,80.0,
2025-11-18,12.4,1.6,7.0,0.2,1.7,5.3,,,80.0,
2025-11-19,12.3,1.7,7.0,0.0,2.2,8.3,,,75.0,
2025-11-20,9.3,-0.9,4.2,0.0,3.9,9.7,,,71.0,
2025-11-21,10.0,-2.7,3.6,0.0,2.2,9.7,,,65.0,
2025-11-22,6.8,-4.2,1.3,0.0,1.7,6.7,,,76.0,
2025-11-23,9.8,6.6,8.2,0.4,1.1,9.4,,,83.0,
2025-11-24,14.5,3.8,9.2,1.4,2.5,11.7,,,77.0,
2025-11-25,11.0,1.4,6.2,0.0,3.6,10.6,,,72.0,
2025-11-26,12.3,-0.1,6.1,0.0,2.2,5.3,,,71.0,
2025-11-27,12.6,-1.2,5.7,0.0,1.1,4.2,,,79.0,
2025-11-28,15.1,-2.1,6.5,0.0,1.4,3.9,,,80.0,
2025-11-29,4.3,0.5,2.4,7.0,0.6,3.9,,,98.0,
2025-11-30,11.5,-1.4,5.0,0.0,2.2,6.9,,,73.0,
2025-12-01,7.5,-3.2,2.2,2.0,1.1,5.0,,,86.0,
2025-12-02,9.9,0.7,5.3,0.6,3.1,8.9,,,85.0,
2025-12-03,8.0,0.8,4.4,1.6,3.1,13.6,,,76.0,
2025-12-04,6.9,3.4,5.2,1.2,4.7,12.5,,,83.0,
2025-12-05,11.9,3.6,7.8,0.6,1.1,8.9,,,84.0,
2025-12-06,17.0,7.6,12.3,0.2,3.6,13.1,,,74.0,
2025-12-07,16.4,4.8,10.6,0.0,1.1,4.2,,,81.0,
2025-12-08,13.0,2.6,7.8,0.4,4.7,11.1,,,88.0,
2025-12-09,10.1,5.8,8.0,0.0,6.7,19.7,,,,
2025-12-10,14.2,4.1,9.2,0.0,0.8,4.7,,,86.0,
2025-12-11,9.9,6.3,8.1,2.6,3.9,10.6,,,90.0,
2025-12-12,7.1,5.0,6.0,10.8,2.2,7.8,,,97.0,
2025-12-13,9.8,0.9,5.4,0.0,1.7,4.2,,,91.0,
2025-12-14,11.2,-0.5,5.4,0.4,1.4,4.2,,,93.0,
2025-12-15,5.0,2.7,3.8,4.8,1.7,5.3,,,,
2025-12-16,9.9,0.3,5.1,3.4,2.2,7.8,,,92.0,
2025-12-17,8.4,-0.8,3.8,0.0,0.6,3.9,,,89.0,
2025-12-18,8.8,4.5,6.6,2.2,2.8,13.9,,,89.0,
2025-12-19,7.0,4.3,5.6,0.6,1.4,3.9,,,92.0,
2025-12-20,8.8,2.3,5.6,2.8,1.7,12.5,,,87.0,
2025-12-21,4.7,-0.4,2.2,0.8,2.8,10.8,,,80.0,
2025-12-22,8.1,0.4,4.2,0.6,3.1,10.8,,,78.0,
2025-12-23,4.1,0.0,2.0,4.0,0.8,3.3,,,95.0,
2025-12-24,12.9,0.1,6.5,0.0,2.8,10.0,,,76.0,
2025-12-25,7.2,-1.4,2.9,0.0,1.4,7.2,,,69.0,
2025-12-26,10.5,-4.1,3.2,0.0,1.1,3.3,,,70.0,
2025-12-27,8.1,-3.4,2.4,0.0,2.8,8.9,,,82.0,
2025-12-28,11.3,2.8,7.0,0.0,2.2,6.7,,,80.0,
2025-12-29,12.1,-0.7,5.7,0.0,0.8,3.9,,,81.0,
2025-12-30,11.8,-2.0,4.9,0.0,1.1,4.2,,,78.0,
2025-12-31,9.7,-3.2,3.2,0.2,1.4,4.2,,,87.0,
