fecha,tmax,tmin,tmed,prec,velmedia,racha,presMax,presMin,hrMedia,sol
2011-01-01,8.2,4.6,6.4,0.0,0.8,4.2,,,99.0,
2011-01-02,9.0,4.9,7.0,0.2,0.6,2.8,,,96.0,
2011-01-03,11.7,-0.2,5.8,0.0,0.8,3.9,,,91.0,
2011-01-04,9.6,3.9,6.8,2.0,5.3,10.8,,,94.0,
2011-01-05,11.9,7.7,9.8,0.2,7.5,15.8,,,86.0,
2011-01-08,12.4,6.9,9.6,3.4,6.7,11.7,,,66.0,
2011-01-09,8.7,3.2,6.0,2.0,1.1,7.2,,,91.0,
2011-01-10,7.5,0.1,3.8,3.2,4.4,12.2,,,93.0,
2011-01-11,11.8,5.7,8.8,0.0,6.4,12.2,,,90.0,
2011-01-12,12.6,3.0,7.8,0.2,1.7,5.3,,,91.0,
2011-01-13,6.1,2.3,4.2,0.2,0.8,4.4,,,100.0,
2011-01-22,4.0,-7.4,-1.7,0.0,3.3,12.5,,,66.0,
2011-01-23,4.7,-5.4,-0.4,0.0,3.1,10.0,,,59.0,
2011-01-24,7.1,-7.1,0.0,0.0,2.5,6.7,,,67.0,
2011-01-25,7.7,-7.8,0.0,0.0,0.8,4.7,,,73.0,
2011-01-26,7.5,-8.6,-0.6,0.0,1.1,4.2,,,78.0,
2011-01-27,8.2,-5.9,1.2,3.8,1.9,5.0,,,76.0,
2011-01-28,7.6,-0.2,3.7,1.4,3.1,10.0,,,90.0,
2011-01-29,7.0,-0.2,3.4,0.0,2.2,8.9,,,90.0,
2011-01-30,3.7,0.0,1.8,3.4,1.7,7.8,,,99.0,
2011-01-31,3.0,-0.4,1.3,0.0,1.7,6.4,,,83.0,
2011-02-01,4.6,-2.6,1.0,0.0,1.9,6.9,,,83.0,
2011-02-02,9.1,-4.3,2.4,0.0,2.2,7.5,,,83.0,
2011-02-03,13.1,-3.9,4.6,0.0,1.9,5.0,,,83.0,
2011-02-04,16.3,-3.3,6.5,0.0,0.8,3.6,,,81.0,
2011-02-05,16.1,-3.9,6.1,0.0,,3.9,,,80.0,
2011-02-06,18.0,-3.6,7.2,0.0,0.8,2.5,,,76.0,
2011-02-07,20.2,-2.1,9.0,0.0,1.1,4.2,,,67.0,
2011-02-08,17.0,-2.8,7.1,0.0,1.4,8.1,,,62.0,
2011-02-09,17.4,-1.4,8.0,0.0,1.7,3.9,,,70.0,
2011-02-10,15.9,-2.2,6.8,0.0,0.8,4.2,,,72.0,
2011-02-11,16.7,0.3,8.5,0.0,2.5,6.4,,,69.0,
2011-02-12,13.5,-0.9,6.3,0.0,2.2,6.4,,,77.0,
2011-02-13,9.8,1.4,5.6,2.0,5.8,16.4,,,87.0,
2011-02-14,6.7,-0.1,3.3,0.0,6.4,17.5,,,80.0,
2011-02-15,8.4,1.3,4.8,0.2,5.8,16.7,,,86.0,
2011-02-16,9.6,0.6,5.1,1.8,7.2,25.8,,,79.0,
2011-02-17,9.1,0.2,4.6,0.2,8.9,19.2,,,77.0,
2011-02-18,10.7,-0.2,5.2,3.2,3.1,8.6,,,79.0,
2011-02-19,12.1,3.5,7.8,0.6,3.3,10.3,,,88.0,
2011-02-20,11.8,2.4,7.1,3.0,4.2,14.7,,,87.0,
2011-02-21,10.0,4.1,7.0,0.0,8.6,15.0,,,89.0,
2011-02-22,16.4,4.1,10.2,0.0,5.8,13.9,,,71.0,
2011-02-23,19.1,0.7,9.9,0.0,1.4,4.4,,,73.0,
2011-02-24,18.8,-0.6,9.1,0.0,1.4,4.7,,,76.0,
2011-02-25,18.7,0.1,9.4,0.0,1.1,4.7,,,73.0,
2011-02-26,20.0,1.8,10.9,0.0,1.1,6.7,,,67.0,
2011-02-27,11.2,-2.0,4.6,0.0,3.3,9.4,,,60.0,
2011-02-28,10.7,-2.7,4.0,0.0,5.0,13.1,,,58.0,
2011-03-01,6.8,-3.4,1.7,0.0,3.1,11.4,,,70.0,
2011-03-02,6.5,-1.1,2.7,0.0,4.4,11.7,,,67.0,
2011-03-03,7.3,-4.8,1.2,0.0,2.2,8.9,,,75.0,
2011-03-04,6.3,-5.8,0.2,3.4,3.3,10.8,,,82.0,
2011-03-05,11.0,-0.5,5.2,0.2,4.7,13.9,,,73.0,
2011-03-06,14.6,-2.8,5.9,0.0,1.1,6.1,,,60.0,
2011-03-07,16.5,-1.8,7.4,0.0,3.6,9.7,,,61.0,
2011-03-08,14.2,4.9,9.6,0.0,6.4,16.1,,,56.0,
2011-03-09,16.3,3.6,10.0,0.0,2.8,10.6,,,66.0,
2011-03-10,19.2,-1.1,9.0,0.0,2.5,9.2,,,59.0,
2011-03-11,13.6,0.9,7.2,1.4,5.3,11.4,,,67.0,
2011-03-12,16.2,4.0,10.1,0.6,1.7,9.2,,,82.0,
2011-03-13,12.2,3.3,7.8,4.6,0.8,5.3,,,84.0,
2011-03-14,12.7,5.1,8.9,3.8,5.8,13.6,,,80.0,
2011-03-15,10.5,3.9,7.2,2.2,5.6,10.3,,,80.0,
2011-03-16,11.7,3.6,7.6,0.6,5.3,10.8,,,80.0,
2011-03-17,16.5,1.4,9.0,0.0,3.3,6.9,,,70.0,
2011-03-18,18.6,0.2,9.4,0.0,1.4,4.2,,,68.0,
2011-03-19,17.7,-0.9,8.4,0.0,1.4,5.6,,,64.0,
2011-03-20,18.7,-0.2,9.2,0.0,1.7,5.8,,,55.0,
2011-03-21,18.3,-1.6,8.4,0.0,3.1,9.4,,,58.0,
2011-03-22,16.0,0.0,8.0,0.6,0.6,8.9,,,69.0,
2011-03-23,12.6,0.4,6.5,2.2,2.5,10.0,,,84.0,
2011-03-24,13.3,7.5,10.4,1.4,7.5,21.7,,,78.0,
2011-03-25,16.2,7.5,11.8,5.2,4.7,19.2,,,79.0,
2011-03-26,16.3,5.0,10.6,7.0,3.9,15.8,,,74.0,
2011-03-27,12.0,2.5,7.2,1.4,8.1,14.7,,,80.0,
2011-03-28,11.1,3.3,7.2,1.6,4.2,8.1,,,92.0,
2011-03-29,15.9,5.6,10.8,0.2,4.2,14.4,,,76.0,
2011-03-30,15.9,6.4,11.2,0.0,4.4,9.4,,,78.0,
2011-03-31,22.9,3.2,13.0,0.0,1.1,5.3,,,69.0,
2011-04-01,24.5,3.7,14.1,0.0,3.9,11.1,,,56.0,
2011-04-02,20.4,9.5,15.0,0.0,5.0,11.4,,,58.0,
2011-04-03,11.5,7.4,9.4,2.4,2.5,7.5,,,84.0,
2011-04-04,18.2,4.6,11.4,0.0,2.2,5.6,,,83.0,
2011-04-05,26.8,4.4,15.6,0.0,2.5,7.2,,,65.0,
2011-04-06,24.8,7.9,16.4,0.0,5.0,14.7,,,53.0,
2011-04-07,28.0,7.1,17.6,0.0,1.9,4.4,,,52.0,
2011-04-08,31.6,6.6,19.1,0.0,1.1,6.7,,,49.0,
2011-04-09,26.7,5.2,16.0,0.0,4.2,10.3,,,51.0,
2011-04-10,20.5,7.3,13.9,0.0,2.8,8.6,,,65.0,
2011-04-11,19.4,4.2,11.8,0.0,2.8,10.0,,,66.0,
2011-04-12,22.6,2.1,12.4,0.0,2.8,7.2,,,58.0,
2011-04-13,27.1,0.2,13.6,0.0,0.6,4.7,,,43.0,
2011-04-14,25.6,4.4,15.0,0.0,2.2,7.2,,,45.0,
2011-04-15,20.3,2.4,11.4,0.0,2.2,8.6,,,40.0,
2011-04-16,24.0,1.2,12.6,0.0,3.6,8.6,,,55.0,
2011-04-17,24.3,9.4,16.8,0.0,3.3,9.4,,,46.0,
2011-04-18,23.3,9.8,16.6,0.0,6.7,12.8,,,43.0,
2011-04-19,21.0,8.4,14.7,3.4,3.9,11.7,,,58.0,
2011-04-20,18.8,10.0,14.4,4.6,3.9,9.7,,,80.0,
2011-04-21,18.5,9.2,13.8,12.6,5.3,13.9,,,79.0,
2011-04-22,16.8,6.4,11.6,0.2,3.1,8.9,,,71.0,
2011-04-23,16.7,6.6,11.6,0.6,3.1,8.1,,,75.0,
2011-04-24,16.5,7.6,12.0,1.2,3.9,11.1,,,75.0,
2011-04-25,19.1,7.6,13.4,0.0,4.4,9.7,,,67.0,
2011-04-26,19.7,4.0,11.8,0.0,4.4,10.3,,,68.0,
2011-04-27,24.6,2.8,13.7,0.0,1.9,6.9,,,55.0,
2011-04-28,23.9,2.8,13.4,0.0,2.2,7.5,,,53.0,
2011-04-29,21.5,5.4,13.4,0.2,1.9,9.4,,,54.0,
2011-04-30,18.4,7.4,12.9,5.0,4.2,11.7,,,66.0,
2011-05-01,20.0,8.8,14.4,0.6,1.7,8.3,,,70.0,
2011-05-02,22.7,4.7,13.7,0.0,2.2,7.8,,,64.0,
2011-05-03,21.5,8.4,15.0,0.0,4.7,11.9,,,61.0,
2011-05-04,23.2,6.8,15.0,0.0,3.1,8.1,,,50.0,
2011-05-05,24.6,6.4,15.5,0.0,2.8,12.2,,,48.0,
2011-05-06,23.7,8.6,16.2,0.0,6.9,14.4,,,56.0,
2011-05-07,19.4,6.8,13.1,0.0,5.6,15.3,,,61.0,
2011-05-08,22.3,6.0,14.2,0.0,4.2,10.0,,,51.0,
2011-05-09,28.3,5.0,16.6,0.0,1.1,6.7,,,44.0,
2011-05-10,29.8,9.4,19.6,0.0,3.9,9.2,,,38.0,
2011-05-11,31.0,13.3,22.2,0.0,4.2,11.1,,,35.0,
2011-05-12,28.0,8.7,18.4,1.6,2.2,11.4,,,52.0,
2011-05-13,28.6,8.4,18.5,0.0,1.7,6.7,,,47.0,
2011-05-14,23.4,7.4,15.4,0.0,5.6,11.7,,,57.0,
2011-05-15,21.3,1.4,11.4,0.0,5.0,12.2,,,43.0,
2011-05-16,27.5,2.5,15.0,0.0,3.3,7.8,,,44.0,
2011-05-17,26.0,7.9,17.0,0.0,2.5,11.4,,,48.0,
2011-05-18,26.5,10.7,18.6,0.4,3.1,10.3,,,56.0,
2011-05-19,24.2,8.2,16.2,0.0,5.0,10.3,,,49.0,
2011-05-20,27.9,5.8,16.8,0.0,1.4,7.2,,,38.0,
2011-05-21,29.0,9.5,19.2,24.4,3.1,10.8,,,43.0,
2011-05-22,27.7,10.7,19.2,0.0,3.6,11.9,,,57.0,
2011-05-23,30.4,10.0,20.2,0.0,3.1,9.7,,,50.0,
2011-05-24,32.2,10.6,21.4,3.8,1.7,8.3,,,48.0,
2011-05-25,31.0,11.4,21.2,0.0,1.9,8.6,,,45.0,
2011-05-26,28.4,11.3,19.8,0.0,5.3,13.6,,,59.0,
2011-05-27,24.2,12.2,18.2,2.6,1.9,9.2,,,73.0,
2011-05-28,29.8,8.8,19.3,0.0,2.8,8.3,,,51.0,
2011-05-29,27.3,13.6,20.4,3.0,3.3,16.1,,,53.0,
2011-05-30,25.2,11.5,18.4,2.8,2.8,10.0,,,70.0,
2011-05-31,22.7,9.1,15.9,0.0,4.2,11.7,,,61.0,
2011-06-01,18.9,5.7,12.3,0.0,6.7,14.2,,,46.0,
2011-06-02,20.8,5.3,13.0,0.0,5.0,11.4,,,52.0,
2011-06-03,25.7,4.4,15.0,0.0,3.6,8.9,,,44.0,
2011-06-04,25.9,6.4,16.2,0.0,3.1,8.9,,,45.0,
2011-06-05,28.0,9.6,18.8,0.0,3.6,15.8,,,51.0,
2011-06-06,23.3,10.5,16.9,11.4,3.1,14.2,,,89.0,
2011-06-07,19.7,10.1,14.9,7.0,3.1,8.6,,,74.0,
2011-06-08,22.6,8.9,15.8,0.0,1.4,6.9,,,57.0,
2011-06-09,23.2,8.2,15.7,0.8,3.6,11.9,,,60.0,
2011-06-10,23.5,8.5,16.0,0.0,2.5,6.7,,,58.0,
2011-06-11,26.6,8.1,17.4,0.0,2.5,8.6,,,45.0,
2011-06-12,29.4,10.4,19.9,0.0,5.0,17.2,,,36.0,
2011-06-13,28.3,11.5,19.9,0.0,4.4,13.9,,,40.0,
2011-06-14,30.2,10.7,20.4,0.0,2.8,8.9,,,44.0,
2011-06-15,30.1,12.4,21.2,0.0,4.2,10.0,,,42.0,
2011-06-16,27.0,11.8,19.4,0.0,4.4,9.4,,,44.0,
2011-06-17,27.2,11.2,19.2,0.0,6.1,12.8,,,44.0,
2011-06-18,26.4,10.9,18.6,0.0,3.3,10.3,,,45.0,
2011-06-19,31.8,7.7,19.8,0.0,1.7,8.9,,,33.0,
2011-06-20,33.4,11.8,22.6,0.0,3.3,12.2,,,30.0,
2011-06-21,33.4,15.0,24.2,0.0,3.9,10.6,,,33.0,
2011-06-22,29.1,11.4,20.2,0.0,5.0,12.8,,,39.0,
2011-06-23,28.6,7.9,18.2,0.0,2.8,8.9,,,40.0,
2011-06-24,33.0,7.4,20.2,0.0,2.2,7.5,,,35.0,
2011-06-25,37.0,11.5,24.2,0.0,2.8,10.8,,,25.0,
2011-06-26,39.5,17.5,28.5,0.0,2.2,9.7,,,22.0,
2011-06-27,36.7,20.1,28.4,0.0,5.6,15.3,,,28.0,
2011-06-28,34.3,14.1,24.2,0.0,4.4,11.7,,,37.0,
2011-06-29,26.2,9.8,18.0,0.0,5.3,12.8,,,51.0,
2011-06-30,31.3,7.7,19.5,0.0,2.8,9.4,,,36.0,
2011-07-01,33.3,7.0,20.2,0.0,1.7,15.8,,,33.0,
2011-07-02,33.5,14.1,23.8,0.0,4.4,15.8,,,25.0,
2011-07-03,31.5,12.9,22.2,0.0,6.1,20.3,,,36.0,
2011-07-04,31.4,9.9,20.6,0.0,1.7,10.8,,,35.0,
2011-07-05,32.1,14.5,23.3,0.0,5.3,13.3,,,36.0,
2011-07-06,29.0,11.7,20.4,0.0,5.0,11.1,,,37.0,
2011-07-07,24.0,9.2,16.6,0.0,5.3,13.9,,,38.0,
2011-07-08,27.4,7.5,17.4,0.0,5.0,11.1,,,43.0,
2011-07-09,30.3,13.0,21.6,0.0,3.1,10.0,,,47.0,
2011-07-10,31.4,11.1,21.2,0.0,3.1,8.6,,,38.0,
2011-07-11,33.9,10.0,22.0,0.0,3.1,10.6,,,34.0,
2011-07-12,27.7,10.9,19.3,5.2,5.3,21.4,,,56.0,
2011-07-13,22.7,8.1,15.4,0.0,3.1,8.3,,,49.0,
2011-07-14,27.2,6.9,17.0,0.0,1.7,8.1,,,42.0,
2011-07-15,31.9,8.9,20.4,0.0,1.9,7.8,,,32.0,
2011-07-16,31.9,13.3,22.6,0.0,6.1,12.2,,,38.0,
2011-07-17,25.9,13.4,19.6,0.0,5.6,12.2,,,39.0,
2011-07-18,27.5,7.5,17.5,0.0,4.7,14.2,,,40.0,
2011-07-19,25.5,11.8,18.6,0.0,5.3,15.6,,,40.0,
2011-07-20,31.3,7.5,19.4,0.0,2.2,9.7,,,36.0,
2011-07-21,29.3,10.8,20.0,0.0,3.6,11.9,,,41.0,
2011-07-22,28.7,9.6,19.2,0.0,4.2,10.0,,,41.0,
2011-07-23,28.9,7.6,18.2,0.0,3.3,9.7,,,36.0,
2011-07-24,29.8,9.0,19.4,0.0,2.5,12.2,,,36.0,
2011-07-25,31.1,10.9,21.0,0.0,1.9,7.8,,,41.0,
2011-07-26,32.5,12.9,22.7,0.0,2.8,9.7,,,41.0,
2011-07-27,30.8,11.7,21.2,0.0,3.6,9.7,,,39.0,
2011-07-28,32.9,10.1,21.5,0.0,2.8,7.8,,,38.0,
2011-07-29,35.1,11.5,23.3,0.0,3.3,11.4,,,35.0,
2011-07-30,33.1,13.6,23.4,0.0,3.3,9.4,,,37.0,
2011-07-31,34.0,11.6,22.8,0.0,1.7,7.8,,,35.0,
2011-08-01,32.5,16.3,24.4,19.2,3.9,15.6,,,33.0,
2011-08-02,25.2,15.3,20.2,0.0,3.9,10.3,,,64.0,
2011-08-03,31.2,13.7,22.4,0.0,1.9,6.7,,,49.0,
2011-08-04,33.2,14.0,23.6,0.0,3.9,11.9,,,41.0,
2011-08-05,29.7,17.0,23.4,0.0,5.3,11.4,,,42.0,
2011-08-06,29.2,16.4,22.8,0.0,6.9,13.9,,,57.0,
2011-08-07,28.6,13.8,21.2,0.0,5.0,10.8,,,44.0,
2011-08-08,28.9,11.6,20.2,0.0,2.8,8.6,,,34.0,
2011-08-09,30.6,8.0,19.3,0.0,3.9,8.3,,,35.0,
2011-08-10,35.0,7.6,21.3,0.0,1.9,7.2,,,37.0,
2011-08-11,36.8,13.2,25.0,0.0,2.2,7.2,,,27.0,
2011-08-12,36.4,15.0,25.7,1.0,5.3,17.2,,,44.0,
2011-08-13,34.5,17.2,25.8,0.0,4.2,11.1,,,41.0,
2011-08-14,33.3,16.3,24.8,0.0,5.0,11.1,,,41.0,
2011-08-15,34.8,15.0,24.9,0.0,1.9,6.9,,,41.0,
2011-08-16,36.3,14.1,25.2,0.0,3.3,11.1,,,30.0,
2011-08-17,34.1,15.4,24.8,0.0,4.2,11.7,,,26.0,
2011-08-18,35.1,13.6,24.4,0.0,3.1,15.8,,,29.0,
2011-08-19,38.9,15.0,27.0,0.0,1.9,11.4,,,33.0,
2011-08-20,38.1,19.4,28.8,9.0,6.1,20.8,,,37.0,
2011-08-22,27.0,14.5,20.8,0.0,3.6,10.6,,,63.0,
2011-08-23,30.0,13.0,21.5,0.0,3.3,9.7,,,51.0,
2011-08-24,28.7,14.4,21.6,0.0,3.6,8.6,,,49.0,
2011-08-25,29.6,12.4,21.0,0.6,6.4,15.6,,,43.0,
2011-08-26,23.3,10.0,16.6,0.0,5.3,12.8,,,49.0,
2011-08-27,27.7,5.7,16.7,0.0,1.4,6.4,,,33.0,
2011-08-28,30.8,7.2,19.0,0.0,3.9,11.1,,,29.0,
2011-08-29,30.6,10.9,20.8,0.0,3.9,12.5,,,27.0,
2011-08-30,31.3,10.1,20.7,0.0,3.9,12.5,,,26.0,
2011-08-31,23.0,14.9,19.0,3.6,3.3,11.4,,,64.0,
2011-09-01,24.5,15.1,19.8,0.0,3.3,10.6,,,62.0,
2011-09-02,26.1,10.2,18.2,0.0,1.9,8.1,,,53.0,
2011-09-03,25.4,13.3,19.4,0.0,4.4,10.0,,,60.0,
2011-09-04,25.9,11.0,18.4,0.0,4.2,11.1,,,56.0,
2011-09-05,26.5,7.6,17.0,0.0,1.7,9.2,,,48.0,
2011-09-06,31.9,7.1,19.5,0.0,1.7,6.4,,,34.0,
2011-09-07,33.3,9.2,21.2,0.0,3.1,6.4,,,29.0,
2011-09-08,33.6,9.1,21.4,0.0,1.4,6.1,,,27.0,
2011-09-09,34.1,10.0,22.0,0.0,4.2,12.5,,,25.0,
2011-09-10,30.6,12.5,21.6,0.0,5.0,16.1,,,28.0,
2011-09-11,27.4,13.3,20.4,0.0,4.7,12.2,,,53.0,
2011-09-12,32.7,9.4,21.0,0.0,1.9,5.8,,,47.0,
2011-09-13,34.7,11.5,23.1,0.0,1.9,8.9,,,33.0,
2011-09-14,33.3,11.5,22.4,0.0,2.5,10.0,,,39.0,
2011-09-15,34.2,18.5,26.4,0.0,4.2,10.6,,,27.0,
2011-09-16,33.2,14.7,24.0,0.0,2.8,11.4,,,42.0,
2011-09-17,29.9,12.3,21.1,0.0,3.1,8.9,,,49.0,
2011-09-18,22.6,7.8,15.2,0.0,4.4,12.8,,,44.0,
2011-09-19,24.0,2.5,13.2,0.0,1.9,7.2,,,40.0,
2011-09-20,30.1,4.9,17.5,0.0,1.7,6.4,,,33.0,
2011-09-21,30.8,6.7,18.8,0.0,2.5,8.3,,,29.0,
2011-09-22,32.0,8.6,20.3,0.0,2.2,6.7,,,39.0,
2011-09-23,27.7,11.7,19.7,0.0,4.7,12.2,,,41.0,
2011-09-24,26.3,8.2,17.2,0.0,2.2,6.7,,,51.0,
2011-09-25,29.0,6.5,17.8,0.0,1.4,6.7,,,38.0,
2011-09-26,31.7,6.3,19.0,0.0,0.8,7.2,,,29.0,
2011-09-27,31.9,9.6,20.8,0.0,1.7,7.8,,,29.0,
2011-09-28,30.1,12.4,21.2,0.0,2.8,8.3,,,33.0,
2011-09-29,31.7,8.6,20.2,0.0,2.8,7.8,,,38.0,
2011-09-30,29.5,11.6,20.6,0.0,3.9,9.2,,,42.0,
2011-10-01,27.7,13.7,20.7,0.0,6.4,13.3,,,44.0,
2011-10-02,29.6,10.1,19.8,0.0,2.2,8.9,,,42.0,
2011-10-03,29.8,6.6,18.2,0.0,1.7,6.7,,,35.0,
2011-10-04,29.0,5.6,17.3,0.0,1.9,6.4,,,32.0,
2011-10-05,29.9,5.7,17.8,0.0,1.1,6.4,,,33.0,
2011-10-06,30.2,6.6,18.4,0.0,1.9,9.2,,,37.0,
2011-10-07,19.6,6.6,13.1,0.0,3.3,9.7,,,63.0,
2011-10-08,19.5,2.8,11.2,0.0,3.1,10.0,,,60.0,
2011-10-09,22.5,2.5,12.5,0.0,2.2,7.5,,,57.0,
2011-10-10,30.0,2.6,16.3,0.0,1.7,4.7,,,44.0,
2011-10-11,30.4,5.7,18.0,0.0,1.4,6.1,,,33.0,
2011-10-12,31.7,5.6,18.6,0.0,1.4,5.6,,,31.0,
2011-10-13,30.2,4.5,17.4,0.0,1.4,6.9,,,33.0,
2011-10-14,29.4,3.6,16.5,0.0,0.6,5.6,,,29.0,
2011-10-15,29.8,3.3,16.6,0.0,1.4,4.7,,,29.0,
2011-10-16,27.2,3.6,15.4,0.0,1.9,5.6,,,32.0,
2011-10-17,25.6,3.4,14.5,0.0,1.4,5.0,,,33.0,
2011-10-18,26.5,3.2,14.8,0.0,0.6,5.0,,,31.0,
2011-10-19,22.9,6.9,14.9,0.0,3.3,8.3,,,51.0,
2011-10-20,17.2,-0.3,8.4,0.0,3.1,8.6,,,57.0,
2011-10-21,21.9,-4.9,8.5,0.0,0.6,4.7,,,51.0,
2011-10-22,25.4,0.9,13.2,0.6,1.7,9.4,,,42.0,
2011-10-23,18.9,8.0,13.4,3.2,5.0,15.3,,,72.0,
2011-10-24,15.9,4.8,10.4,2.8,6.9,17.2,,,71.0,
2011-10-25,13.3,4.4,8.8,0.6,6.7,13.6,,,76.0,
2011-10-26,14.6,3.6,9.1,5.0,8.3,18.9,,,76.0,
2011-10-27,19.0,8.3,13.6,0.0,2.5,13.3,,,72.0,
2011-10-28,16.4,3.5,10.0,0.0,1.9,7.5,,,71.0,
2011-10-29,16.6,1.8,9.2,0.2,1.9,4.2,,,91.0,
2011-10-30,21.4,0.6,11.0,0.0,1.1,3.3,,,76.0,
2011-10-31,21.2,3.3,12.2,0.0,4.2,13.9,,,73.0,
2011-11-01,18.7,11.7,15.2,0.8,2.2,9.2,,,83.0,
2011-11-02,16.7,10.7,13.7,5.0,7.2,16.4,,,82.0,
2011-11-03,13.5,6.2,9.8,2.6,6.9,22.8,,,87.0,
2011-11-04,12.9,5.8,9.4,0.4,1.9,6.9,,,84.0,
2011-11-05,12.4,3.3,7.8,0.0,4.7,11.9,,,79.0,
2011-11-06,13.8,0.2,7.0,0.0,3.6,9.2,,,70.0,
2011-11-07,15.5,5.4,10.4,0.0,2.2,7.2,,,79.0,
2011-11-08,15.1,3.0,9.0,0.0,3.9,10.3,,,67.0,
2011-11-09,14.7,7.0,10.8,16.2,2.2,8.3,,,87.0,
2011-11-10,16.6,7.9,12.2,0.4,3.6,9.2,,,84.0,
2011-11-11,17.3,5.2,11.2,0.0,1.4,8.3,,,82.0,
2011-11-12,20.7,9.1,14.9,0.0,6.4,16.1,,,67.0,
2011-11-13,16.1,11.7,13.9,0.0,8.3,18.9,,,68.0,
2011-11-14,15.2,4.2,9.7,0.4,8.3,20.6,,,68.0,
2011-11-15,12.2,3.1,7.6,1.8,5.3,14.7,,,89.0,
2011-11-16,15.5,3.8,9.6,0.0,1.7,10.0,,,80.0,
2011-11-17,15.0,1.1,8.0,0.0,1.7,5.0,,,79.0,
2011-11-18,18.2,-0.1,9.0,1.0,2.5,10.3,,,77.0,
2011-11-19,11.6,8.4,10.0,4.8,3.1,9.7,,,90.0,
2011-11-20,15.2,8.2,11.7,0.0,2.8,7.5,,,80.0,
2011-11-21,16.8,5.1,11.0,0.2,1.9,6.4,,,91.0,
2011-11-22,8.8,5.2,7.0,0.0,1.4,8.3,,,88.0,
2011-11-23,15.8,2.9,9.4,0.2,,7.8,,,84.0,
2011-11-24,13.5,0.8,7.2,0.0,1.1,4.2,,,94.0,
2011-11-25,14.6,-1.6,6.5,0.2,0.8,4.2,,,90.0,
2011-11-26,4.2,-0.3,2.0,0.2,1.1,3.6,,,100.0,
2011-11-27,4.0,0.8,2.4,0.4,0.6,3.6,,,100.0,
2011-11-28,7.7,-2.4,2.6,0.0,0.8,2.8,,,100.0,
2011-11-29,11.9,-3.6,4.2,0.2,1.1,6.9,,,87.0,
2011-11-30,11.7,-3.5,4.1,0.2,0.8,3.9,,,90.0,
2011-12-01,13.3,-3.1,5.1,1.6,1.9,13.6,,,81.0,
2011-12-02,9.3,-0.4,4.4,0.0,4.7,16.4,,,78.0,
2011-12-03,11.7,-1.7,5.0,0.0,0.8,4.7,,,88.0,
2011-12-04,9.6,1.5,5.6,0.0,5.0,8.6,,,79.0,
2011-12-05,15.3,6.3,10.8,0.0,5.6,12.8,,,84.0,
2011-12-06,13.1,1.8,7.4,0.0,4.7,10.0,,,83.0,
2011-12-07,15.5,-1.7,6.9,0.0,1.4,4.2,,,82.0,
2011-12-08,4.6,-3.7,0.4,0.2,0.6,3.6,,,99.0,
2011-12-09,4.7,-3.0,0.8,0.0,1.4,4.2,,,99.0,
2011-12-10,9.2,1.2,5.2,1.4,3.3,6.7,,,94.0,
2011-12-11,9.9,3.0,6.4,0.2,2.5,8.3,,,91.0,
2011-12-12,11.0,4.2,7.6,0.0,3.6,10.6,,,91.0,
2011-12-13,12.1,5.4,8.8,0.0,7.2,15.8,,,80.0,
2011-12-14,10.1,3.9,7.0,0.6,4.7,14.4,,,91.0,
2011-12-15,9.9,3.6,6.8,0.0,5.0,13.3,,,80.0,
2011-12-16,12.5,1.2,6.8,3.0,10.0,22.2,,,84.0,
2011-12-17,9.4,-0.8,4.3,0.0,5.3,10.8,,,78.0,
2011-12-18,9.7,-2.8,3.4,0.0,1.9,5.3,,,83.0,
2011-12-19,11.0,-4.2,3.4,0.0,1.4,3.9,,,78.0,
2011-12-20,11.0,-1.5,4.8,0.0,3.9,8.1,,,85.0,
2011-12-21,10.9,2.7,6.8,0.2,0.8,7.2,,,100.0,
2011-12-22,8.4,-1.1,3.6,0.4,1.9,4.4,,,100.0,
2011-12-23,2.8,0.1,1.4,0.0,0.8,5.0,,,100.0,
2011-12-24,9.3,-3.6,2.8,0.0,2.5,7.8,,,79.0,
2011-12-25,11.9,-5.3,3.3,0.2,0.6,3.6,,,91.0,
2011-12-26,11.9,-6.5,2.7,0.0,0.8,3.6,,,81.0,
2011-12-27,12.1,-5.4,3.4,0.0,0.6,3.1,,,78.0,
2011-12-28,13.1,-5.8,3.6,0.0,0.6,5.6,,,77.0,
2011-12-29,8.2,-4.5,1.8,0.0,1.9,8.1,,,76.0,
2011-12-30,12.2,-7.1,2.6,0.0,0.3,3.3,,,78.0,
2011-12-31,12.5,-3.6,4.4,0.0,1.7,4.7,,,77.0,
2012-01-01,7.7,-0.2,3.8,0.2,2.2,12.2,,,98.0,
2012-01-02,9.6,1.9,5.8,0.2,5.8,12.5,,,83.0,
2012-01-03,7.3,-0.6,3.4,0.0,3.9,6.9,,,87.0,
2012-01-04,14.6,0.0,7.3,0.0,1.7,5.8,,,87.0,
2012-01-05,10.6,-0.1,5.2,0.2,2.5,5.6,,,98.0,
2012-01-06,13.7,-2.0,5.8,0.0,1.1,4.7,,,82.0,
2012-01-07,11.8,-4.0,3.9,0.0,2.2,6.1,,,90.0,
2012-01-08,1.6,-4.0,-1.2,0.4,0.3,3.6,,,100.0,
2012-01-09,2.7,-0.2,1.2,0.2,1.7,5.0,,,100.0,
2012-01-10,5.6,-3.3,1.2,0.0,0.3,4.2,,,100.0,
2012-01-11,1.8,-5.7,-2.0,0.2,,,,,100.0,
2012-01-12,0.9,-3.3,-1.2,0.2,,,,,100.0,
2012-01-13,0.9,-3.0,-1.0,0.0,0.6,2.8,,,100.0,
2012-01-14,9.5,-4.4,2.6,0.4,0.3,,,,94.0,
2012-01-15,7.6,0.4,4.0,10.2,2.8,8.6,,,87.0,
2012-01-16,5.5,-1.7,1.9,1.2,2.5,8.9,,,97.0,
2012-01-17,1.5,-2.4,-0.4,0.0,0.6,3.6,,,100.0,
2012-01-18,10.8,-4.1,3.4,0.2,0.3,,,,95.0,
2012-01-19,10.6,0.7,5.6,0.2,1.4,4.2,,,92.0,
2012-01-20,12.0,-0.7,5.6,0.2,1.4,4.7,,,98.0,
2012-01-21,5.9,-0.3,2.8,0.2,0.8,2.8,,,100.0,
2012-01-22,4.7,-0.8,2.0,0.0,1.7,4.7,,,99.0,
2012-01-23,8.5,-0.7,3.9,0.0,1.4,4.4,,,91.0,
2012-01-24,13.0,-2.9,5.0,0.2,1.4,4.4,,,91.0,
2012-01-25,6.6,-3.9,1.4,0.2,0.6,4.2,,,100.0,
2012-01-26,8.1,0.7,4.4,0.2,1.4,5.8,,,88.0,
2012-01-27,4.3,-0.9,1.7,0.4,5.3,11.7,,,94.0,
2012-01-28,9.5,-4.5,2.5,0.2,1.7,5.8,,,83.0,
2012-01-29,9.4,-5.1,2.2,0.0,1.1,6.4,,,77.0,
2012-01-30,11.1,-6.1,2.5,0.0,1.7,3.9,,,76.0,
2012-01-31,12.3,-3.2,4.6,0.0,3.1,8.6,,,66.0,
2012-02-01,7.5,-1.4,3.0,0.4,3.9,11.4,,,90.0,
2012-02-02,3.1,-5.6,-1.2,0.0,4.7,14.2,,,61.0,
2012-02-03,2.0,-8.1,-3.0,0.0,5.6,16.1,,,64.0,
2012-02-04,5.4,-9.7,-2.2,0.0,3.1,10.3,,,60.0,
2012-02-05,10.1,-6.7,1.7,0.6,6.9,18.9,,,77.0,
2012-02-06,12.9,-1.7,5.6,0.2,5.0,12.8,,,74.0,
2012-02-07,7.7,-2.7,2.5,0.4,4.4,10.8,,,87.0,
2012-02-08,1.1,-8.1,-3.5,0.0,4.2,11.7,,,77.0,
2012-02-09,6.5,-6.5,0.0,0.0,2.2,7.5,,,77.0,
2012-02-10,6.5,-8.7,-1.1,0.0,2.2,9.4,,,74.0,
2012-02-11,6.0,-9.7,-1.8,0.0,1.9,9.2,,,58.0,
2012-02-12,3.7,-9.4,-2.8,0.0,4.7,13.6,,,53.0,
2012-02-13,6.2,-8.7,-1.2,0.0,1.7,5.6,,,66.0,
2012-02-14,8.7,-4.0,2.4,0.2,3.1,11.1,,,72.0,
2012-02-15,9.8,-5.3,2.2,0.0,2.2,9.4,,,70.0,
2012-02-16,9.6,-6.1,1.8,0.0,4.2,17.2,,,71.0,
2012-02-17,12.7,-7.1,2.8,0.0,0.8,6.4,,,66.0,
2012-02-18,14.1,-7.1,3.5,0.0,1.1,6.1,,,62.0,
2012-02-19,13.3,-5.3,4.0,0.0,1.9,9.2,,,66.0,
2012-02-20,10.1,-7.8,1.2,0.0,2.2,7.2,,,57.0,
2012-02-21,12.4,-10.1,1.2,0.0,1.1,6.4,,,47.0,
2012-02-22,15.3,-9.2,3.0,0.0,1.4,8.6,,,40.0,
2012-02-23,19.1,-7.5,5.8,0.0,1.7,7.2,,,41.0,
2012-02-24,15.4,-6.9,4.2,0.0,0.6,4.2,,,47.0,
2012-02-25,19.5,-4.5,7.5,0.0,2.2,6.1,,,48.0,
2012-02-26,18.5,-0.5,9.0,0.0,3.3,8.6,,,53.0,
2012-02-27,19.5,-5.5,7.0,0.0,1.1,6.4,,,57.0,
2012-02-28,20.6,-4.9,7.8,0.0,1.1,5.8,,,55.0,
2012-02-29,20.7,-2.7,9.0,0.0,2.5,8.3,,,56.0,
2012-03-01,21.3,-1.0,10.2,0.0,1.9,11.1,,,51.0,
2012-03-02,17.4,1.5,9.4,0.0,3.6,12.5,,,72.0,
2012-03-03,13.3,2.2,7.8,0.0,2.5,8.9,,,73.0,
2012-03-04,14.2,2.0,8.1,0.6,5.8,13.3,,,80.0,
2012-03-05,11.7,-6.0,2.8,0.0,1.7,7.8,,,62.0,
2012-03-06,12.9,-6.7,3.1,0.0,1.4,6.4,,,55.0,
2012-03-07,14.4,-8.1,3.2,0.0,0.8,3.9,,,52.0,
2012-03-08,13.2,-3.3,5.0,0.0,3.3,11.1,,,60.0,
2012-03-09,18.2,-5.3,6.4,0.0,2.8,9.2,,,54.0,
2012-03-10,18.8,-4.5,7.2,0.0,2.2,8.6,,,42.0,
2012-03-11,18.8,-1.2,8.8,0.0,2.8,7.8,,,52.0,
2012-03-12,20.3,-4.8,7.8,0.0,1.7,6.1,,,55.0,
2012-03-13,24.4,-1.4,11.5,0.0,1.7,7.2,,,43.0,
2012-03-14,26.3,-2.3,12.0,0.0,1.7,5.0,,,38.0,
2012-03-15,25.0,0.8,12.9,0.0,1.1,6.7,,,36.0,
2012-03-16,19.3,5.3,12.3,0.0,4.7,13.1,,,54.0,
2012-03-17,14.3,2.3,8.3,,5.6,13.3,,,75.0,
2012-03-18,12.5,-1.2,5.6,0.0,5.8,12.2,,,54.0,
2012-03-19,11.8,-6.2,2.8,0.0,3.9,12.5,,,53.0,
2012-03-20,12.2,-6.6,2.8,0.0,4.7,13.6,,,58.0,
2012-03-21,9.1,-3.9,2.6,3.4,3.9,11.4,,,87.0,
2012-03-22,17.3,-1.7,7.8,0.0,1.4,4.2,,,60.0,
2012-03-23,19.8,-2.0,8.9,0.0,3.9,12.2,,,49.0,
2012-03-24,24.3,3.7,14.0,0.0,1.1,7.2,,,39.0,
2012-03-25,22.8,0.6,11.7,0.0,1.4,6.1,,,50.0,
2012-03-26,21.1,2.8,12.0,0.0,3.9,9.2,,,31.0,
2012-03-27,20.9,4.8,12.8,0.0,3.1,10.3,,,38.0,
2012-03-28,21.3,0.4,10.8,0.0,2.5,10.3,,,39.0,
2012-03-29,21.8,0.0,10.9,0.0,3.3,11.7,,,36.0,
2012-03-30,25.1,0.8,13.0,0.0,2.8,10.8,,,33.0,
2012-03-31,23.7,1.5,12.6,0.0,1.1,5.6,,,44.0,
2012-04-01,22.2,5.5,13.8,5.8,2.2,22.2,,,55.0,
2012-04-02,19.6,2.8,11.2,0.0,3.6,10.6,,,62.0,
2012-04-03,16.1,5.2,10.6,7.0,3.3,13.9,,,83.0,
2012-04-04,12.2,5.6,8.9,11.6,2.2,7.5,,,81.0,
2012-04-05,11.9,4.2,8.0,11.6,2.2,14.7,,,85.0,
2012-04-06,9.3,0.2,4.8,5.8,4.4,13.6,,,84.0,
2012-04-07,10.9,2.4,6.6,3.4,3.6,11.9,,,88.0,
2012-04-08,17.5,3.9,10.7,0.0,1.1,4.7,,,62.0,
2012-04-09,20.6,1.7,11.2,1.2,3.9,9.4,,,52.0,
2012-04-10,14.3,4.6,9.4,2.0,10.0,22.2,,,72.0,
2012-04-11,11.3,3.3,7.3,2.2,5.3,11.4,,,82.0,
2012-04-12,12.8,5.6,9.2,2.8,3.3,7.5,,,77.0,
2012-04-13,13.0,4.0,8.5,3.0,6.9,15.6,,,65.0,
2012-04-14,12.2,1.3,6.8,1.2,7.5,16.4,,,79.0,
2012-04-15,10.8,0.3,5.6,1.0,4.7,15.3,,,65.0,
2012-04-16,12.7,-1.6,5.6,0.0,3.9,8.6,,,58.0,
2012-04-17,17.3,0.6,9.0,0.0,6.4,15.8,,,60.0,
2012-04-18,9.8,3.1,6.4,0.2,9.7,25.3,,,83.0,
2012-04-19,12.9,5.8,9.4,1.2,8.3,17.2,,,69.0,
2012-04-20,15.9,6.3,11.1,0.2,8.3,16.4,,,69.0,
2012-04-21,17.0,6.4,11.7,0.2,8.9,15.0,,,70.0,
2012-04-22,14.1,4.4,9.2,0.0,5.3,10.6,,,61.0,
2012-04-23,15.2,3.4,9.3,0.0,8.9,22.2,,,70.0,
2012-04-24,13.8,0.1,7.0,0.0,6.1,14.4,,,56.0,
2012-04-25,16.1,3.2,9.6,2.2,11.1,21.1,,,70.0,
2012-04-26,10.7,6.2,8.4,5.6,3.1,8.3,,,84.0,
2012-04-27,8.2,5.7,7.0,8.0,2.2,7.5,,,93.0,
2012-04-28,9.3,3.8,6.6,5.0,2.8,9.4,,,85.0,
2012-04-29,11.9,3.7,7.8,13.4,3.9,12.2,,,81.0,
2012-04-30,13.2,3.4,8.3,0.0,5.3,15.3,,,69.0,
2012-05-01,15.6,2.2,8.9,0.0,4.4,10.0,,,60.0,
2012-05-02,17.8,4.3,11.0,0.0,5.3,14.2,,,53.0,
2012-05-03,15.7,7.1,11.4,11.4,3.1,13.6,,,78.0,
2012-05-04,15.5,5.9,10.7,0.6,7.5,16.4,,,74.0,
2012-05-05,14.2,5.2,9.7,4.8,5.8,11.7,,,75.0,
2012-05-06,16.0,6.4,11.2,0.0,4.2,9.2,,,64.0,
2012-05-07,16.7,4.1,10.4,2.6,6.7,15.8,,,74.0,
2012-05-08,21.4,11.7,16.6,0.0,6.4,15.3,,,72.0,
2012-05-09,25.7,6.5,16.1,0.0,3.6,8.9,,,54.0,
2012-05-10,31.3,9.9,20.6,0.0,1.4,7.5,,,49.0,
2012-05-11,31.4,14.3,22.8,0.0,2.5,8.6,,,48.0,
2012-05-12,31.9,17.2,24.6,0.0,2.5,9.7,,,45.0,
2012-05-13,28.4,14.3,21.4,0.0,4.4,10.8,,,48.0,
2012-05-14,27.6,9.9,18.8,0.0,4.4,12.2,,,47.0,
2012-05-15,25.9,6.0,16.0,0.0,2.5,6.1,,,36.0,
2012-05-16,30.5,5.3,17.9,0.0,1.4,6.4,,,40.0,
2012-05-17,27.8,10.1,19.0,0.0,8.1,16.1,,,39.0,
2012-05-18,24.4,7.1,15.8,0.4,3.9,9.7,,,48.0,
2012-05-19,16.3,7.4,11.8,0.8,6.4,11.1,,,65.0,
2012-05-20,18.4,6.1,12.2,0.0,4.4,11.4,,,52.0,
2012-05-21,19.8,4.1,12.0,0.0,6.9,14.7,,,51.0,
2012-05-22,25.1,5.4,15.2,0.0,2.5,7.2,,,53.0,
2012-05-23,28.7,5.6,17.2,0.0,1.9,11.4,,,40.0,
2012-05-24,31.9,5.7,18.8,0.0,1.7,6.1,,,29.0,
2012-05-25,30.6,8.8,19.7,0.0,5.6,15.0,,,36.0,
2012-05-26,21.2,6.2,13.7,0.0,3.9,12.8,,,42.0,
2012-05-27,25.4,4.0,14.7,0.0,2.8,6.1,,,41.0,
2012-05-28,28.1,7.0,17.6,0.0,2.8,13.6,,,46.0,
2012-05-29,29.4,7.7,18.6,0.0,2.8,9.7,,,36.0,
2012-05-30,32.7,10.0,21.4,0.0,2.5,6.4,,,32.0,
2012-05-31,35.5,8.7,22.1,0.0,1.4,7.2,,,28.0,
2012-06-01,34.0,13.6,23.8,6.4,1.1,21.4,,,35.0,
2012-06-02,26.5,14.2,20.4,5.0,5.6,11.7,,,50.0,
2012-06-03,25.5,10.8,18.2,0.0,2.5,7.2,,,59.0,
2012-06-04,27.8,9.6,18.7,0.0,2.5,8.3,,,42.0,
2012-06-05,28.8,10.6,19.7,0.0,5.8,13.3,,,46.0,
2012-06-06,27.1,13.3,20.2,0.2,6.9,13.9,,,50.0,
2012-06-07,24.2,12.8,18.5,0.0,7.2,13.3,,,53.0,
2012-06-08,22.7,8.4,15.6,0.0,3.1,8.9,,,45.0,
2012-06-09,22.9,7.2,15.0,0.0,4.7,10.6,,,51.0,
2012-06-10,25.5,14.0,19.8,0.0,8.1,14.2,,,55.0,
2012-06-11,21.7,9.4,15.6,0.4,8.9,18.1,,,51.0,
2012-06-12,22.2,7.3,14.8,0.0,5.0,10.3,,,50.0,
2012-06-13,26.0,4.0,15.0,0.0,2.2,7.8,,,40.0,
2012-06-14,28.4,7.4,17.9,0.0,5.8,14.2,,,32.0,
2012-06-15,28.6,9.6,19.1,0.0,6.4,14.7,,,45.0,
2012-06-16,27.0,9.5,18.2,0.0,5.0,10.8,,,49.0,
2012-06-17,30.1,9.9,20.0,0.0,4.4,14.7,,,39.0,
2012-06-18,28.5,10.6,19.6,0.0,2.2,6.9,,,49.0,
2012-06-19,30.1,12.0,21.0,0.0,4.4,13.9,,,40.0,
2012-06-20,27.9,8.9,18.4,0.0,6.7,14.2,,,27.0,
2012-06-21,25.9,11.2,18.6,0.0,6.4,13.9,,,38.0,
2012-06-22,29.4,5.8,17.6,0.0,2.2,8.1,,,37.0,
2012-06-23,32.7,7.1,19.9,0.0,2.2,7.5,,,36.0,
2012-06-24,34.4,10.3,22.4,0.0,3.1,7.5,,,25.0,
2012-06-25,36.7,11.5,24.1,0.0,1.7,6.7,,,26.0,
2012-06-26,39.2,13.1,26.2,0.0,1.7,5.8,,,29.0,
2012-06-27,37.9,18.2,28.0,0.0,6.7,16.9,,,20.0,
2012-06-28,33.2,15.5,24.4,0.0,5.6,12.2,,,28.0,
2012-06-29,26.0,11.9,19.0,0.0,5.0,12.2,,,44.0,
2012-06-30,22.5,8.4,15.4,0.0,4.4,11.1,,,48.0,
2012-07-01,24.3,6.2,15.2,0.0,2.5,8.9,,,38.0,
2012-07-02,30.2,6.5,18.4,0.0,1.9,6.9,,,28.0,
2012-07-03,31.5,11.9,21.7,0.0,4.7,10.8,,,30.0,
2012-07-04,27.3,12.8,20.0,0.0,5.3,11.4,,,48.0,
2012-07-05,25.2,11.6,18.4,0.0,4.7,11.1,,,43.0,
2012-07-06,27.1,8.6,17.8,0.0,3.6,9.2,,,44.0,
2012-07-07,27.3,11.1,19.2,0.0,6.1,15.0,,,50.0,
2012-07-08,29.3,6.8,18.0,0.0,2.2,7.2,,,34.0,
2012-07-09,29.7,9.3,19.5,0.0,3.6,11.4,,,40.0,
2012-07-10,28.9,9.1,19.0,0.0,3.3,10.0,,,39.0,
2012-07-11,28.6,8.9,18.8,0.0,4.7,18.3,,,49.0,
2012-07-12,30.7,6.5,18.6,0.0,4.2,11.7,,,36.0,
2012-07-13,30.0,12.1,21.0,0.0,6.1,14.7,,,40.0,
2012-07-14,27.0,12.3,19.6,0.0,4.2,8.9,,,38.0,
2012-07-15,28.2,6.9,17.6,0.0,2.5,7.5,,,37.0,
2012-07-16,33.3,7.6,20.4,0.0,3.1,7.5,,,34.0,
2012-07-17,37.1,8.5,22.8,0.0,2.2,8.6,,,23.0,
2012-07-18,37.5,11.0,24.2,0.0,2.2,9.4,,,22.0,
2012-07-19,35.0,13.5,24.2,0.0,3.1,12.2,,,25.0,
2012-07-20,31.6,11.6,21.6,0.0,2.8,8.3,,,39.0,
2012-07-21,30.8,11.8,21.3,0.0,3.1,7.8,,,40.0,
2012-07-22,31.9,10.3,21.1,0.0,2.8,8.6,,,29.0,
2012-07-23,34.2,10.3,22.2,0.0,2.2,5.3,,,32.0,
2012-07-24,35.7,9.8,22.8,0.0,2.8,12.2,,,27.0,
2012-07-25,32.5,18.2,25.4,4.6,4.2,16.7,,,41.0,
2012-07-26,31.7,15.6,23.6,10.0,2.8,18.3,,,58.0,
2012-07-27,29.3,14.4,21.8,12.0,3.9,17.2,,,70.0,
2012-07-28,29.5,11.7,20.6,0.0,2.5,8.1,,,55.0,
2012-07-29,31.5,12.9,22.2,0.0,3.3,9.4,,,49.0,
2012-07-30,34.0,11.3,22.6,0.0,2.5,8.6,,,29.0,
2012-07-31,34.1,11.7,22.9,0.0,5.6,16.1,,,23.0,
2012-08-01,30.5,12.3,21.4,0.0,5.3,13.9,,,34.0,
2012-08-02,30.5,12.6,21.6,0.0,3.1,9.4,,,35.0,
2012-08-03,31.2,10.3,20.8,0.0,3.1,8.9,,,39.0,
2012-08-04,29.8,13.0,21.4,0.0,3.9,10.8,,,33.0,
2012-08-10,40.0,14.5,27.2,0.0,4.2,15.3,,,23.0,
2012-08-11,34.8,15.2,25.0,0.0,5.0,12.2,,,21.0,
2012-08-12,29.7,12.9,21.3,0.0,3.3,10.3,,,37.0,
2012-08-13,30.0,11.9,21.0,0.0,3.3,6.7,,,41.0,
2012-08-14,31.0,12.7,21.8,0.6,6.4,14.7,,,38.0,
2012-08-15,24.4,13.5,19.0,0.2,5.0,16.4,,,60.0,
2012-08-16,31.5,8.5,20.0,0.0,3.1,9.2,,,38.0,
2012-08-17,36.7,11.6,24.2,0.0,3.9,11.7,,,28.0,
2012-08-18,37.4,15.2,26.3,0.0,3.6,11.4,,,30.0,
2012-08-19,35.2,15.7,25.4,0.0,3.6,13.3,,,31.0,
2012-08-20,35.7,17.2,26.4,0.0,4.4,15.0,,,30.0,
2012-08-21,35.7,15.6,25.6,0.0,4.2,11.7,,,28.0,
2012-08-22,35.8,12.2,24.0,0.0,3.6,13.6,,,28.0,
2012-08-23,31.2,13.5,22.4,0.0,5.3,13.1,,,41.0,
2012-08-24,27.3,12.0,19.6,0.2,5.6,12.8,,,48.0,
2012-08-25,28.8,13.0,20.9,0.0,3.6,9.4,,,44.0,
2012-08-26,30.3,7.2,18.8,0.0,1.4,8.6,,,37.0,
2012-08-27,31.3,8.8,20.0,0.0,5.6,17.5,,,25.0,
2012-08-28,30.0,10.0,20.0,0.0,2.8,8.3,,,35.0,
2012-08-29,28.5,15.3,21.9,0.0,4.4,11.7,,,36.0,
2012-08-30,24.8,10.2,17.5,0.0,4.7,13.3,,,48.0,
2012-08-31,24.8,5.3,15.0,0.0,3.9,10.6,,,41.0,
2012-09-01,23.9,4.6,14.2,0.0,3.3,10.3,,,45.0,
2012-09-02,25.3,4.6,15.0,0.0,4.2,10.3,,,40.0,
2012-09-03,25.2,6.2,15.7,0.0,4.2,11.7,,,47.0,
2012-09-04,27.3,5.7,16.5,0.0,3.9,10.0,,,47.0,
2012-09-05,30.2,5.9,18.0,0.0,1.7,7.2,,,45.0,
2012-09-06,32.9,8.8,20.8,0.0,1.4,7.8,,,39.0,
2012-09-07,34.3,10.8,22.6,0.0,3.1,11.1,,,31.0,
2012-09-08,31.7,11.8,21.8,0.0,2.2,12.8,,,37.0,
2012-09-09,29.9,11.5,20.7,0.0,2.8,10.6,,,52.0,
2012-09-10,27.3,13.9,20.6,0.0,2.8,8.9,,,52.0,
2012-09-11,30.8,10.1,20.4,0.0,1.9,6.7,,,40.0,
2012-09-12,29.9,12.1,21.0,0.0,2.8,11.9,,,43.0,
2012-09-13,24.5,8.6,16.6,0.0,2.8,9.2,,,47.0,
2012-09-14,29.3,3.3,16.3,0.0,1.9,7.5,,,41.0,
2012-09-15,33.6,5.2,19.4,0.0,1.7,6.1,,,27.0,
2012-09-16,33.4,7.5,20.4,0.0,1.1,9.4,,,25.0,
2012-09-17,30.4,13.2,21.8,0.0,3.9,10.0,,,30.0,
2012-09-18,30.3,14.9,22.6,0.0,2.5,10.0,,,41.0,
2012-09-19,27.3,13.2,20.2,0.0,4.2,10.3,,,52.0,
2012-09-20,31.2,9.3,20.2,0.0,2.5,9.2,,,49.0,
2012-09-21,28.9,14.8,21.8,0.0,4.7,10.3,,,51.0,
2012-09-22,29.9,11.5,20.7,0.0,3.9,10.6,,,48.0,
2012-09-23,23.3,14.2,18.8,1.0,7.8,18.6,,,75.0,
2012-09-24,20.8,11.8,16.3,0.0,7.8,15.0,,,56.0,
2012-09-25,18.1,10.0,14.0,14.2,9.4,22.8,,,62.0,
2012-09-26,16.1,7.1,11.6,0.0,3.3,9.7,,,71.0,
2012-09-27,16.6,5.8,11.2,4.2,1.9,6.1,,,71.0,
2012-09-28,15.8,10.9,13.4,5.6,2.8,10.0,,,93.0,
2012-09-29,15.6,6.3,11.0,1.4,6.4,13.3,,,77.0,
2012-09-30,19.0,3.2,11.1,0.0,1.4,7.5,,,68.0,
2012-10-01,22.8,3.7,13.2,0.0,1.4,6.1,,,61.0,
2012-10-02,23.2,7.8,15.5,0.0,2.5,7.5,,,58.0,
2012-10-03,25.2,6.4,15.8,0.0,2.8,8.6,,,52.0,
2012-10-04,26.4,5.9,16.2,0.0,1.7,3.9,,,53.0,
2012-10-05,27.4,6.1,16.8,0.0,1.1,6.1,,,50.0,
2012-10-06,23.2,9.4,16.3,0.0,2.8,8.6,,,64.0,
2012-10-07,29.5,11.4,20.4,0.0,1.4,5.0,,,60.0,
2012-10-08,28.0,13.2,20.6,0.0,2.8,10.8,,,52.0,
2012-10-09,28.9,10.1,19.5,0.0,3.9,8.9,,,65.0,
2012-10-10,26.9,14.5,20.7,0.0,3.6,12.5,,,63.0,
2012-10-11,21.2,12.9,17.0,0.0,6.7,13.6,,,75.0,
2012-10-12,20.4,7.2,13.8,0.0,2.8,7.8,,,60.0,
2012-10-13,19.4,3.0,11.2,0.0,2.5,6.9,,,56.0,
2012-10-14,17.3,3.8,10.6,0.8,8.3,16.4,,,62.0,
2012-10-15,17.2,1.0,9.1,0.0,2.8,6.1,,,61.0,
2012-10-16,20.8,4.1,12.4,0.0,4.4,12.5,,,53.0,
2012-10-17,21.9,5.7,13.8,10.0,6.4,15.8,,,61.0,
2012-10-18,12.7,8.2,10.4,33.6,4.4,8.9,,,97.0,
2012-10-19,14.0,6.3,10.2,0.0,1.7,6.4,,,81.0,
2012-10-20,17.7,4.3,11.0,0.0,1.9,4.7,,,79.0,
2012-10-21,18.2,3.0,10.6,0.0,1.7,7.8,,,73.0,
2012-10-22,21.6,6.1,13.8,0.0,1.4,3.9,,,76.0,
2012-10-23,23.6,8.4,16.0,0.0,1.7,5.8,,,75.0,
2012-10-24,18.9,7.7,13.3,4.2,5.0,11.9,,,74.0,
2012-10-25,18.3,5.6,12.0,2.2,3.6,10.8,,,83.0,
2012-10-26,16.7,9.3,13.0,2.6,1.4,5.8,,,87.0,
2012-10-27,13.4,2.5,8.0,0.0,4.2,10.8,,,79.0,
2012-10-28,9.8,-2.2,3.8,0.0,1.4,7.5,,,79.0,
2012-10-29,13.9,-2.2,5.8,1.4,0.8,3.9,,,71.0,
2012-10-30,6.3,2.1,4.2,15.8,3.1,8.1,,,96.0,
2012-10-31,11.1,4.9,8.0,0.0,1.9,9.2,,,86.0,
2012-11-01,12.4,7.4,9.9,1.6,8.1,15.6,,,81.0,
2012-11-02,14.8,8.6,11.7,0.0,5.3,12.2,,,86.0,
2012-11-03,17.9,7.2,12.6,6.0,5.0,14.4,,,87.0,
2012-11-04,13.7,3.7,8.7,2.6,4.2,12.8,,,87.0,
2012-11-05,11.4,2.9,7.2,0.0,4.2,10.0,,,81.0,
2012-11-06,11.8,1.0,6.4,0.0,3.6,11.4,,,74.0,
2012-11-07,10.8,-1.5,4.6,2.6,4.2,13.1,,,78.0,
2012-11-08,13.0,10.5,11.8,13.8,6.7,13.6,,,91.0,
2012-11-09,13.6,8.9,11.2,6.6,1.9,8.3,,,96.0,
2012-11-10,11.4,4.8,8.1,2.0,5.0,17.5,,,89.0,
2012-11-11,8.9,0.9,4.9,0.0,3.9,9.2,,,81.0,
2012-11-12,10.5,-1.0,4.8,0.0,1.9,7.5,,,85.0,
2012-11-13,12.7,-1.9,5.4,0.0,0.8,4.2,,,84.0,
2012-11-14,18.3,1.3,9.8,0.0,1.9,6.7,,,82.0,
2012-11-15,16.0,8.8,12.4,0.0,4.2,11.9,,,82.0,
2012-11-16,15.8,5.4,10.6,0.0,5.0,14.2,,,79.0,
2012-11-17,14.3,6.8,10.6,1.0,2.8,11.4,,,85.0,
2012-11-18,13.3,2.4,7.8,0.2,2.8,8.6,,,82.0,
2012-11-19,14.7,0.4,7.6,0.0,1.7,7.2,,,84.0,
2012-11-20,13.6,2.3,8.0,0.2,1.7,6.9,,,89.0,
2012-11-21,11.3,-0.3,5.5,0.0,2.5,11.7,,,78.0,
2012-11-22,12.9,-2.8,5.0,0.2,0.6,5.0,,,82.0,
2012-11-23,16.3,-0.9,7.7,0.0,0.8,4.7,,,77.0,
2012-11-24,14.4,6.4,10.4,4.4,3.9,11.9,,,80.0,
2012-11-25,14.5,9.1,11.8,7.6,1.7,9.4,,,90.0,
2012-11-26,11.0,1.0,6.0,0.2,3.3,10.3,,,84.0,
2012-11-27,6.4,-0.9,2.8,2.0,4.2,10.3,,,92.0,
2012-11-28,8.3,-1.5,3.4,0.0,5.3,11.1,,,82.0,
2012-11-29,8.4,-1.7,3.4,0.0,2.8,9.4,,,79.0,
2012-11-30,4.8,-0.2,2.3,0.2,2.8,9.4,,,85.0,
2012-12-01,4.7,-3.6,0.6,0.0,2.2,6.7,,,86.0,
2012-12-02,9.4,-4.5,2.4,0.0,1.1,2.8,,,84.0,
2012-12-03,10.3,-3.6,3.4,0.8,1.7,8.9,,,77.0,
2012-12-04,11.0,2.1,6.6,0.0,7.2,12.2,,,78.0,
2012-12-05,8.9,-0.1,4.4,0.0,5.8,11.7,,,80.0,
2012-12-06,10.6,0.6,5.6,0.6,2.2,5.8,,,82.0,
2012-12-07,12.1,2.8,7.4,0.2,1.1,5.3,,,89.0,
2012-12-08,9.3,-2.0,3.6,0.0,1.1,6.1,,,96.0,
2012-12-09,5.1,-4.6,0.2,0.0,0.6,2.5,,,99.0,
2012-12-10,0.8,-5.3,-2.2,0.2,0.3,3.6,,,100.0,
2012-12-11,1.2,-0.9,0.2,0.0,1.1,4.7,,,99.0,
2012-12-12,4.5,-1.2,1.6,1.0,1.1,5.0,,,90.0,
2012-12-13,8.8,2.0,5.4,0.4,8.3,16.7,,,89.0,
2012-12-14,13.6,8.6,11.1,1.4,12.2,24.4,,,78.0,
2012-12-15,11.5,7.1,9.3,0.0,6.7,14.7,,,83.0,
2012-12-16,12.4,6.9,9.6,0.4,8.3,16.4,,,91.0,
2012-12-17,11.4,1.7,6.6,0.0,5.3,9.4,,,85.0,
2012-12-18,11.5,1.0,6.2,2.0,2.8,7.2,,,95.0,
2012-12-19,13.1,6.3,9.7,0.2,3.3,8.3,,,87.0,
2012-12-20,11.0,7.1,9.0,0.0,6.7,13.6,,,78.0,
2012-12-21,14.1,8.0,11.0,0.0,7.5,14.7,,,87.0,
2012-12-22,16.1,6.6,11.4,0.0,2.5,6.9,,,85.0,
2012-12-23,15.3,3.8,9.6,0.0,1.1,4.2,,,84.0,
2012-12-24,15.9,2.3,9.1,0.2,4.2,11.1,,,64.0,
2012-12-25,8.5,0.9,4.7,1.2,3.6,7.8,,,92.0,
2012-12-26,9.8,-1.0,4.4,0.0,1.1,5.0,,,97.0,
2012-12-27,7.6,-0.6,3.5,0.2,3.9,6.7,,,95.0,
2012-12-28,10.7,-1.9,4.4,0.2,2.2,5.6,,,98.0,
2012-12-29,8.4,-3.2,2.6,0.2,4.4,14.4,,,91.0,
2012-12-30,9.9,1.6,5.8,0.0,3.6,8.3,,,87.0,
2012-12-31,7.8,4.0,5.9,2.6,5.3,13.6,,,81.0,
2013-01-01,11.0,1.5,6.2,0.0,3.3,10.6,,,85.0,
2013-01-02,11.0,-0.9,5.0,0.0,0.8,7.5,,,83.0,
2013-01-03,10.6,-0.5,5.0,0.0,1.4,4.7,,,84.0,
2013-01-04,11.6,-3.4,4.1,0.0,0.8,4.2,,,79.0,
2013-01-05,13.5,-2.4,5.6,0.2,1.1,2.8,,,89.0,
2013-01-06,2.4,-2.9,-0.2,0.2,1.1,3.1,,,100.0,
2013-01-07,9.4,-4.1,2.6,0.2,1.1,3.1,,,92.0,
2013-01-08,7.3,-3.3,2.0,0.0,1.1,3.6,,,88.0,
2013-01-09,11.2,-1.3,5.0,0.0,3.9,10.8,,,91.0,
2013-01-10,13.4,4.2,8.8,0.0,3.6,9.7,,,82.0,
2013-01-11,11.7,2.4,7.0,2.4,2.2,9.7,,,87.0,
2013-01-12,8.4,2.1,5.2,3.8,6.9,14.7,,,90.0,
2013-01-13,6.9,-0.6,3.2,0.2,7.5,12.5,,,90.0,
2013-01-14,7.1,-1.9,2.6,0.0,4.7,9.7,,,87.0,
2013-01-15,7.7,0.2,4.0,1.8,5.8,11.4,,,86.0,
2013-01-16,9.1,4.1,6.6,0.2,8.9,18.3,,,94.0,
2013-01-17,9.4,2.9,6.2,3.4,4.4,11.4,,,92.0,
2013-01-18,13.1,9.4,11.2,14.2,9.4,18.6,,,90.0,
2013-01-19,11.2,2.5,6.8,1.6,7.8,20.3,,,82.0,
2013-01-20,6.1,0.6,3.4,1.0,7.5,14.2,,,90.0,
2013-01-21,6.6,0.5,3.6,0.4,6.4,13.1,,,76.0,
2013-01-22,3.5,-0.1,1.7,2.4,9.4,19.2,,,92.0,
2013-01-23,6.6,-1.2,2.7,0.8,6.9,14.7,,,92.0,
2013-01-24,10.4,0.0,5.2,0.8,6.1,18.1,,,76.0,
2013-01-25,8.7,0.1,4.4,0.4,1.7,9.2,,,89.0,
2013-01-26,13.5,5.4,9.4,0.0,3.6,9.2,,,81.0,
2013-01-27,9.5,1.4,5.4,0.6,8.3,19.4,,,86.0,
2013-01-28,9.8,0.1,5.0,0.0,2.8,8.6,,,85.0,
2013-01-29,13.6,-0.2,6.7,0.0,1.4,4.2,,,80.0,
2013-01-30,14.6,2.6,8.6,0.0,3.3,6.7,,,83.0,
2013-01-31,16.0,2.0,9.0,0.0,0.8,6.7,,,80.0,
2013-02-01,14.0,2.7,8.4,0.6,7.8,17.5,,,78.0,
2013-02-02,8.5,-1.4,3.6,0.2,6.9,13.3,,,74.0,
2013-02-03,9.5,-2.8,3.4,0.0,1.1,5.3,,,72.0,
2013-02-04,14.1,-2.1,6.0,0.0,1.1,4.7,,,71.0,
2013-02-05,12.9,0.5,6.7,0.0,2.8,10.3,,,79.0,
2013-02-06,9.2,-1.5,3.8,0.0,6.4,16.7,,,69.0,
2013-02-07,8.7,-2.3,3.2,0.0,4.4,10.3,,,62.0,
2013-02-08,9.9,-3.3,3.3,0.0,6.4,16.7,,,67.0,
2013-02-09,10.3,-2.7,3.8,0.0,2.2,5.6,,,70.0,
2013-02-10,10.3,1.1,5.7,1.6,10.6,19.2,,,74.0,
2013-02-11,6.1,-0.5,2.8,0.0,9.2,15.0,,,73.0,
2013-02-12,9.4,-1.4,4.0,0.0,5.6,10.0,,,74.0,
2013-02-13,15.0,1.2,8.1,0.0,4.4,10.8,,,72.0,
2013-02-14,15.3,-3.1,6.1,0.0,1.1,4.2,,,75.0,
2013-02-15,15.1,-3.2,6.0,0.0,1.4,6.4,,,75.0,
2013-02-16,16.1,-1.8,7.2,0.0,1.1,5.8,,,76.0,
2013-02-17,11.1,-1.1,5.0,3.4,1.9,9.2,,,88.0,
2013-02-18,11.8,4.2,8.0,0.0,1.7,5.6,,,85.0,
2013-02-19,12.2,3.2,7.7,0.4,4.7,11.9,,,82.0,
2013-02-20,14.9,2.7,8.8,0.0,1.9,8.9,,,85.0,
2013-02-21,12.5,5.4,9.0,3.2,5.0,13.1,,,82.0,
2013-02-22,9.3,3.8,6.6,6.2,5.0,12.2,,,86.0,
2013-02-23,4.2,-2.3,1.0,0.8,2.5,12.2,,,76.0,
2013-02-24,6.8,-2.4,2.2,0.0,4.4,10.6,,,73.0,
2013-02-25,7.4,-4.9,1.2,0.0,1.7,8.6,,,73.0,
2013-02-26,8.5,-4.8,1.8,0.4,2.8,6.7,,,70.0,
2013-02-27,4.1,0.7,2.4,0.6,5.6,12.5,,,86.0,
2013-02-28,5.8,-1.4,2.2,0.0,6.1,13.3,,,78.0,
2013-03-01,8.5,-1.8,3.4,0.0,3.6,9.7,,,73.0,
2013-03-02,13.1,-5.4,3.8,0.0,1.4,4.4,,,76.0,
2013-03-03,13.6,2.5,8.0,0.0,5.8,11.9,,,58.0,
2013-03-04,11.5,4.6,8.0,0.2,7.5,19.2,,,71.0,
2013-03-05,13.8,6.3,10.0,0.2,6.1,12.5,,,77.0,
2013-03-06,15.2,5.8,10.5,5.0,6.7,17.5,,,81.0,
2013-03-07,16.6,6.1,11.4,4.2,10.0,28.6,,,78.0,
2013-03-08,11.3,3.3,7.3,11.2,4.2,12.5,,,90.0,
2013-03-09,12.3,4.2,8.2,0.2,6.9,13.9,,,78.0,
2013-03-10,11.6,4.4,8.0,0.2,6.1,14.2,,,77.0,
2013-03-11,11.1,4.1,7.6,0.4,8.9,19.2,,,80.0,
2013-03-12,10.5,0.6,5.6,1.6,6.7,16.1,,,74.0,
2013-03-13,5.6,-2.0,1.8,1.0,5.8,16.4,,,74.0,
2013-03-14,10.0,-3.0,3.5,0.0,4.2,11.1,,,60.0,
2013-03-15,12.2,-3.6,4.3,0.0,0.8,6.1,,,61.0,
2013-03-16,9.3,3.7,6.5,7.6,4.4,11.1,,,76.0,
2013-03-17,10.7,1.0,5.8,9.6,2.2,7.2,,,88.0,
2013-03-18,10.2,0.9,5.6,0.0,6.9,14.7,,,71.0,
2013-03-19,10.0,-0.6,4.7,3.8,1.4,8.1,,,80.0,
2013-03-20,11.3,0.3,5.8,0.2,3.3,9.2,,,72.0,
2013-03-21,18.6,0.9,9.8,0.0,2.5,8.6,,,67.0,
2013-03-22,12.2,4.1,8.2,3.6,6.4,16.9,,,79.0,
2013-03-23,13.7,1.8,7.8,3.4,1.4,10.6,,,77.0,
2013-03-24,11.1,2.4,6.8,0.8,5.3,13.9,,,85.0,
2013-03-25,12.4,3.2,7.8,2.6,9.4,18.9,,,85.0,
2013-03-26,12.6,7.8,10.2,23.6,5.3,15.0,,,95.0,
2013-03-27,15.0,6.5,10.8,5.2,4.2,11.7,,,83.0,
2013-03-28,14.1,7.4,10.8,1.0,5.0,12.2,,,85.0,
2013-03-29,16.4,8.8,12.6,6.4,11.7,20.8,,,80.0,
2013-03-30,14.7,5.2,10.0,0.0,6.7,13.3,,,76.0,
2013-03-31,14.7,5.2,10.0,14.0,3.6,18.3,,,86.0,
2013-04-01,12.2,5.1,8.6,3.4,7.8,16.7,,,79.0,
2013-04-02,12.6,4.3,8.4,0.2,5.6,13.6,,,77.0,
2013-04-03,11.9,0.7,6.3,0.6,3.1,11.4,,,81.0,
2013-04-04,12.7,3.0,7.8,6.4,3.1,11.4,,,87.0,
2013-04-05,9.0,0.0,4.5,0.0,3.6,12.2,,,67.0,
2013-04-06,9.8,-2.2,3.8,0.0,4.7,10.3,,,62.0,
2013-04-07,11.1,-1.4,4.8,1.0,3.9,12.5,,,75.0,
2013-04-08,11.6,4.3,8.0,0.0,5.6,13.3,,,75.0,
2013-04-09,12.9,5.4,9.2,2.4,7.2,13.6,,,81.0,
2013-04-10,16.2,5.9,11.0,0.0,7.8,16.4,,,81.0,
2013-04-11,13.7,5.3,9.5,0.6,10.6,19.2,,,70.0,
2013-04-12,14.7,1.7,8.2,0.0,5.0,11.1,,,68.0,
2013-04-13,22.7,1.6,12.2,0.0,1.1,4.7,,,59.0,
2013-04-14,24.1,5.4,14.8,0.0,3.1,8.9,,,59.0,
2013-04-15,21.9,8.5,15.2,0.0,3.6,10.6,,,62.0,
2013-04-16,24.7,5.5,15.1,0.0,1.1,4.2,,,60.0,
2013-04-17,26.0,5.7,15.8,0.0,2.8,10.8,,,55.0,
2013-04-18,22.9,7.7,15.3,0.0,3.1,8.9,,,58.0,
2013-04-19,14.4,3.6,9.0,0.0,6.1,13.9,,,52.0,
2013-04-20,17.8,-1.8,8.0,0.0,2.5,7.5,,,50.0,
2013-04-21,19.1,-0.9,9.1,0.0,1.7,6.4,,,51.0,
2013-04-22,15.6,1.6,8.6,0.0,4.4,13.1,,,49.0,
2013-04-23,21.0,1.1,11.0,0.0,1.9,6.9,,,51.0,
2013-04-24,23.8,3.6,13.7,0.0,3.1,8.9,,,44.0,
2013-04-25,22.2,4.2,13.2,0.0,4.4,13.6,,,46.0,
2013-04-26,18.2,5.9,12.0,4.6,1.9,11.9,,,82.0,
2013-04-27,11.1,0.6,5.8,0.0,4.4,14.7,,,70.0,
2013-04-28,9.7,-2.4,3.6,4.2,7.2,15.6,,,61.0,
2013-04-29,7.1,2.9,5.0,5.6,8.6,15.6,,,85.0,
2013-04-30,8.9,3.4,6.2,1.8,3.3,8.1,,,85.0,
2013-05-01,14.8,3.1,9.0,0.2,1.4,6.1,,,69.0,
2013-05-02,16.4,3.9,10.2,0.0,2.2,6.4,,,61.0,
2013-05-03,17.4,1.9,9.6,0.0,2.5,8.3,,,56.0,
2013-05-04,21.4,0.6,11.0,0.0,1.4,5.3,,,52.0,
2013-05-05,24.0,2.7,13.4,0.0,1.1,6.1,,,46.0,
2013-05-06,21.7,7.4,14.6,0.2,5.6,13.3,,,49.0,
2013-05-07,20.8,11.4,16.1,0.0,3.3,8.9,,,60.0,
2013-05-08,21.0,12.3,16.6,0.0,2.2,6.9,,,65.0,
2013-05-09,17.6,12.0,14.8,0.8,3.1,11.4,,,91.0,
2013-05-10,21.8,6.5,14.2,0.0,2.5,7.5,,,67.0,
2013-05-11,20.9,3.0,12.0,0.0,2.5,6.4,,,53.0,
2013-05-12,21.4,2.1,11.8,0.0,2.8,6.7,,,52.0,
2013-05-13,26.0,2.2,14.1,0.0,2.5,6.9,,,44.0,
2013-05-14,24.3,5.5,14.9,4.4,5.3,13.9,,,47.0,
2013-05-15,13.9,6.1,10.0,2.8,4.7,13.9,,,70.0,
2013-05-16,13.6,3.4,8.5,3.2,6.1,14.7,,,63.0,
2013-05-17,10.6,4.0,7.3,5.6,4.4,13.9,,,82.0,
2013-05-18,12.0,4.1,8.0,3.4,6.9,15.0,,,77.0,
2013-05-19,14.1,4.1,9.1,0.6,5.0,8.6,,,68.0,
2013-05-20,14.8,3.7,9.2,1.0,1.7,8.1,,,68.0,
2013-05-21,13.9,0.8,7.4,0.0,1.9,8.1,,,67.0,
2013-05-22,19.6,2.4,11.0,0.0,1.7,7.5,,,63.0,
2013-05-23,21.3,3.6,12.4,0.0,1.9,7.2,,,53.0,
2013-05-24,20.4,3.2,11.8,0.0,3.3,8.1,,,41.0,
2013-05-25,21.7,2.4,12.0,0.0,3.3,7.2,,,44.0,
2013-05-26,23.1,2.6,12.8,0.0,3.6,10.8,,,47.0,
2013-05-27,18.6,7.0,12.8,0.8,4.7,11.7,,,55.0,
2013-05-28,17.6,3.7,10.6,0.0,5.6,11.7,,,51.0,
2013-05-29,16.0,2.5,9.2,7.0,7.2,15.0,,,69.0,
2013-05-30,17.9,1.7,9.8,0.0,3.1,8.9,,,57.0,
2013-05-31,19.8,2.1,11.0,0.0,3.6,9.4,,,52.0,
2013-06-01,20.0,1.8,10.9,0.0,3.1,10.8,,,51.0,
2013-06-02,20.6,4.8,12.7,0.0,4.7,11.4,,,54.0,
2013-06-03,24.1,2.6,13.4,0.0,1.9,6.1,,,48.0,
2013-06-04,26.8,2.1,14.4,0.0,1.4,5.6,,,40.0,
2013-06-05,28.3,7.0,17.6,0.0,2.2,18.1,,,32.0,
2013-06-06,24.7,10.0,17.4,1.6,3.6,15.6,,,58.0,
2013-06-07,17.2,8.6,12.9,6.4,2.2,12.5,,,79.0,
2013-06-08,18.1,7.3,12.7,0.0,6.1,11.9,,,66.0,
2013-06-09,19.6,10.6,15.1,6.6,4.7,10.3,,,75.0,
2013-06-10,22.7,10.8,16.8,0.0,3.6,10.0,,,66.0,
2013-06-11,25.7,12.6,19.2,0.0,3.9,8.3,,,56.0,
2013-06-12,31.8,10.9,21.4,0.0,2.5,8.3,,,49.0,
2013-06-13,30.1,12.4,21.2,0.0,3.6,10.6,,,47.0,
2013-06-14,29.9,9.7,19.8,0.0,3.9,10.3,,,45.0,
2013-06-15,31.5,10.0,20.8,0.0,2.5,8.1,,,31.0,
2013-06-16,32.4,10.7,21.6,1.8,5.3,15.3,,,29.0,
2013-06-17,19.6,10.3,15.0,2.2,6.1,14.4,,,58.0,
2013-06-18,20.4,9.0,14.7,19.4,3.6,9.7,,,75.0,
2013-06-19,17.9,8.5,13.2,0.2,1.7,6.4,,,73.0,
2013-06-20,25.2,7.2,16.2,0.0,3.6,8.6,,,53.0,
2013-06-21,25.4,10.4,17.9,0.0,2.5,7.2,,,54.0,
2013-06-22,29.9,8.5,19.2,0.0,1.4,6.1,,,45.0,
2013-06-23,25.3,11.3,18.3,0.0,4.2,8.9,,,51.0,
2013-06-24,27.7,4.3,16.0,0.0,3.3,8.3,,,36.0,
2013-06-25,29.2,6.5,17.8,0.0,3.9,9.4,,,35.0,
2013-06-26,28.9,6.6,17.8,0.0,3.1,7.5,,,40.0,
2013-06-27,27.6,7.7,17.6,0.0,5.0,10.6,,,43.0,
2013-06-28,28.5,6.2,17.4,0.0,3.6,11.1,,,34.0,
2013-06-29,31.2,8.0,19.6,0.0,4.7,10.3,,,37.0,
2013-06-30,33.6,9.3,21.4,0.0,1.7,6.9,,,33.0,
2013-07-01,33.6,10.7,22.2,0.0,3.9,12.2,,,42.0,
2013-07-02,31.9,13.0,22.4,0.0,3.9,17.2,,,36.0,
2013-07-03,32.2,12.8,22.5,0.0,2.8,9.4,,,39.0,
2013-07-04,34.2,14.5,24.4,0.0,4.2,10.8,,,40.0,
2013-07-05,36.4,13.5,25.0,0.0,3.1,7.2,,,33.0,
2013-07-06,37.6,14.0,25.8,0.0,3.1,8.6,,,33.0,
2013-07-07,36.7,14.4,25.6,0.0,2.5,8.6,,,29.0,
2013-07-08,36.7,11.7,24.2,0.0,2.5,8.6,,,29.0,
2013-07-09,37.0,13.4,25.2,0.0,2.5,9.4,,,29.0,
2013-07-10,34.9,18.0,26.4,0.0,3.6,9.7,,,32.0,
2013-07-11,34.9,15.1,25.0,0.0,3.1,9.7,,,36.0,
2013-07-12,36.4,17.1,26.8,0.0,3.3,10.0,,,33.0,
2013-07-13,34.5,15.1,24.8,0.0,4.4,17.8,,,37.0,
2013-07-14,33.0,12.0,22.5,2.6,4.4,13.3,,,43.0,
2013-07-15,30.8,13.7,22.2,4.2,3.1,13.1,,,50.0,
2013-07-16,32.0,15.3,23.6,0.0,3.6,12.2,,,43.0,
2013-07-17,31.8,13.1,22.4,0.0,3.1,8.9,,,44.0,
2013-07-18,32.8,12.7,22.8,0.0,2.8,10.6,,,41.0,
2013-07-19,34.3,11.8,23.0,0.0,2.8,9.4,,,29.0,
2013-07-20,33.6,15.7,24.6,0.0,3.9,13.1,,,30.0,
2013-07-26,32.0,14.6,23.3,0.2,5.6,14.2,,,41.0,
2013-07-27,24.3,14.7,19.5,0.2,5.6,15.8,,,47.0,
2013-07-28,24.6,10.7,17.6,0.6,3.9,16.9,,,61.0,
2013-07-29,28.0,9.4,18.7,0.0,2.2,7.8,,,49.0,
2013-07-30,34.1,10.0,22.0,0.0,1.7,8.3,,,31.0,
2013-07-31,37.1,12.7,24.9,0.0,4.4,13.6,,,23.0,
2013-08-01,35.6,15.8,25.7,0.0,4.7,12.2,,,24.0,
2013-08-02,30.6,13.4,22.0,0.0,5.0,14.2,,,36.0,
2013-08-03,29.3,8.7,19.0,0.0,2.8,8.9,,,34.0,
2013-08-04,33.7,9.0,21.4,0.0,1.7,6.7,,,32.0,
2013-08-05,31.6,14.3,23.0,0.0,3.9,8.6,,,32.0,
2013-08-06,26.7,12.1,19.4,0.0,4.2,10.0,,,46.0,
2013-08-07,26.6,11.7,19.2,0.0,4.7,13.1,,,44.0,
2013-08-08,28.1,8.0,18.0,0.0,3.1,8.9,,,44.0,
2013-08-09,33.0,9.0,21.0,0.0,2.2,6.4,,,38.0,
2013-08-10,35.0,11.0,23.0,0.0,1.4,6.4,,,32.0,
2013-08-11,37.5,9.7,23.6,0.0,2.2,7.8,,,28.0,
2013-08-12,34.1,17.2,25.6,1.0,3.9,16.9,,,39.0,
2013-08-13,33.6,14.2,23.9,0.0,3.9,10.3,,,48.0,
2013-08-14,35.2,12.6,23.9,0.0,1.9,8.1,,,41.0,
2013-08-15,36.1,13.0,24.6,0.0,2.2,8.1,,,33.0,
2013-08-16,33.8,15.2,24.5,0.0,3.9,13.3,,,27.0,
2013-08-17,32.1,11.7,21.9,0.0,2.2,8.9,,,40.0,
2013-08-18,35.2,12.6,23.9,0.0,2.8,15.6,,,29.0,
2013-08-19,34.3,14.9,24.6,0.0,3.3,11.1,,,38.0,
2013-08-20,35.8,11.3,23.6,0.0,2.8,6.4,,,38.0,
2013-08-21,37.7,13.0,25.4,0.0,3.1,10.0,,,26.0,
2013-08-22,33.9,15.3,24.6,0.0,5.0,14.2,,,17.0,
2013-08-23,33.1,13.5,23.3,0.0,2.5,8.3,,,34.0,
2013-08-24,29.6,11.9,20.8,0.0,4.4,12.8,,,46.0,
2013-08-25,28.1,7.2,17.6,0.0,2.8,6.9,,,43.0,
2013-08-26,27.2,8.7,18.0,0.0,4.2,8.9,,,46.0,
2013-08-27,28.6,7.9,18.2,0.0,2.5,9.2,,,45.0,
2013-08-28,26.9,11.1,19.0,0.0,5.0,12.5,,,45.0,
2013-08-29,28.2,7.6,17.9,0.0,3.3,8.6,,,45.0,
2013-08-30,28.6,8.0,18.3,0.0,1.9,6.9,,,47.0,
2013-08-31,29.2,7.4,18.3,0.0,2.5,8.3,,,40.0,
2013-09-01,30.0,6.4,18.2,0.0,3.3,8.1,,,42.0,
2013-09-02,32.6,8.2,20.4,0.0,1.7,6.4,,,40.0,
2013-09-03,32.8,7.6,20.2,0.0,1.1,5.8,,,27.0,
2013-09-04,34.4,9.7,22.0,0.2,1.4,6.4,,,25.0,
2013-09-05,27.7,11.6,19.6,0.0,4.2,16.9,,,59.0,
2013-09-06,26.6,8.7,17.6,0.0,3.6,10.0,,,51.0,
2013-09-07,25.9,10.7,18.3,4.2,2.2,19.7,,,69.0,
2013-09-08,23.7,8.7,16.2,0.0,1.9,8.3,,,62.0,
2013-09-09,27.9,5.9,16.9,0.0,1.7,5.8,,,44.0,
2013-09-10,29.1,8.2,18.6,0.8,1.7,10.3,,,46.0,
2013-09-11,23.6,8.8,16.2,0.0,4.4,10.6,,,44.0,
2013-09-12,27.2,4.0,15.6,0.0,1.1,6.1,,,45.0,
2013-09-13,28.5,7.0,17.8,0.0,2.2,8.6,,,48.0,
2013-09-14,30.7,6.7,18.7,0.0,1.1,9.7,,,37.0,
2013-09-15,26.5,10.0,18.2,0.0,2.8,8.1,,,51.0,
2013-09-16,29.3,5.9,17.6,0.0,2.2,8.3,,,37.0,
2013-09-17,25.2,8.0,16.6,0.0,2.2,6.4,,,48.0,
2013-09-18,27.4,6.5,17.0,0.0,1.9,7.5,,,49.0,
2013-09-19,26.4,9.0,17.7,0.0,1.4,8.1,,,46.0,
2013-09-20,27.7,7.6,17.6,0.0,1.9,6.1,,,50.0,
2013-09-21,29.4,9.8,19.6,0.0,1.9,6.4,,,49.0,
2013-09-22,31.3,7.2,19.2,0.0,1.7,6.7,,,39.0,
2013-09-23,32.6,9.6,21.1,0.0,1.7,6.9,,,35.0,
2013-09-25,29.2,14.4,21.8,0.0,2.2,6.4,,,60.0,
2013-09-26,29.8,10.9,20.4,0.0,4.2,13.9,,,52.0,
2013-09-27,24.9,13.4,19.2,9.6,4.7,13.3,,,67.0,
2013-09-28,17.0,12.8,14.9,20.6,5.6,13.3,,,87.0,
2013-09-29,19.8,12.9,16.4,0.8,6.1,13.3,,,82.0,
2013-09-30,22.1,15.4,18.8,0.8,4.4,9.2,,,83.0,
2013-10-01,22.0,15.8,18.9,1.0,6.4,15.3,,,74.0,
2013-10-02,27.0,16.2,21.6,0.2,1.1,11.1,,,80.0,
2013-10-03,24.4,15.1,19.8,13.2,5.6,13.9,,,66.0,
2013-10-04,21.7,11.1,16.4,0.0,2.8,9.7,,,71.0,
2013-10-05,23.3,8.3,15.8,0.0,1.7,4.7,,,67.0,
2013-10-06,22.0,6.0,14.0,0.0,2.2,6.7,,,71.0,
2013-10-07,22.4,4.1,13.2,0.0,1.1,5.3,,,68.0,
2013-10-08,22.7,3.4,13.0,0.0,1.4,5.8,,,61.0,
2013-10-09,21.9,3.7,12.8,0.0,1.4,5.3,,,70.0,
2013-10-10,21.6,3.3,12.4,0.0,1.4,6.1,,,66.0,
2013-10-11,20.1,3.4,11.8,0.0,2.2,6.1,,,68.0,
2013-10-12,21.7,2.7,12.2,0.0,1.1,5.6,,,62.0,
2013-10-13,18.9,8.8,13.8,0.0,2.8,6.9,,,66.0,
2013-10-14,20.8,12.0,16.4,0.2,2.8,9.7,,,77.0,
2013-10-15,20.4,12.8,16.6,0.0,5.6,11.7,,,75.0,
2013-10-16,23.2,11.4,17.3,0.0,3.3,9.7,,,71.0,
2013-10-17,27.3,8.4,17.8,0.0,0.6,6.4,,,64.0,
2013-10-18,24.4,6.2,15.3,0.0,3.3,10.6,,,59.0,
2013-10-19,21.3,10.7,16.0,0.0,6.1,15.6,,,61.0,
2013-10-20,19.9,8.0,14.0,0.0,3.6,9.7,,,68.0,
2013-10-21,21.4,8.3,14.8,2.0,4.2,11.1,,,61.0,
2013-10-22,17.1,11.2,14.2,1.6,5.6,13.9,,,80.0,
2013-10-23,19.2,8.9,14.0,1.2,3.9,10.6,,,77.0,
2013-10-24,19.5,12.4,16.0,13.0,7.8,17.8,,,83.0,
2013-10-25,16.0,10.2,13.1,11.2,2.5,7.5,,,92.0,
2013-10-26,18.8,7.6,13.2,0.0,1.4,7.2,,,81.0,
2013-10-27,21.1,6.1,13.6,0.0,0.8,6.4,,,74.0,
2013-10-28,16.9,6.1,11.5,0.0,4.7,10.0,,,79.0,
2013-10-29,13.0,2.6,7.8,0.0,2.5,7.8,,,74.0,
2013-10-30,13.1,0.0,6.6,0.0,1.7,5.8,,,77.0,
2013-10-31,17.8,-1.2,8.3,0.0,0.3,5.8,,,73.0,
2013-11-01,16.7,3.6,10.2,0.0,3.1,10.0,,,75.0,
2013-11-02,19.0,9.0,14.0,0.0,5.0,11.1,,,79.0,
2013-11-03,16.2,7.2,11.7,0.4,3.3,8.3,,,76.0,
2013-11-04,16.5,7.9,12.2,0.0,9.7,19.2,,,84.0,
2013-11-05,19.9,12.0,16.0,0.0,6.7,13.6,,,77.0,
2013-11-06,20.9,11.5,16.2,0.0,1.1,6.7,,,88.0,
2013-11-07,16.0,8.8,12.4,0.0,3.1,8.3,,,77.0,
2013-11-08,15.8,2.9,9.4,0.0,6.1,14.4,,,77.0,
2013-11-09,13.1,1.0,7.0,0.0,4.4,11.7,,,78.0,
2013-11-10,17.7,6.2,12.0,0.0,3.1,8.3,,,76.0,
2013-11-11,16.8,1.8,9.3,0.0,1.4,5.8,,,78.0,
2013-11-12,16.2,1.5,8.8,0.0,1.1,6.4,,,93.0,
2013-11-13,15.8,5.3,10.6,0.0,3.9,12.8,,,78.0,
2013-11-14,13.4,-0.2,6.6,0.0,3.9,10.3,,,64.0,
2013-11-15,8.8,-2.8,3.0,1.2,4.2,12.2,,,78.0,
2013-11-16,4.6,0.1,2.4,6.2,3.6,9.2,,,91.0,
2013-11-17,6.9,4.0,5.4,2.8,3.6,7.5,,,94.0,
2013-11-18,10.5,1.4,6.0,0.0,3.1,6.7,,,90.0,
2013-11-19,12.4,-0.7,5.8,1.8,2.5,11.1,,,85.0,
2013-11-20,10.3,-2.1,4.1,0.2,1.9,6.4,,,75.0,
2013-11-21,8.7,-1.5,3.6,0.0,6.1,11.9,,,81.0,
2013-11-22,11.8,-2.7,4.6,0.0,0.8,6.4,,,82.0,
2013-11-23,7.9,-5.5,1.2,0.0,1.4,6.1,,,79.0,
2013-11-24,9.3,-3.4,3.0,0.0,4.7,13.3,,,77.0,
2013-11-25,9.3,0.7,5.0,0.0,3.6,12.5,,,72.0,
2013-11-26,7.0,-1.5,2.8,0.0,4.4,12.2,,,71.0,
2013-11-27,7.7,-6.8,0.4,0.0,2.2,12.5,,,71.0,
2013-11-28,8.6,-5.7,1.4,0.0,1.9,6.9,,,71.0,
2013-11-29,6.4,-7.7,-0.6,0.0,1.7,7.8,,,82.0,
2013-11-30,9.1,-4.3,2.4,0.0,1.4,11.7,,,83.0,
2013-12-01,8.1,-4.6,1.8,0.0,3.9,10.8,,,68.0,
2013-12-02,9.3,-6.8,1.2,0.0,0.6,3.9,,,81.0,
2013-12-03,11.5,-7.4,2.0,0.0,1.1,5.0,,,66.0,
2013-12-04,13.7,-5.0,4.4,0.0,0.8,3.1,,,74.0,
2013-12-05,5.4,-5.1,0.2,0.0,1.4,4.4,,,99.0,
2013-12-06,9.3,-2.9,3.2,0.0,1.9,5.6,,,87.0,
2013-12-07,-0.2,-5.2,-2.7,0.2,0.0,1.4,,,100.0,
2013-12-08,0.2,-8.0,-3.9,0.2,0.0,,,,99.0,
2013-12-09,3.6,-7.2,-1.8,0.2,0.0,2.5,,,99.0,
2013-12-10,9.6,-8.9,0.4,0.0,1.1,7.8,,,91.0,
2013-12-11,13.0,-2.5,5.2,0.0,8.3,15.8,,,60.0,
2013-12-12,12.3,-5.5,3.4,1.0,0.3,2.2,,,75.0,
2013-12-13,9.6,3.0,6.3,1.8,1.9,4.2,,,99.0,
2013-12-14,5.9,-1.1,2.4,0.0,0.6,5.3,,,100.0,
2013-12-15,3.3,-1.7,0.8,0.2,0.3,3.6,,,100.0,
2013-12-16,10.4,-3.2,3.6,0.4,1.1,5.0,,,100.0,
2013-12-17,11.8,-2.2,4.8,1.6,4.2,7.2,,,86.0,
2013-12-18,9.2,5.2,7.2,5.8,3.1,12.2,,,96.0,
2013-12-19,10.3,0.5,5.4,1.0,9.7,22.8,,,89.0,
2013-12-20,8.0,-3.1,2.4,0.0,1.4,10.8,,,81.0,
2013-12-21,6.1,-4.8,0.6,0.0,1.1,5.6,,,86.0,
2013-12-22,13.0,-2.5,5.2,0.2,1.7,4.4,,,71.0,
2013-12-23,10.9,2.9,6.9,0.0,5.8,14.4,,,80.0,
2013-12-24,13.6,6.7,10.2,23.0,11.1,26.1,,,80.0,
2013-12-25,7.0,1.3,4.2,1.6,7.2,19.7,,,88.0,
2013-12-26,8.1,1.1,4.6,0.0,6.7,13.9,,,87.0,
2013-12-27,13.4,7.7,10.6,1.2,8.9,18.1,,,83.0,
2013-12-28,9.5,0.5,5.0,0.0,5.8,20.0,,,80.0,
2013-12-29,6.3,-1.1,2.6,0.0,2.5,7.8,,,92.0,
2013-12-30,8.5,-2.2,3.2,6.0,2.8,7.2,,,80.0,
2013-12-31,9.7,3.4,6.6,0.0,8.1,14.2,,,89.0,
2014-01-01,10.1,6.3,8.2,2.0,7.5,16.1,,,90.0,
2014-01-02,12.6,8.1,10.4,4.8,8.3,15.3,,,92.0,
2014-01-03,11.4,8.5,10.0,0.6,5.3,13.9,,,92.0,
2014-01-04,8.8,1.8,5.3,7.0,9.7,23.3,,,87.0,
2014-01-05,9.5,2.9,6.2,0.0,6.1,14.2,,,87.0,
2014-01-06,12.8,5.0,8.9,2.2,5.6,14.7,,,80.0,
2014-01-07,12.5,7.5,10.0,1.0,4.4,10.0,,,91.0,
2014-01-08,17.1,6.2,11.6,0.0,2.5,11.1,,,70.0,
2014-01-09,20.4,3.5,12.0,0.0,2.5,7.8,,,62.0,
2014-01-10,13.4,-0.5,6.4,0.0,0.8,3.3,,,91.0,
2014-01-11,14.5,-1.0,6.8,0.0,0.8,5.6,,,85.0,
2014-01-12,11.4,0.6,6.0,1.0,3.3,12.5,,,87.0,
2014-01-13,7.5,3.0,5.2,0.2,4.7,12.2,,,83.0,
2014-01-14,12.5,4.6,8.6,0.0,7.2,17.8,,,88.0,
2014-01-15,9.6,6.1,7.8,2.0,3.6,13.6,,,90.0,
2014-01-16,8.8,1.7,5.2,0.0,4.7,20.0,,,85.0,
2014-01-17,9.2,0.0,4.6,0.2,6.1,13.9,,,79.0,
2014-01-18,7.2,1.8,4.5,2.2,4.7,11.9,,,88.0,
2014-01-19,7.5,0.1,3.8,6.0,1.9,12.2,,,95.0,
2014-01-20,7.6,0.4,4.0,0.0,6.4,13.6,,,80.0,
2014-01-21,8.4,2.5,5.4,11.4,5.3,9.7,,,91.0,
2014-01-22,9.0,0.1,4.6,0.2,4.7,11.1,,,88.0,
2014-01-23,10.9,-2.2,4.4,0.2,2.2,5.6,,,81.0,
2014-01-24,11.6,0.0,5.8,0.0,5.0,11.9,,,88.0,
2014-01-25,15.2,5.7,10.4,0.0,4.2,14.4,,,84.0,
2014-01-26,11.5,2.0,6.8,0.0,6.1,15.3,,,91.0,
2014-01-27,8.5,2.0,5.2,0.6,9.4,18.3,,,75.0,
2014-01-28,8.1,1.1,4.6,4.0,10.3,22.2,,,85.0,
2014-01-29,8.0,-0.1,4.0,0.0,4.2,14.2,,,85.0,
2014-01-30,8.2,-1.4,3.4,0.0,6.1,13.9,,,82.0,
2014-01-31,10.7,3.6,7.2,0.6,5.6,11.9,,,86.0,
2014-02-01,8.6,-0.5,4.0,1.0,7.5,19.2,,,73.0,
2014-02-02,10.0,-1.5,4.2,0.0,2.8,7.8,,,79.0,
2014-02-03,5.8,-1.7,2.0,0.6,6.4,16.7,,,86.0,
2014-02-04,9.2,1.5,5.4,2.4,7.8,23.1,,,82.0,
2014-02-05,9.3,4.3,6.8,0.0,8.6,18.1,,,76.0,
2014-02-06,16.4,4.6,10.5,3.2,12.2,24.7,,,76.0,
2014-02-07,7.8,1.5,4.6,1.4,7.5,15.6,,,86.0,
2014-02-08,9.3,1.9,5.6,1.0,10.8,21.1,,,78.0,
2014-02-09,10.3,-0.4,5.0,11.2,7.8,22.2,,,88.0,
2014-02-10,6.8,0.7,3.8,0.4,10.0,19.2,,,68.0,
2014-02-11,7.4,0.4,3.9,0.6,8.1,22.8,,,90.0,
2014-02-12,10.8,-0.2,5.3,0.0,5.8,16.7,,,91.0,
2014-02-13,14.2,6.8,10.5,0.0,6.9,15.8,,,86.0,
2014-02-14,15.3,5.5,10.4,3.4,9.7,20.3,,,77.0,
2014-02-15,8.2,3.1,5.6,0.0,3.3,11.4,,,82.0,
2014-02-16,9.0,-1.4,3.8,0.0,1.4,5.8,,,84.0,
2014-02-17,11.6,-2.6,4.5,0.0,2.2,7.5,,,68.0,
2014-02-18,8.1,0.1,4.1,0.0,2.5,6.7,,,83.0,
2014-02-19,14.1,-0.7,6.7,0.0,2.8,6.1,,,74.0,
2014-02-20,13.0,2.1,7.6,2.2,5.6,13.3,,,88.0,
2014-02-21,9.1,0.9,5.0,0.0,4.4,10.3,,,71.0,
2014-02-22,11.9,0.3,6.1,0.0,3.9,11.7,,,74.0,
2014-02-23,14.7,-2.3,6.2,0.6,5.0,12.2,,,64.0,
2014-02-24,8.5,3.6,6.0,1.4,4.7,12.8,,,86.0,
2014-02-25,11.7,2.9,7.3,1.4,8.6,22.2,,,80.0,
2014-02-26,10.2,0.4,5.3,1.8,3.9,13.1,,,70.0,
2014-02-27,12.2,4.4,8.3,0.2,5.3,10.8,,,89.0,
2014-02-28,11.7,4.8,8.2,3.4,10.8,23.1,,,72.0,
2014-03-01,11.4,4.2,7.8,4.4,9.4,18.1,,,92.0,
2014-03-02,11.9,7.5,9.7,1.0,8.9,18.6,,,88.0,
2014-03-03,9.0,2.6,5.8,0.0,11.1,22.5,,,70.0,
2014-03-04,8.0,1.1,4.6,0.0,6.9,14.4,,,81.0,
2014-03-05,16.7,2.9,9.8,0.0,1.9,12.2,,,67.0,
2014-03-06,16.8,-0.6,8.1,0.0,1.9,6.1,,,74.0,
2014-03-07,20.6,-0.2,10.2,0.0,1.4,4.7,,,64.0,
2014-03-08,20.4,0.5,10.4,0.0,3.1,9.7,,,54.0,
2014-03-09,18.4,4.5,11.4,0.0,5.8,15.8,,,34.0,
2014-03-10,18.7,-1.7,8.5,0.0,2.2,7.8,,,52.0,
2014-03-11,18.9,-2.4,8.2,0.0,2.5,8.3,,,51.0,
2014-03-12,19.0,1.9,10.4,0.0,3.6,8.6,,,49.0,
2014-03-13,16.7,-0.8,8.0,0.0,2.2,6.7,,,62.0,
2014-03-14,17.3,-2.1,7.6,0.0,1.1,6.1,,,57.0,
2014-03-15,18.3,-1.5,8.4,0.0,1.4,9.2,,,57.0,
2014-03-16,24.4,-0.7,11.8,0.0,1.1,6.1,,,57.0,
2014-03-17,22.5,0.5,11.5,0.0,1.9,7.5,,,54.0,
2014-03-18,21.5,3.4,12.4,0.0,1.9,9.2,,,59.0,
2014-03-19,23.0,0.4,11.7,0.0,1.9,6.7,,,64.0,
2014-03-20,23.3,3.0,13.2,0.0,1.4,9.7,,,60.0,
2014-03-21,18.4,7.5,13.0,0.4,4.4,12.2,,,64.0,
2014-03-22,12.2,2.1,7.2,0.0,7.2,15.3,,,66.0,
2014-03-23,13.0,-0.2,6.4,0.0,3.1,8.9,,,55.0,
2014-03-24,12.1,1.9,7.0,0.6,7.2,15.3,,,73.0,
2014-03-25,12.0,1.2,6.6,0.8,11.7,23.6,,,70.0,
2014-03-26,13.3,-0.7,6.3,0.0,6.4,12.8,,,59.0,
2014-03-27,12.5,-3.9,4.3,0.0,3.1,9.2,,,62.0,
2014-03-28,12.7,1.5,7.1,0.8,4.7,13.6,,,68.0,
2014-03-29,10.7,6.5,8.6,3.2,5.3,12.2,,,79.0,
2014-03-30,15.6,5.9,10.8,0.0,3.9,9.4,,,65.0,
2014-03-31,15.8,4.7,10.2,0.0,4.7,13.9,,,74.0,
2014-04-01,16.2,8.6,12.4,0.6,6.4,19.7,,,63.0,
2014-04-02,14.0,6.3,10.2,1.4,1.7,10.6,,,80.0,
2014-04-03,13.2,4.1,8.6,2.6,5.0,13.3,,,81.0,
2014-04-04,11.5,1.7,6.6,1.4,4.4,10.3,,,82.0,
2014-04-05,19.2,8.0,13.6,1.0,3.6,9.2,,,78.0,
2014-04-06,22.6,6.1,14.4,0.0,3.1,9.2,,,61.0,
2014-04-07,23.3,5.4,14.4,0.0,5.0,11.9,,,53.0,
2014-04-08,24.3,4.3,14.3,0.0,1.7,5.8,,,57.0,
2014-04-09,26.8,2.8,14.8,0.8,1.4,13.6,,,57.0,
2014-04-10,26.9,8.0,17.4,0.2,5.0,14.7,,,47.0,
2014-04-11,24.4,5.9,15.2,0.0,3.3,9.2,,,60.0,
2014-04-12,20.3,3.4,11.8,0.0,2.8,8.1,,,69.0,
2014-04-13,26.4,3.7,15.0,0.0,2.2,8.3,,,58.0,
2014-04-14,24.6,5.3,15.0,3.6,3.1,10.8,,,52.0,
2014-04-15,26.1,10.9,18.5,0.2,2.2,7.8,,,60.0,
2014-04-16,27.1,7.0,17.0,0.0,2.2,8.9,,,46.0,
2014-04-17,26.9,6.8,16.8,0.0,1.9,6.7,,,46.0,
2014-04-18,27.6,5.3,16.4,0.0,1.9,8.6,,,45.0,
2014-04-19,22.3,10.4,16.4,0.4,4.4,11.9,,,74.0,
2014-04-20,16.9,8.3,12.6,0.0,4.4,12.2,,,55.0,
2014-04-21,18.6,6.5,12.6,0.0,4.2,9.2,,,54.0,
2014-04-22,17.0,5.3,11.2,0.0,5.0,15.0,,,58.0,
2014-04-23,17.9,8.0,13.0,1.4,6.7,11.7,,,66.0,
2014-04-24,14.9,4.8,9.8,2.2,6.9,15.0,,,65.0,
2014-04-25,14.6,2.0,8.3,0.8,5.6,12.8,,,69.0,
2014-04-26,17.7,6.6,12.2,1.6,8.6,15.8,,,73.0,
2014-04-27,18.8,2.7,10.8,0.0,5.3,11.1,,,56.0,
2014-04-28,22.0,6.4,14.2,0.0,5.3,12.8,,,58.0,
2014-04-29,22.2,5.8,14.0,0.0,2.8,9.2,,,60.0,
2014-04-30,22.1,7.2,14.6,0.0,2.5,6.7,,,58.0,
2014-05-01,24.1,6.6,15.4,0.0,3.3,7.8,,,51.0,
2014-05-02,20.3,3.4,11.8,0.0,3.1,8.1,,,50.0,
2014-05-03,20.7,2.2,11.4,0.0,3.3,9.2,,,48.0,
2014-05-04,25.2,0.6,12.9,0.0,1.9,5.8,,,37.0,
2014-05-05,28.3,3.2,15.8,0.0,3.6,9.7,,,27.0,
2014-05-06,26.7,10.8,18.8,0.0,3.3,11.9,,,37.0,
2014-05-07,27.6,11.5,19.6,0.0,1.9,5.6,,,49.0,
2014-05-08,28.3,9.3,18.8,0.0,3.1,7.8,,,48.0,
2014-05-09,29.7,9.2,19.4,0.0,2.2,6.1,,,42.0,
2014-05-10,28.1,11.5,19.8,0.0,4.7,10.6,,,43.0,
2014-05-11,26.2,9.3,17.8,0.0,2.8,8.6,,,49.0,
2014-05-12,25.5,4.7,15.1,0.0,3.1,11.4,,,39.0,
2014-05-13,19.7,3.5,11.6,0.0,4.4,10.3,,,41.0,
2014-05-14,24.9,0.4,12.6,0.0,3.3,7.5,,,30.0,
2014-05-15,26.7,3.4,15.0,0.0,3.3,10.0,,,39.0,
2014-05-16,26.5,3.8,15.2,0.0,5.6,12.8,,,29.0,
2014-05-17,25.2,1.0,13.1,0.0,3.6,10.8,,,32.0,
2014-05-18,26.2,3.3,14.8,0.0,3.3,10.3,,,33.0,
2014-05-19,19.9,7.1,13.5,0.0,7.8,17.2,,,46.0,
2014-05-20,18.3,3.9,11.1,4.0,4.4,11.7,,,43.0,
2014-05-21,15.2,6.4,10.8,1.0,8.9,17.5,,,64.0,
2014-05-22,16.2,5.6,10.9,2.0,7.5,15.3,,,65.0,
2014-05-23,17.5,6.1,11.8,0.2,5.8,13.6,,,56.0,
2014-05-24,20.8,2.8,11.8,0.0,3.1,9.7,,,43.0,
2014-05-25,19.1,4.5,11.8,0.0,4.4,11.4,,,44.0,
2014-05-26,20.8,2.5,11.6,0.0,1.9,6.9,,,45.0,
2014-05-27,22.8,9.9,16.4,5.0,3.3,12.2,,,44.0,
2014-05-28,18.6,9.8,14.2,2.8,5.3,11.9,,,75.0,
2014-05-29,20.9,6.5,13.7,0.2,5.3,11.7,,,63.0,
2014-05-30,20.5,9.9,15.2,0.0,4.4,9.2,,,50.0,
2014-05-31,19.1,7.0,13.0,1.0,4.7,14.7,,,60.0,
2014-06-01,23.9,3.7,13.8,0.0,3.1,8.6,,,51.0,
2014-06-02,25.3,5.0,15.2,0.0,2.8,7.5,,,43.0,
2014-06-03,27.1,9.1,18.1,0.0,5.3,12.5,,,40.0,
2014-06-04,25.0,9.9,17.4,0.0,3.6,7.5,,,48.0,
2014-06-05,26.0,5.8,15.9,0.0,4.7,11.7,,,33.0,
2014-06-06,26.5,10.2,18.4,0.0,6.4,15.8,,,32.0,
2014-06-07,23.0,9.9,16.4,0.0,6.9,16.1,,,49.0,
2014-06-08,26.6,6.9,16.8,0.0,3.3,10.8,,,38.0,
2014-06-09,25.6,8.2,16.9,0.0,5.0,12.2,,,42.0,
2014-06-10,26.2,6.9,16.6,0.0,1.7,6.9,,,38.0,
2014-06-11,31.4,9.4,20.4,0.6,2.2,11.7,,,45.0,
2014-06-12,33.9,13.3,23.6,0.0,3.3,9.4,,,32.0,
2014-06-13,34.2,13.5,23.8,0.0,2.5,7.8,,,34.0,
2014-06-14,29.3,12.9,21.1,0.0,4.4,11.1,,,36.0,
2014-06-15,26.9,9.8,18.4,0.0,5.0,12.2,,,43.0,
2014-06-16,24.0,6.5,15.2,0.0,4.7,11.7,,,42.0,
2014-06-17,28.7,6.2,17.4,0.0,3.1,7.5,,,37.0,
2014-06-18,29.7,5.6,17.6,0.0,1.7,9.2,,,32.0,
2014-06-19,31.8,11.4,21.6,0.0,2.2,7.2,,,34.0,
2014-06-20,29.7,14.4,22.0,0.0,4.2,12.5,,,43.0,
2014-06-21,27.2,11.1,19.2,0.0,5.0,12.2,,,37.0,
2014-06-22,29.1,9.9,19.5,0.4,3.6,9.4,,,47.0,
2014-06-23,28.8,11.7,20.2,2.4,3.9,11.1,,,42.0,
2014-06-24,22.8,12.3,17.6,0.0,2.8,13.1,,,58.0,
2014-06-25,26.9,10.2,18.6,1.0,1.7,10.0,,,49.0,
2014-06-26,27.0,13.0,20.0,0.0,3.1,10.3,,,50.0,
2014-06-27,28.4,11.5,20.0,0.0,5.0,11.7,,,42.0,
2014-06-28,25.3,11.2,18.2,0.0,6.1,15.3,,,52.0,
2014-06-29,25.0,7.4,16.2,0.0,1.9,7.8,,,41.0,
2014-06-30,27.7,8.5,18.1,0.0,4.7,11.4,,,36.0,
2014-07-01,24.6,13.9,19.2,0.0,6.1,12.5,,,48.0,
2014-07-02,23.2,11.7,17.4,1.8,5.3,18.6,,,55.0,
2014-07-03,23.7,11.1,17.4,0.4,3.9,16.4,,,68.0,
2014-07-04,28.2,10.0,19.1,0.0,3.9,9.4,,,52.0,
2014-07-05,29.8,13.4,21.6,0.0,5.0,12.5,,,46.0,
2014-07-06,22.5,13.4,18.0,5.6,6.4,11.9,,,75.0,
2014-07-07,24.5,11.4,18.0,0.0,2.8,7.5,,,53.0,
2014-07-08,27.4,10.1,18.8,0.0,3.1,9.7,,,47.0,
2014-07-09,23.9,10.1,17.0,0.0,6.1,11.1,,,43.0,
2014-07-10,24.8,6.0,15.4,0.0,4.2,10.3,,,41.0,
2014-07-11,27.4,5.9,16.6,0.0,2.8,11.4,,,43.0,
2014-07-12,29.0,9.9,19.4,0.0,3.1,7.5,,,39.0,
2014-07-13,32.7,12.1,22.4,0.0,3.1,11.4,,,33.0,
2014-07-14,33.0,13.0,23.0,0.0,3.1,7.5,,,38.0,
2014-07-15,36.2,13.8,25.0,0.0,3.1,9.7,,,30.0,
2014-07-16,37.7,15.5,26.6,0.0,3.1,11.1,,,26.0,
2014-07-17,35.3,18.1,26.7,0.0,6.1,,,,20.0,
2014-07-18,31.8,15.7,23.8,0.0,7.2,15.3,,,28.0,
2014-07-19,22.9,13.2,18.0,3.4,6.7,17.2,,,73.0,
2014-07-20,25.1,11.3,18.2,0.0,5.0,9.4,,,54.0,
2014-07-21,29.3,9.2,19.2,0.0,2.8,6.7,,,44.0,
2014-07-22,33.2,10.3,21.8,0.0,1.9,6.9,,,34.0,
2014-07-23,35.0,11.1,23.0,0.0,2.8,10.0,,,31.0,
2014-07-24,32.9,16.1,24.5,0.0,3.9,9.2,,,41.0,
2014-07-25,33.7,13.5,23.6,0.0,1.9,9.4,,,39.0,
2014-07-26,35.7,14.3,25.0,0.0,2.2,7.2,,,40.0,
2014-07-27,35.6,14.9,25.2,0.0,1.9,8.3,,,36.0,
2014-07-28,31.6,14.2,22.9,0.0,3.6,12.2,,,37.0,
2014-07-29,26.9,13.8,20.4,0.0,5.0,15.3,,,39.0,
2014-07-30,30.9,9.3,20.1,0.0,2.5,10.3,,,41.0,
2014-07-31,34.2,11.2,22.7,0.0,3.6,10.0,,,36.0,
2014-08-01,29.2,15.6,22.4,0.0,6.7,14.7,,,45.0,
2014-08-02,24.6,12.1,18.4,0.2,5.8,12.2,,,55.0,
2014-08-03,28.1,12.9,20.5,0.0,2.8,10.0,,,52.0,
2014-08-04,30.6,12.5,21.6,0.0,2.8,8.3,,,44.0,
2014-08-05,31.5,12.2,21.8,0.0,3.1,7.8,,,43.0,
2014-08-06,32.5,14.7,23.6,0.0,3.6,9.4,,,41.0,
2014-08-07,33.0,15.0,24.0,0.0,2.8,9.4,,,41.0,
2014-08-08,31.2,16.7,24.0,0.0,5.6,13.3,,,48.0,
2014-08-09,30.1,15.7,22.9,0.0,4.4,11.4,,,45.0,
2014-08-10,30.4,13.4,21.9,0.0,5.8,10.8,,,48.0,
2014-08-11,31.5,14.3,22.9,0.0,2.2,7.2,,,45.0,
2014-08-12,29.2,12.8,21.0,0.8,5.6,14.2,,,47.0,
2014-08-13,24.9,12.1,18.5,0.0,4.7,10.8,,,37.0,
2014-08-14,27.5,7.9,17.7,0.0,2.5,8.9,,,39.0,
2014-08-15,30.1,7.6,18.8,0.0,2.5,8.9,,,32.0,
2014-08-16,27.5,9.2,18.4,0.0,3.3,9.7,,,37.0,
2014-08-17,33.1,6.2,19.6,0.0,2.8,7.8,,,36.0,
2014-08-18,33.9,13.3,23.6,0.0,4.2,13.6,,,32.0,
2014-08-19,31.1,10.8,21.0,0.0,1.9,7.2,,,45.0,
2014-08-20,29.1,10.0,19.6,0.0,2.2,9.7,,,44.0,
2014-08-21,29.7,10.6,20.2,0.0,2.5,10.6,,,43.0,
2014-08-22,26.7,13.6,20.2,0.0,2.8,6.9,,,50.0,
2014-08-23,29.8,8.4,19.1,0.0,1.9,7.8,,,43.0,
2014-08-24,32.3,10.0,21.2,0.0,3.6,10.6,,,30.0,
2014-08-25,33.4,12.2,22.8,0.0,4.7,11.9,,,24.0,
2014-08-26,30.1,15.9,23.0,0.0,6.9,13.6,,,52.0,
2014-08-27,33.3,14.2,23.8,0.0,3.6,13.1,,,46.0,
2014-08-28,32.1,12.6,22.4,0.0,3.1,10.0,,,36.0,
2014-08-29,31.2,13.7,22.4,0.0,2.2,8.6,,,47.0,
2014-08-30,31.5,12.3,21.9,0.0,2.5,8.1,,,50.0,
2014-08-31,33.2,12.1,22.6,0.0,1.7,8.1,,,46.0,
2014-09-01,34.7,12.2,23.4,0.0,1.9,6.1,,,32.0,
2014-09-02,37.1,11.7,24.4,4.8,2.5,17.8,,,30.0,
2014-09-03,31.8,17.7,24.8,0.0,4.4,10.8,,,45.0,
2014-09-04,30.1,13.9,22.0,0.0,3.1,9.2,,,52.0,
2014-09-05,31.9,13.6,22.8,0.0,2.8,9.2,,,45.0,
2014-09-06,29.6,16.0,22.8,0.0,3.9,10.8,,,47.0,
2014-09-07,24.3,14.0,19.2,0.0,5.0,15.8,,,65.0,
2014-09-08,27.2,11.5,19.4,0.0,1.7,10.6,,,60.0,
2014-09-09,31.1,9.9,20.5,0.0,2.5,6.7,,,48.0,
2014-09-10,31.8,12.5,22.2,0.8,3.3,14.7,,,52.0,
2014-09-11,27.6,13.7,20.6,0.0,3.9,9.2,,,53.0,
2014-09-12,29.3,13.4,21.4,0.0,1.9,6.9,,,50.0,
2014-09-13,29.5,15.2,22.4,0.0,3.3,10.8,,,50.0,
2014-09-14,27.5,13.8,20.6,0.0,4.4,14.7,,,47.0,
2014-09-15,27.2,12.3,19.8,0.0,3.9,8.9,,,59.0,
2014-09-16,26.9,13.9,20.4,0.0,8.6,19.7,,,44.0,
2014-09-17,23.2,11.6,17.4,1.0,6.1,17.2,,,63.0,
2014-09-18,24.6,8.1,16.4,0.6,5.0,14.7,,,55.0,
2014-09-19,22.0,12.4,17.2,8.4,4.2,10.6,,,78.0,
2014-09-20,25.2,12.5,18.8,0.0,1.1,5.3,,,68.0,
2014-09-21,26.6,9.1,17.8,5.0,1.9,9.7,,,67.0,
2014-09-22,23.2,11.6,17.4,0.0,2.8,10.3,,,70.0,
2014-09-23,21.4,12.3,16.8,11.0,1.9,10.0,,,75.0,
2014-09-24,21.2,10.5,15.8,0.0,2.5,7.2,,,62.0,
2014-09-25,22.6,5.5,14.0,0.0,1.4,6.1,,,60.0,
2014-09-26,26.2,4.4,15.3,0.0,1.4,5.0,,,51.0,
2014-09-27,24.5,8.5,16.5,2.6,3.3,12.2,,,71.0,
2014-09-28,19.5,12.6,16.0,1.8,1.1,4.7,,,83.0,
2014-09-29,22.9,11.9,17.4,0.0,1.1,5.0,,,71.0,
2014-09-30,25.3,8.7,17.0,0.0,1.7,6.7,,,65.0,
2014-10-01,27.1,9.3,18.2,0.0,1.9,8.9,,,61.0,
2014-10-02,27.1,10.7,18.9,0.0,1.9,6.4,,,60.0,
2014-10-03,27.5,9.7,18.6,0.0,1.7,7.8,,,56.0,
2014-10-04,25.2,10.9,18.0,0.0,3.3,8.6,,,52.0,
2014-10-05,24.0,6.6,15.3,0.0,1.7,8.3,,,61.0,
2014-10-06,22.4,9.9,16.2,0.0,5.3,10.8,,,62.0,
2014-10-07,23.2,13.9,18.6,0.0,5.6,12.2,,,63.0,
2014-10-08,23.7,13.8,18.8,1.0,7.8,17.8,,,74.0,
2014-10-09,16.5,13.3,14.9,14.8,2.8,11.7,,,92.0,
2014-10-10,21.8,11.3,16.6,0.2,3.1,8.3,,,74.0,
2014-10-11,21.6,10.9,16.2,8.0,1.9,9.4,,,75.0,
2014-10-12,17.0,10.2,13.6,7.6,3.3,12.2,,,77.0,
2014-10-13,15.5,10.1,12.8,4.6,4.2,12.2,,,89.0,
2014-10-14,18.4,8.8,13.6,0.0,3.6,9.7,,,76.0,
2014-10-15,19.1,10.3,14.7,0.4,6.9,16.1,,,83.0,
2014-10-16,21.5,12.9,17.2,0.0,7.5,18.6,,,70.0,
2014-10-17,24.1,10.8,17.4,0.0,3.1,10.0,,,68.0,
2014-10-18,26.6,9.2,17.9,0.0,3.3,9.2,,,62.0,
2014-10-19,28.9,9.4,19.2,0.0,3.3,9.2,,,60.0,
2014-10-20,29.8,8.1,19.0,0.0,0.3,5.6,,,57.0,
2014-10-21,29.3,9.3,19.3,0.0,1.9,8.6,,,56.0,
2014-10-22,21.8,7.0,14.4,0.0,1.7,6.7,,,61.0,
2014-10-23,25.0,3.6,14.3,0.0,0.3,2.2,,,55.0,
2014-10-24,24.8,8.4,16.6,0.0,0.6,5.0,,,56.0,
2014-10-25,26.2,6.6,16.4,0.0,1.4,4.7,,,61.0,
2014-10-26,26.9,6.6,16.8,0.0,1.4,5.0,,,52.0,
2014-10-27,26.5,5.0,15.8,0.0,0.8,4.7,,,54.0,
2014-10-28,25.5,5.2,15.4,0.0,0.6,4.2,,,58.0,
2014-10-29,27.0,9.6,18.3,0.0,0.8,4.4,,,51.0,
2014-10-30,27.6,5.9,16.8,0.0,2.5,8.6,,,53.0,
2014-10-31,26.1,5.1,15.6,0.0,3.3,11.7,,,49.0,
2014-11-01,24.0,9.1,16.6,0.2,1.9,7.5,,,59.0,
2014-11-02,19.1,6.9,13.0,2.6,3.1,9.7,,,76.0,
2014-11-03,14.2,7.5,10.8,7.0,8.3,20.6,,,81.0,
2014-11-04,10.5,2.0,6.2,0.0,5.0,12.8,,,77.0,
2014-11-05,13.6,0.8,7.2,0.0,4.2,10.3,,,69.0,
2014-11-06,11.1,3.2,7.2,0.2,3.9,10.8,,,84.0,
2014-11-07,14.6,5.4,10.0,0.2,5.0,13.3,,,76.0,
2014-11-08,13.5,4.4,9.0,0.8,6.7,13.9,,,81.0,
2014-11-09,11.8,2.4,7.1,0.0,2.8,8.6,,,79.0,
2014-11-10,11.4,0.1,5.8,9.8,3.6,9.7,,,81.0,
2014-11-11,12.6,7.3,10.0,2.8,5.8,13.9,,,82.0,
2014-11-12,13.6,6.5,10.0,0.6,5.0,12.5,,,86.0,
2014-11-13,17.8,7.8,12.8,20.8,4.7,13.1,,,77.0,
2014-11-14,13.1,5.7,9.4,1.6,3.9,12.8,,,82.0,
2014-11-15,10.7,4.8,7.8,1.2,7.5,17.8,,,87.0,
2014-11-16,10.4,5.9,8.2,0.2,6.7,14.2,,,83.0,
2014-11-17,12.3,3.7,8.0,0.2,4.4,11.4,,,79.0,
2014-11-18,11.7,1.4,6.6,3.2,1.9,5.8,,,84.0,
2014-11-19,16.8,6.8,11.8,0.8,3.6,11.9,,,84.0,
2014-11-20,20.7,10.3,15.5,0.0,4.4,12.8,,,67.0,
2014-11-21,19.0,9.1,14.0,0.4,5.3,9.7,,,71.0,
2014-11-22,19.6,11.2,15.4,0.2,4.2,9.4,,,74.0,
2014-11-23,16.1,9.5,12.8,1.8,3.1,11.1,,,84.0,
2014-11-24,19.1,7.8,13.4,0.0,1.1,3.6,,,84.0,
2014-11-25,12.7,7.0,9.8,0.0,1.7,5.0,,,96.0,
2014-11-26,15.1,2.8,9.0,0.0,1.4,6.9,,,83.0,
2014-11-27,11.4,1.9,6.6,0.4,8.6,13.6,,,82.0,
2014-11-28,12.3,5.8,9.0,0.2,8.1,19.7,,,77.0,
2014-11-29,10.4,3.6,7.0,8.8,2.2,8.1,,,98.0,
2014-11-30,13.8,8.7,11.2,1.4,3.3,14.2,,,89.0,
2014-12-01,14.7,3.0,8.8,0.0,3.1,10.8,,,78.0,
2014-12-02,13.8,3.8,8.8,0.0,1.9,5.0,,,80.0,
2014-12-03,7.8,2.4,5.1,0.0,3.6,10.0,,,82.0,
2014-12-04,8.9,2.6,5.8,0.0,1.7,5.6,,,85.0,
2014-12-05,10.8,-0.1,5.4,0.0,1.9,,,,82.0,
2014-12-06,9.3,-2.0,3.6,0.0,2.5,7.5,,,74.0,
2014-12-07,11.5,-1.0,5.2,0.0,0.8,3.6,,,80.0,
2014-12-08,10.2,-2.8,3.7,0.0,1.7,6.1,,,81.0,
2014-12-09,10.0,-2.0,4.0,0.0,1.7,5.3,,,83.0,
2014-12-10,13.5,-3.3,5.1,0.0,0.6,2.5,,,84.0,
2014-12-11,13.5,-3.1,5.2,0.0,1.1,3.9,,,86.0,
2014-12-12,12.0,-2.2,4.9,0.0,1.4,8.9,,,84.0,
2014-12-13,10.9,3.8,7.4,0.6,5.6,11.7,,,81.0,
2014-12-14,8.4,5.9,7.2,6.8,3.1,11.1,,,94.0,
2014-12-15,9.9,1.4,5.6,1.2,1.4,7.8,,,81.0,
2014-12-16,13.9,1.9,7.9,0.0,3.3,7.5,,,90.0,
2014-12-17,11.4,1.0,6.2,0.0,3.3,6.7,,,93.0,
2014-12-18,9.0,3.1,6.0,0.0,1.7,5.6,,,96.0,
2014-12-19,4.4,0.7,2.6,0.2,0.8,3.9,,,100.0,
2014-12-20,4.1,0.6,2.4,0.0,1.4,3.9,,,100.0,
2014-12-21,5.6,2.4,4.0,0.2,1.1,5.3,,,97.0,
2014-12-22,9.3,-0.3,4.5,0.0,1.9,5.0,,,99.0,
2014-12-23,3.1,-1.6,0.8,0.2,0.3,2.5,,,100.0,
2014-12-24,1.9,-1.9,0.0,0.4,0.3,3.6,,,100.0,
2014-12-25,3.5,-2.2,0.6,0.0,0.6,4.2,,,100.0,
2014-12-26,9.6,0.4,5.0,0.0,0.8,5.6,,,98.0,
2014-12-27,7.8,1.4,4.6,0.2,4.7,12.8,,,97.0,
2014-12-28,10.6,-0.8,4.9,0.0,6.7,14.7,,,78.0,
2014-12-29,6.9,-3.9,1.5,0.0,3.1,7.5,,,66.0,
2014-12-30,6.8,-7.1,-0.2,0.0,1.1,5.0,,,72.0,
2014-12-31,9.7,-5.7,2.0,0.0,0.6,3.9,,,78.0,
2015-01-01,15.1,-6.3,4.4,0.0,0.3,2.8,,,74.0,
2015-01-02,11.4,-5.0,3.2,0.0,0.6,6.7,,,73.0,
2015-01-03,15.1,-4.6,5.2,0.0,0.6,3.3,,,72.0,
2015-01-04,13.7,-3.7,5.0,0.0,0.3,2.8,,,74.0,
2015-01-05,11.4,-3.5,4.0,0.0,1.1,3.6,,,92.0,
2015-01-06,-0.1,-3.7,-1.9,0.2,1.4,3.9,,,98.0,
2015-01-07,-0.5,-3.3,-1.9,0.0,0.0,2.8,,,100.0,
2015-01-08,2.5,-3.0,-0.2,0.2,1.4,8.6,,,100.0,
2015-01-09,4.6,-3.5,0.6,0.0,0.6,2.8,,,100.0,
2015-01-10,2.9,-3.9,-0.5,0.2,1.4,3.1,,,100.0,
2015-01-11,6.5,-3.8,1.4,0.2,1.4,4.7,,,100.0,
2015-01-12,2.4,-3.3,-0.4,0.2,0.6,3.1,,,100.0,
2015-01-13,13.6,-4.4,4.6,0.2,3.9,10.8,,,84.0,
2015-01-14,11.0,0.6,5.8,0.0,1.9,7.8,,,84.0,
2015-01-15,10.1,-1.2,4.4,6.2,5.6,17.2,,,79.0,
2015-01-16,6.0,-1.9,2.0,0.0,7.8,14.2,,,82.0,
2015-01-17,6.7,-2.9,1.9,0.8,2.5,6.1,,,82.0,
2015-01-18,5.7,-0.1,2.8,6.6,2.2,11.1,,,91.0,
2015-01-19,7.3,-0.9,3.2,0.0,2.5,6.9,,,76.0,
2015-01-20,2.8,-0.8,1.0,1.6,1.1,4.7,,,95.0,
2015-01-21,7.5,-1.6,3.0,0.0,5.3,14.2,,,95.0,
2015-01-22,7.4,-1.5,3.0,0.0,5.0,11.4,,,86.0,
2015-01-23,8.6,-4.6,2.0,0.0,0.6,5.0,,,78.0,
2015-01-24,9.4,-5.2,2.1,0.0,0.6,3.3,,,82.0,
2015-01-25,10.5,-3.5,3.5,0.0,0.6,4.2,,,81.0,
2015-01-26,8.7,-4.9,1.9,0.0,0.8,3.9,,,81.0,
2015-01-27,11.5,-3.5,4.0,0.0,0.6,4.7,,,87.0,
2015-01-28,10.7,-4.7,3.0,0.2,1.1,6.7,,,88.0,
2015-01-29,11.0,2.3,6.6,0.6,9.4,18.1,,,91.0,
2015-01-30,13.0,8.7,10.8,4.8,12.2,20.8,,,85.0,
2015-01-31,8.7,-0.4,4.2,0.0,8.9,18.9,,,77.0,
2015-02-01,6.8,-1.7,2.6,0.6,7.2,13.3,,,75.0,
2015-02-02,6.5,1.7,4.1,4.6,6.9,17.8,,,92.0,
2015-02-03,7.3,0.4,3.8,0.8,7.8,16.9,,,87.0,
2015-02-04,3.4,-2.3,0.6,0.0,4.4,13.9,,,81.0,
2015-02-05,5.5,-3.2,1.2,0.0,3.6,8.9,,,77.0,
2015-02-06,5.3,-3.7,0.8,0.0,2.2,7.8,,,68.0,
2015-02-07,1.3,-2.5,-0.6,0.8,1.9,6.4,,,94.0,
2015-02-08,4.2,-4.9,-0.4,0.0,3.6,8.3,,,85.0,
2015-02-09,9.7,-5.7,2.0,0.0,2.2,10.6,,,77.0,
2015-02-10,8.9,-4.2,2.4,0.0,4.7,11.4,,,77.0,
2015-02-11,11.9,-1.7,5.1,0.0,0.8,4.4,,,77.0,
2015-02-12,11.6,-1.3,5.2,0.0,1.4,7.2,,,72.0,
2015-02-13,10.6,1.4,6.0,0.6,6.4,13.6,,,77.0,
2015-02-14,8.0,4.9,6.4,2.0,7.5,13.9,,,83.0,
2015-02-15,12.3,4.3,8.3,0.0,5.6,12.8,,,80.0,
2015-02-16,10.0,3.4,6.7,2.4,2.2,11.7,,,82.0,
2015-02-17,8.4,-0.1,4.2,0.0,7.2,16.1,,,74.0,
2015-02-18,6.0,-3.3,1.4,0.0,2.8,7.2,,,80.0,
2015-02-19,14.4,-4.3,5.0,0.0,1.7,6.1,,,72.0,
2015-02-20,8.9,-2.0,3.4,2.6,5.0,9.7,,,82.0,
2015-02-21,11.6,0.9,6.2,0.0,6.7,13.6,,,67.0,
2015-02-22,12.4,-1.2,5.6,0.0,5.3,9.4,,,72.0,
2015-02-23,13.4,2.7,8.0,0.0,8.9,19.7,,,76.0,
2015-02-24,10.0,0.2,5.1,0.0,6.7,15.6,,,64.0,
2015-02-25,14.6,-0.3,7.2,0.0,7.2,14.2,,,68.0,
2015-02-26,13.8,2.8,8.3,0.0,5.6,9.7,,,80.0,
2015-02-27,13.3,1.9,7.6,0.0,3.3,8.6,,,60.0,
2015-02-28,15.6,1.2,8.4,0.0,5.6,11.1,,,75.0,
2015-03-01,16.0,7.2,11.6,0.0,5.3,11.4,,,78.0,
2015-03-02,18.0,5.8,11.9,0.0,5.0,10.6,,,72.0,
2015-03-03,17.3,3.5,10.4,0.0,3.6,8.6,,,72.0,
2015-03-04,12.4,-1.0,5.7,0.0,4.7,10.3,,,59.0,
2015-03-05,11.8,-4.3,3.8,0.0,2.5,9.2,,,58.0,
2015-03-06,19.3,-5.5,6.9,0.0,0.8,3.6,,,50.0,
2015-03-07,22.4,-3.5,9.4,0.0,1.1,4.7,,,51.0,
2015-03-08,20.3,-2.5,8.9,0.0,1.1,7.2,,,49.0,
2015-03-09,20.4,-4.3,8.0,0.0,1.1,4.2,,,51.0,
2015-03-10,23.7,-2.6,10.6,0.0,1.1,5.3,,,46.0,
2015-03-11,23.3,-0.2,11.6,0.0,1.4,6.7,,,48.0,
2015-03-12,21.1,-0.4,10.4,0.0,3.1,7.8,,,49.0,
2015-03-13,14.4,0.1,7.2,0.0,2.8,9.7,,,61.0,
2015-03-14,12.3,-5.1,3.6,0.0,1.7,11.1,,,57.0,
2015-03-15,9.7,-4.5,2.6,0.0,1.1,4.7,,,66.0,
2015-03-16,13.2,-5.4,3.9,0.0,0.8,5.3,,,56.0,
2015-03-17,12.4,0.2,6.3,0.0,4.7,11.4,,,58.0,
2015-03-18,10.3,0.1,5.2,0.6,2.5,10.0,,,71.0,
2015-03-19,14.7,3.4,9.0,0.0,4.7,13.9,,,70.0,
2015-03-20,16.5,4.8,10.6,1.6,6.4,14.2,,,59.0,
2015-03-21,10.7,3.6,7.2,0.0,4.7,10.8,,,80.0,
2015-03-22,10.6,4.1,7.4,3.6,5.8,13.3,,,73.0,
2015-03-23,5.8,2.2,4.0,4.4,2.2,7.2,,,89.0,
2015-03-24,9.0,-1.0,4.0,0.0,6.4,13.1,,,82.0,
2015-03-25,10.2,-3.6,3.3,0.0,4.7,15.3,,,64.0,
2015-03-26,16.4,-2.8,6.8,0.2,5.6,12.8,,,69.0,
2015-03-27,21.8,4.0,12.9,0.0,3.3,8.3,,,65.0,
2015-03-28,24.1,1.2,12.6,0.0,1.9,8.6,,,54.0,
2015-03-29,21.8,3.4,12.6,0.0,3.3,8.1,,,53.0,
2015-03-30,25.3,7.0,16.2,0.0,3.9,10.3,,,45.0,
2015-03-31,25.2,4.8,15.0,0.0,1.7,7.8,,,42.0,
2015-04-01,18.6,0.6,9.6,0.0,2.5,8.6,,,52.0,
2015-04-02,22.8,-2.3,10.2,0.0,1.4,6.7,,,41.0,
2015-04-03,23.3,0.3,11.8,0.0,1.1,5.3,,,40.0,
2015-04-04,19.6,-0.5,9.6,0.0,2.5,8.3,,,51.0,
2015-04-05,22.7,-2.5,10.1,0.0,1.4,7.2,,,55.0,
2015-04-06,23.0,-1.2,10.9,0.0,0.8,10.0,,,54.0,
2015-04-07,20.2,4.4,12.3,0.0,5.3,15.0,,,49.0,
2015-04-08,17.1,4.4,10.8,0.6,6.4,16.1,,,45.0,
2015-04-09,9.3,5.9,7.6,5.6,5.0,11.7,,,75.0,
2015-04-10,15.4,6.7,11.0,11.9,2.8,6.4,,,89.0,
2015-04-11,17.5,3.3,10.4,0.0,2.5,8.9,,,75.0,
2015-04-12,19.7,3.2,11.4,0.0,2.2,10.3,,,60.0,
2015-04-13,21.8,4.6,13.2,0.0,6.4,14.7,,,54.0,
2015-04-14,22.0,4.7,13.4,1.8,4.7,16.4,,,51.0,
2015-04-15,18.6,9.2,13.9,12.2,2.5,12.8,,,69.0,
2015-04-16,15.4,9.1,12.2,0.6,5.3,10.8,,,84.0,
2015-04-17,17.7,7.8,12.8,0.0,2.8,7.8,,,70.0,
2015-04-18,15.6,4.6,10.1,0.8,3.3,13.6,,,69.0,
2015-04-19,17.4,4.7,11.0,0.0,3.1,7.8,,,68.0,
2015-04-20,21.5,1.8,11.6,0.0,1.7,6.4,,,53.0,
2015-04-21,21.9,5.0,13.4,0.0,3.9,11.9,,,48.0,
2015-04-22,19.6,6.9,13.2,0.0,5.3,13.3,,,60.0,
2015-04-23,23.0,3.4,13.2,0.0,1.7,6.7,,,51.0,
2015-04-24,19.4,8.4,13.9,0.0,3.6,12.2,,,50.0,
2015-04-25,17.4,8.3,12.8,3.2,6.1,12.8,,,71.0,
2015-04-26,15.1,8.0,11.6,10.6,5.0,12.2,,,83.0,
2015-04-27,15.3,5.5,10.4,1.8,4.2,13.1,,,74.0,
2015-04-28,19.1,6.7,12.9,0.0,2.2,6.1,,,63.0,
2015-04-29,17.4,7.0,12.2,0.0,4.7,10.6,,,62.0,
2015-04-30,20.7,6.3,13.5,0.0,5.3,11.1,,,65.0,
2015-05-01,19.4,10.9,15.2,0.2,4.4,11.4,,,73.0,
2015-05-02,23.9,13.1,18.5,0.0,6.4,13.6,,,62.0,
2015-05-03,18.9,14.3,16.6,3.8,5.8,10.6,,,70.0,
2015-05-04,24.1,11.5,17.8,0.0,3.9,22.2,,,70.0,
2015-05-05,18.1,6.5,12.3,0.0,5.0,12.2,,,54.0,
2015-05-06,21.1,5.0,13.0,0.0,1.4,7.5,,,45.0,
2015-05-07,27.3,6.5,16.9,0.0,3.3,12.5,,,34.0,
2015-05-08,22.8,8.3,15.6,0.0,5.6,11.9,,,55.0,
2015-05-09,28.4,5.1,16.8,0.0,1.4,5.3,,,45.0,
2015-05-10,31.3,6.9,19.1,0.0,2.5,9.2,,,36.0,
2015-05-11,33.6,10.6,22.1,0.0,2.5,8.3,,,30.0,
2015-05-12,32.7,9.2,21.0,0.0,3.3,9.4,,,30.0,
2015-05-13,33.9,13.4,23.6,0.0,5.8,15.8,,,30.0,
2015-05-14,23.5,8.1,15.8,0.0,6.1,12.2,,,43.0,
2015-05-15,22.1,2.5,12.3,0.0,3.6,9.7,,,41.0,
2015-05-16,24.0,2.9,13.4,0.0,5.0,12.2,,,45.0,
2015-05-17,27.5,3.6,15.6,0.0,3.1,8.6,,,44.0,
2015-05-18,30.6,5.4,18.0,0.0,2.8,10.0,,,37.0,
2015-05-19,18.7,5.2,12.0,0.0,5.8,13.1,,,49.0,
2015-05-20,19.3,-0.1,9.6,0.0,2.5,9.7,,,43.0,
2015-05-21,18.5,0.9,9.7,0.0,4.4,13.9,,,42.0,
2015-05-22,19.6,1.2,10.4,0.0,4.4,15.0,,,45.0,
2015-05-23,21.8,1.1,11.4,0.0,3.9,10.8,,,45.0,
2015-05-24,23.7,2.8,13.2,0.0,6.4,13.6,,,46.0,
2015-05-25,24.9,6.0,15.4,0.0,4.4,9.2,,,46.0,
2015-05-26,24.3,5.4,14.8,0.0,5.0,12.8,,,42.0,
2015-05-27,27.6,4.3,16.0,0.0,2.8,7.5,,,41.0,
2015-05-28,29.6,3.5,16.6,0.0,1.9,8.1,,,38.0,
2015-05-29,28.9,7.3,18.1,0.0,3.6,10.6,,,41.0,
2015-05-30,27.2,7.1,17.2,0.0,3.1,9.7,,,36.0,
2015-05-31,28.1,7.4,17.8,0.0,2.8,9.2,,,41.0,
2015-06-01,29.4,9.7,19.6,0.0,3.6,10.3,,,46.0,
2015-06-02,31.2,10.6,20.9,0.0,2.8,11.7,,,31.0,
2015-06-03,33.1,10.8,22.0,0.0,1.9,9.7,,,29.0,
2015-06-04,33.4,16.6,25.0,0.0,4.4,12.5,,,25.0,
2015-06-05,32.4,15.6,24.0,0.0,4.7,12.2,,,26.0,
2015-06-06,32.7,11.5,22.1,0.0,4.4,13.1,,,38.0,
2015-06-07,33.6,11.2,22.4,0.0,2.5,11.1,,,34.0,
2015-06-08,33.8,12.7,23.2,0.0,3.3,13.9,,,26.0,
2015-06-09,28.5,14.9,21.7,0.0,3.6,16.4,,,45.0,
2015-06-10,26.9,12.2,19.6,18.8,2.8,16.7,,,75.0,
2015-06-11,21.8,12.9,17.4,3.0,6.4,13.1,,,69.0,
2015-06-12,19.7,10.0,14.8,0.0,3.9,11.1,,,66.0,
2015-06-13,19.6,8.6,14.1,1.0,3.9,13.3,,,52.0,
2015-06-14,19.4,8.8,14.1,12.8,2.8,11.7,,,77.0,
2015-06-15,18.3,10.8,14.6,3.4,2.2,6.1,,,77.0,
2015-06-16,23.9,6.7,15.3,0.0,2.8,8.9,,,50.0,
2015-06-17,24.8,7.8,16.3,0.0,3.9,14.4,,,49.0,
2015-06-18,28.8,7.8,18.3,0.0,3.9,10.3,,,45.0,
2015-06-19,29.2,9.2,19.2,0.0,3.3,10.8,,,43.0,
2015-06-20,31.9,8.2,20.0,0.0,2.5,6.4,,,33.0,
2015-06-21,33.3,10.1,21.7,0.0,2.2,8.9,,,30.0,
2015-06-22,31.9,13.7,22.8,0.0,3.3,11.9,,,40.0,
2015-06-23,28.9,13.3,21.1,13.0,4.4,15.0,,,52.0,
2015-06-24,28.7,12.5,20.6,0.0,1.1,6.7,,,53.0,
2015-06-25,31.9,14.2,23.0,0.0,1.9,6.7,,,45.0,
2015-06-26,33.6,15.7,24.6,0.0,4.4,10.3,,,30.0,
2015-06-27,35.4,13.3,24.4,0.0,3.1,10.0,,,24.0,
2015-06-28,37.2,14.9,26.0,0.0,3.1,10.0,,,28.0,
2015-06-29,39.4,13.6,26.5,0.0,3.3,8.9,,,34.0,
2015-06-30,36.3,18.6,27.4,0.0,5.6,15.3,,,21.0,
2015-07-01,33.5,15.4,24.4,0.0,4.7,11.9,,,32.0,
2015-07-02,31.8,13.8,22.8,0.0,2.5,7.8,,,42.0,
2015-07-03,34.6,13.3,24.0,0.0,5.8,15.0,,,30.0,
2015-07-04,34.9,12.4,23.6,0.0,2.8,11.7,,,24.0,
2015-07-05,34.2,16.3,25.2,0.0,4.7,11.9,,,36.0,
2015-07-06,37.8,14.3,26.0,0.0,4.7,13.9,,,31.0,
2015-07-07,34.9,15.7,25.3,0.0,5.0,12.5,,,26.0,
2015-07-08,33.9,12.5,23.2,0.0,3.3,9.7,,,40.0,
2015-07-09,36.3,10.1,23.2,0.0,2.8,7.8,,,33.0,
2015-07-10,34.6,13.3,24.0,0.0,4.4,12.8,,,26.0,
2015-07-11,33.6,11.9,22.8,0.0,3.1,8.3,,,38.0,
2015-07-12,36.3,12.2,24.2,0.0,1.9,6.1,,,35.0,
2015-07-13,38.8,13.3,26.0,0.0,2.2,7.2,,,30.0,
2015-07-14,38.6,14.2,26.4,0.0,2.2,6.9,,,27.0,
2015-07-15,39.3,15.0,27.2,0.0,3.6,11.1,,,27.0,
2015-07-16,36.2,17.7,27.0,0.0,4.4,13.9,,,18.0,
2015-07-17,32.8,15.3,24.0,0.4,2.5,13.6,,,36.0,
2015-07-18,32.3,16.6,24.4,0.0,5.6,14.2,,,35.0,
2015-07-19,32.4,15.2,23.8,0.0,4.2,12.2,,,40.0,
2015-07-20,35.9,16.9,26.4,0.0,2.5,8.1,,,38.0,
2015-07-21,35.5,18.9,27.2,0.6,5.3,22.2,,,44.0,
2015-07-22,33.4,16.2,24.8,0.0,2.5,8.1,,,48.0,
2015-07-23,33.8,13.7,23.8,0.0,4.2,10.6,,,41.0,
2015-07-24,29.4,15.0,22.2,0.0,6.1,13.1,,,41.0,
2015-07-25,30.1,12.3,21.2,0.0,3.1,7.5,,,41.0,
2015-07-26,33.8,10.8,22.3,0.0,4.7,12.2,,,28.0,
2015-07-27,33.6,16.1,24.8,0.0,3.9,9.2,,,41.0,
2015-07-28,34.3,12.5,23.4,0.0,3.1,10.3,,,37.0,
2015-07-29,32.4,12.8,22.6,0.0,4.4,11.4,,,44.0,
2015-07-30,31.0,13.9,22.4,0.2,3.6,10.8,,,48.0,
2015-07-31,28.8,12.6,20.7,2.4,3.1,12.2,,,57.0,
2015-08-01,29.8,12.2,21.0,0.0,2.5,6.9,,,53.0,
2015-08-02,34.7,12.3,23.5,0.0,6.4,11.7,,,36.0,
2015-08-03,35.0,14.9,25.0,0.0,3.9,10.8,,,32.0,
2015-08-04,33.7,14.9,24.3,0.0,3.1,7.8,,,40.0,
2015-08-05,33.4,14.5,24.0,0.0,4.2,12.5,,,27.0,
2015-08-06,35.0,12.7,23.8,0.0,3.9,10.3,,,23.0,
2015-08-07,32.3,13.6,23.0,0.0,3.3,,,,35.0,
2015-08-08,29.3,12.6,21.0,0.0,3.3,9.2,,,44.0,
2015-08-09,31.7,8.5,20.1,0.0,2.5,8.3,,,33.0,
2015-08-10,35.2,9.7,22.4,0.0,1.4,10.3,,,32.0,
2015-08-11,33.3,17.1,25.2,0.0,4.7,13.1,,,34.0,
2015-08-12,31.0,13.0,22.0,0.4,4.7,16.1,,,38.0,
2015-08-13,23.6,11.6,17.6,0.0,6.7,12.5,,,54.0,
2015-08-14,23.1,10.0,16.6,0.0,3.1,8.3,,,53.0,
2015-08-15,26.0,13.3,19.6,0.0,3.3,8.6,,,45.0,
2015-08-16,27.6,15.0,21.3,0.0,4.7,9.2,,,53.0,
2015-08-17,29.2,12.5,20.8,0.0,3.1,8.1,,,49.0,
2015-08-18,29.2,10.8,20.0,0.0,3.6,8.9,,,44.0,
2015-08-19,32.3,9.2,20.8,0.0,2.2,8.6,,,36.0,
2015-08-20,35.0,10.5,22.8,0.0,1.9,7.5,,,27.0,
2015-08-21,35.1,15.0,25.0,0.0,3.3,12.8,,,29.0,
2015-08-22,30.8,14.2,22.5,2.2,4.2,20.3,,,46.0,
2015-08-23,23.9,10.6,17.2,3.0,6.7,16.1,,,53.0,
2015-08-24,22.4,9.9,16.2,0.0,5.0,9.7,,,52.0,
2015-08-25,30.0,8.1,19.0,0.0,1.4,6.4,,,44.0,
2015-08-26,30.2,12.6,21.4,0.0,5.0,15.0,,,35.0,
2015-08-27,30.5,13.9,22.2,0.0,4.7,12.5,,,48.0,
2015-08-28,35.0,12.0,23.5,0.0,1.4,6.1,,,38.0,
2015-08-29,36.1,16.1,26.1,0.0,5.0,11.1,,,29.0,
2015-08-30,36.0,21.5,28.8,2.2,3.3,25.6,,,44.0,
2015-08-31,28.7,16.3,22.5,0.0,3.9,12.2,,,54.0,
2015-09-01,28.8,11.9,20.4,0.0,1.7,10.6,,,46.0,
2015-09-02,29.6,9.6,19.6,0.0,3.9,10.8,,,49.0,
2015-09-03,24.9,9.9,17.4,0.0,5.0,10.8,,,56.0,
2015-09-04,25.1,8.8,17.0,0.0,3.1,8.9,,,51.0,
2015-09-05,25.9,6.4,16.2,0.0,2.5,7.5,,,46.0,
2015-09-06,28.2,6.8,17.5,0.0,2.8,7.2,,,41.0,
2015-09-07,27.0,11.1,19.0,0.0,2.2,8.6,,,41.0,
2015-09-08,27.8,6.2,17.0,0.0,2.5,10.8,,,40.0,
2015-09-09,27.2,11.4,19.3,0.0,2.8,15.8,,,45.0,
2015-09-10,27.7,11.8,19.8,0.0,1.9,7.8,,,53.0,
2015-09-11,29.7,7.7,18.7,0.0,3.1,11.1,,,30.0,
2015-09-12,27.6,14.6,21.1,0.0,4.7,14.2,,,36.0,
2015-09-13,23.2,11.2,17.2,0.4,6.9,16.7,,,63.0,
2015-09-14,21.0,8.9,15.0,0.0,4.7,11.1,,,56.0,
2015-09-15,17.4,8.8,13.1,3.0,5.8,15.8,,,78.0,
2015-09-16,21.0,9.5,15.2,1.6,11.1,22.2,,,64.0,
2015-09-17,18.0,7.2,12.6,0.0,2.8,10.6,,,64.0,
2015-09-18,23.1,3.6,13.4,0.0,1.7,5.3,,,54.0,
2015-09-19,26.6,2.9,14.8,0.0,1.9,5.8,,,44.0,
2015-09-20,27.9,3.8,15.8,0.0,1.9,6.7,,,40.0,
2015-09-21,28.7,6.2,17.4,0.0,3.6,9.4,,,32.0,
2015-09-22,25.4,9.4,17.4,0.0,3.3,8.6,,,42.0,
2015-09-23,23.9,5.4,14.6,0.0,1.4,8.9,,,58.0,
2015-09-24,25.6,6.7,16.2,0.0,1.4,7.2,,,51.0,
2015-09-25,29.8,4.8,17.3,0.0,1.9,8.1,,,32.0,
2015-09-26,29.9,8.7,19.3,0.0,1.4,10.3,,,31.0,
2015-09-27,27.6,6.4,17.0,0.0,2.2,8.6,,,40.0,
2015-09-28,26.3,2.1,14.2,0.0,,8.1,,,41.0,
2015-09-29,26.7,7.5,17.1,0.0,1.4,10.8,,,45.0,
2015-09-30,24.7,9.0,16.8,0.0,3.6,12.8,,,49.0,
2015-10-01,24.6,5.1,14.8,0.0,5.3,16.7,,,42.0,
2015-10-02,22.8,4.9,13.8,0.0,4.2,14.7,,,38.0,
2015-10-03,22.6,5.9,14.2,0.6,1.9,7.5,,,47.0,
2015-10-04,22.6,11.0,16.8,0.6,7.8,21.7,,,74.0,
2015-10-05,24.2,14.2,19.2,1.2,8.3,20.0,,,65.0,
2015-10-06,20.7,9.5,15.1,0.0,7.5,15.0,,,59.0,
2015-10-07,20.5,6.7,13.6,0.0,1.9,6.1,,,62.0,
2015-10-08,22.4,1.6,12.0,0.0,1.4,7.2,,,59.0,
2015-10-09,24.5,1.1,12.8,0.0,1.7,6.1,,,52.0,
2015-10-10,25.2,6.7,16.0,0.6,1.7,9.2,,,49.0,
2015-10-11,20.3,12.9,16.6,3.2,2.5,8.3,,,72.0,
2015-10-12,19.9,12.8,16.4,1.6,1.7,7.5,,,80.0,
2015-10-13,18.3,4.9,11.6,0.0,3.9,9.7,,,58.0,
2015-10-14,16.4,0.0,8.2,0.0,1.7,6.7,,,65.0,
2015-10-15,19.9,-3.7,8.1,0.0,1.1,4.4,,,52.0,
2015-10-16,20.8,-1.5,9.6,0.0,1.4,5.0,,,53.0,
2015-10-17,24.1,7.6,15.8,0.8,4.7,13.9,,,68.0,
2015-10-18,18.8,9.8,14.3,13.4,2.8,7.8,,,93.0,
2015-10-19,20.3,11.3,15.8,6.6,3.3,8.6,,,82.0,
2015-10-20,16.3,5.9,11.1,0.0,4.7,13.3,,,73.0,
2015-10-21,15.1,2.6,8.8,0.0,2.5,8.6,,,76.0,
2015-10-22,18.9,1.9,10.4,0.0,0.8,5.6,,,72.0,
2015-10-23,19.8,3.4,11.6,0.0,1.4,5.3,,,72.0,
2015-10-24,18.3,9.7,14.0,0.0,1.4,3.6,,,71.0,
2015-10-25,22.1,9.0,15.6,0.0,2.8,9.7,,,66.0,
2015-10-26,17.0,11.2,14.1,8.2,4.7,11.7,,,84.0,
2015-10-27,14.5,8.0,11.2,0.2,3.9,14.7,,,78.0,
2015-10-28,14.3,7.8,11.0,0.4,5.8,13.3,,,79.0,
2015-10-29,20.2,10.3,15.2,0.0,4.4,9.2,,,77.0,
2015-10-30,22.0,6.7,14.4,0.0,4.2,12.2,,,73.0,
2015-10-31,18.0,9.4,13.7,0.0,5.8,12.2,,,71.0,
2015-11-01,20.1,6.9,13.5,2.0,3.6,14.2,,,69.0,
2015-11-02,15.9,9.1,12.5,26.0,5.6,16.1,,,84.0,
2015-11-03,14.2,8.1,11.2,2.6,5.6,12.5,,,91.0,
2015-11-04,15.1,7.9,11.5,5.2,1.7,4.4,,,93.0,
2015-11-05,16.7,10.3,13.5,0.0,2.5,6.4,,,88.0,
2015-11-06,22.9,10.8,16.8,0.0,1.7,4.4,,,76.0,
2015-11-07,21.9,7.3,14.6,0.0,1.4,3.9,,,80.0,
2015-11-08,24.3,9.0,16.6,0.0,4.4,14.4,,,63.0,
2015-11-09,25.0,5.6,15.3,0.0,0.6,5.3,,,74.0,
2015-11-10,22.0,3.8,12.9,0.0,0.8,3.9,,,78.0,
2015-11-11,18.3,2.9,10.6,0.2,0.8,4.2,,,86.0,
2015-11-12,9.2,3.5,6.4,0.4,0.8,3.9,,,100.0,
2015-11-13,10.7,2.1,6.4,0.2,1.4,5.0,,,100.0,
2015-11-14,15.1,3.6,9.4,0.4,0.6,2.8,,,99.0,
2015-11-15,8.0,2.9,5.4,0.2,0.8,3.3,,,100.0,
2015-11-16,7.4,2.4,4.9,0.2,0.6,3.6,,,100.0,
2015-11-17,5.1,3.2,4.2,0.0,1.4,3.3,,,100.0,
2015-11-18,14.7,2.9,8.8,0.4,1.7,4.2,,,91.0,
2015-11-19,12.7,2.8,7.8,0.2,0.8,4.7,,,100.0,
2015-11-20,16.4,2.5,9.4,0.0,3.6,10.8,,,89.0,
2015-11-21,11.4,-0.4,5.5,1.0,8.6,21.1,,,74.0,
2015-11-22,7.9,-0.8,3.6,0.8,4.7,10.0,,,89.0,
2015-11-23,8.1,-3.0,2.6,0.0,1.4,8.1,,,81.0,
2015-11-24,11.4,-2.0,4.7,0.0,2.2,8.9,,,77.0,
2015-11-25,15.4,4.8,10.1,0.0,6.7,12.2,,,76.0,
2015-11-26,16.1,-0.6,7.8,0.0,3.3,6.7,,,73.0,
2015-11-27,16.6,1.1,8.8,0.0,0.6,4.4,,,81.0,
2015-11-28,13.1,-1.8,5.6,0.0,1.7,4.7,,,82.0,
2015-11-29,12.6,-4.3,4.2,0.0,0.8,3.9,,,80.0,
2015-11-30,12.6,-4.4,4.1,0.0,1.4,4.2,,,86.0,
2015-12-01,6.6,-4.2,1.2,0.2,0.8,3.9,,,98.0,
2015-12-02,16.5,-1.2,7.6,0.0,1.1,3.6,,,83.0,
2015-12-03,20.1,-2.0,9.0,0.0,0.8,4.7,,,72.0,
2015-12-04,13.5,1.6,7.6,0.0,0.8,3.3,,,78.0,
2015-12-05,20.2,-1.7,9.2,0.0,1.1,3.6,,,79.0,
2015-12-06,18.6,-2.7,8.0,0.0,0.8,5.6,,,80.0,
2015-12-07,12.1,-1.8,5.2,0.0,1.1,4.4,,,86.0,
2015-12-08,13.4,6.5,10.0,0.0,0.8,3.9,,,80.0,
2015-12-09,9.4,3.4,6.4,0.2,2.2,4.7,,,96.0,
2015-12-10,8.9,0.2,4.6,0.2,0.6,3.6,,,100.0,
2015-12-11,4.4,-1.5,1.4,0.2,0.8,2.8,,,100.0,
2015-12-12,4.0,-0.6,1.7,0.2,0.6,3.6,,,100.0,
2015-12-13,15.7,-1.4,7.2,2.6,1.1,5.0,,,74.0,
2015-12-14,15.1,6.4,10.8,0.6,4.2,12.2,,,79.0,
2015-12-15,15.9,6.6,11.2,0.0,4.4,12.5,,,65.0,
2015-12-16,17.3,2.9,10.1,0.0,2.2,4.4,,,71.0,
2015-12-17,18.4,1.5,10.0,0.0,3.3,8.9,,,60.0,
2015-12-18,17.7,6.8,12.2,0.0,3.3,8.3,,,64.0,
2015-12-19,18.9,0.6,9.8,0.0,1.4,5.8,,,72.0,
2015-12-20,9.8,3.0,6.4,5.6,1.9,5.3,,,87.0,
2015-12-21,9.2,1.5,5.4,0.2,1.7,4.2,,,96.0,
2015-12-22,3.3,0.0,1.6,0.2,0.8,2.8,,,100.0,
2015-12-23,7.6,-1.2,3.2,0.2,1.7,5.3,,,99.0,
2015-12-24,13.9,0.9,7.4,0.0,1.7,6.7,,,90.0,
2015-12-25,14.2,-1.2,6.5,0.0,0.8,5.0,,,86.0,
2015-12-26,11.3,-2.5,4.4,0.2,0.8,3.1,,,91.0,
2015-12-27,14.9,-2.5,6.2,0.0,5.3,16.4,,,68.0,
2015-12-28,12.7,5.2,9.0,11.2,8.3,16.1,,,73.0,
2015-12-29,12.0,1.9,7.0,0.0,1.9,5.0,,,87.0,
2015-12-30,12.8,0.4,6.6,0.6,5.6,13.9,,,85.0,
2015-12-31,10.0,1.5,5.8,0.0,1.4,8.1,,,91.0,
2016-01-01,15.4,1.7,8.6,13.4,4.4,15.8,,,87.0,
2016-01-02,9.1,2.4,5.8,0.2,5.0,11.7,,,83.0,
2016-01-03,11.7,4.6,8.2,9.0,10.0,18.3,,,88.0,
2016-01-04,12.9,5.5,9.2,34.2,3.6,20.0,,,98.0,
2016-01-05,6.8,1.4,4.1,0.0,6.9,13.3,,,82.0,
2016-01-06,8.7,1.4,5.0,3.0,7.8,16.4,,,91.0,
2016-01-07,13.3,8.7,11.0,0.2,7.5,15.8,,,87.0,
2016-01-08,13.5,8.0,10.8,6.8,8.6,18.9,,,87.0,
2016-01-09,10.0,5.4,7.7,3.2,7.5,18.6,,,84.0,
2016-01-10,11.4,8.0,9.7,9.2,12.5,24.2,,,83.0,
2016-01-11,10.5,3.5,7.0,0.2,8.9,21.7,,,82.0,
2016-01-12,8.6,0.4,4.5,0.6,4.2,10.8,,,88.0,
2016-01-13,12.2,-0.6,5.8,0.0,2.5,9.4,,,77.0,
2016-01-14,11.4,5.0,8.2,3.4,5.6,15.3,,,90.0,
2016-01-15,7.7,-1.2,3.2,0.0,2.8,8.3,,,78.0,
2016-01-16,8.5,-3.6,2.4,0.0,1.1,4.2,,,81.0,
2016-01-17,7.3,-4.3,1.5,1.6,0.8,6.1,,,82.0,
2016-01-18,8.7,1.4,5.0,0.6,6.1,15.3,,,89.0,
2016-01-19,7.6,-1.2,3.2,0.0,,5.3,,,91.0,
2016-01-20,10.9,-0.6,5.2,0.2,0.8,5.0,,,94.0,
2016-01-21,11.5,2.8,7.2,1.6,2.5,6.9,,,95.0,
2016-01-22,13.7,8.1,10.9,0.8,2.5,6.1,,,97.0,
2016-01-23,16.0,6.6,11.3,0.2,1.1,3.6,,,97.0,
2016-01-24,17.3,3.3,10.3,0.2,1.1,6.4,,,97.0,
2016-01-25,16.5,4.0,10.2,0.0,1.9,8.9,,,86.0,
2016-01-26,11.4,1.9,6.6,0.0,1.1,5.3,,,96.0,
2016-01-27,11.7,5.6,8.6,0.2,1.9,7.2,,,96.0,
2016-01-28,7.2,3.8,5.5,13.8,3.1,7.8,,,93.0,
2016-01-29,7.3,0.6,4.0,1.4,2.8,7.5,,,93.0,
2016-01-30,11.1,-0.6,5.2,0.0,2.8,9.4,,,90.0,
2016-01-31,11.2,5.5,8.4,0.0,5.3,10.8,,,95.0,
2016-02-01,13.6,2.1,7.8,0.0,1.7,4.7,,,87.0,
2016-02-02,7.6,2.9,5.2,0.0,0.6,3.9,,,99.0,
2016-02-03,12.0,0.0,6.0,0.0,1.1,8.6,,,91.0,
2016-02-04,11.0,-3.4,3.8,0.0,0.8,5.8,,,78.0,
2016-02-05,12.4,-3.3,4.6,0.0,0.6,4.7,,,85.0,
2016-02-06,12.5,-1.2,5.6,9.6,7.8,20.3,,,78.0,
2016-02-07,8.5,1.4,5.0,0.0,6.7,14.2,,,78.0,
2016-02-08,10.2,6.2,8.2,0.0,6.1,12.8,,,84.0,
2016-02-09,11.0,7.6,9.3,1.4,9.2,20.0,,,89.0,
2016-02-10,15.2,7.0,11.1,0.4,10.0,25.0,,,86.0,
2016-02-11,14.2,8.2,11.2,0.8,8.3,15.8,,,82.0,
2016-02-12,13.3,8.2,10.8,3.0,10.0,16.9,,,93.0,
2016-02-13,14.4,8.9,11.6,2.6,10.3,19.4,,,91.0,
2016-02-14,8.9,1.8,5.4,2.2,8.6,19.2,,,80.0,
2016-02-15,6.4,-1.7,2.4,0.0,7.2,17.2,,,74.0,
2016-02-16,5.8,-3.9,1.0,0.0,4.7,13.3,,,66.0,
2016-02-17,7.6,-5.9,0.8,2.4,4.4,11.4,,,75.0,
2016-02-18,8.9,-1.1,3.9,0.0,1.9,7.8,,,82.0,
2016-02-19,10.3,-4.9,2.7,0.0,1.4,5.3,,,72.0,
2016-02-20,13.4,-4.4,4.5,0.0,1.4,5.6,,,64.0,
2016-02-21,13.2,-3.2,5.0,0.0,3.1,8.3,,,65.0,
2016-02-22,13.6,-1.0,6.3,0.0,3.1,9.7,,,73.0,
2016-02-23,13.2,0.7,7.0,0.0,3.1,6.7,,,82.0,
2016-02-24,10.6,0.4,5.5,1.6,4.2,14.7,,,84.0,
2016-02-25,10.9,2.0,6.4,0.0,4.4,9.7,,,79.0,
2016-02-26,8.1,1.3,4.7,10.6,5.8,17.2,,,89.0,
2016-02-27,7.4,-0.1,3.6,0.0,6.9,15.8,,,67.0,
2016-02-28,10.6,-0.8,4.9,0.0,5.6,13.6,,,68.0,
2016-02-29,11.0,-3.2,3.9,0.0,2.2,8.1,,,65.0,
2016-03-01,14.2,-3.8,5.2,0.0,0.8,5.6,,,61.0,
2016-03-02,14.4,2.1,8.2,0.0,5.8,12.5,,,77.0,
2016-03-03,14.8,0.2,7.5,0.0,3.1,7.5,,,67.0,
2016-03-04,12.4,1.4,6.9,0.2,9.4,18.9,,,80.0,
2016-03-05,9.9,0.1,5.0,0.4,7.8,16.4,,,75.0,
2016-03-06,10.7,-1.6,4.6,1.8,5.0,11.1,,,71.0,
2016-03-07,9.3,-0.8,4.2,0.6,5.8,14.7,,,77.0,
2016-03-08,11.8,-2.9,4.4,0.2,2.2,5.8,,,75.0,
2016-03-09,13.9,0.1,7.0,1.2,8.6,16.4,,,73.0,
2016-03-10,10.7,-2.2,4.2,0.0,4.4,13.9,,,68.0,
2016-03-11,9.5,-3.7,2.9,0.0,3.3,8.9,,,70.0,
2016-03-12,11.5,-4.8,3.4,0.0,1.7,6.7,,,67.0,
2016-03-13,14.0,-5.6,4.2,0.0,1.7,7.2,,,66.0,
2016-03-14,12.0,-5.9,3.0,0.0,1.7,8.1,,,62.0,
2016-03-15,15.2,-4.9,5.2,0.0,1.7,5.0,,,62.0,
2016-03-16,15.0,-3.1,6.0,0.0,1.7,6.7,,,61.0,
2016-03-17,15.3,-3.6,5.8,0.0,1.4,6.4,,,66.0,
2016-03-18,12.8,-0.3,6.2,2.4,2.2,6.4,,,75.0,
2016-03-19,11.9,4.3,8.1,3.8,2.2,9.2,,,85.0,
2016-03-20,14.2,2.9,8.6,0.2,1.4,11.4,,,74.0,
2016-03-21,13.0,2.2,7.6,0.2,3.3,10.3,,,80.0,
2016-03-22,12.8,1.2,7.0,0.2,2.8,6.1,,,75.0,
2016-03-23,10.1,0.3,5.2,0.0,3.3,10.0,,,69.0,
2016-03-24,17.8,-4.1,6.8,0.0,1.1,5.8,,,61.0,
2016-03-25,15.6,1.7,8.6,0.0,2.5,6.1,,,72.0,
2016-03-26,16.2,5.8,11.0,0.2,6.9,15.8,,,76.0,
2016-03-27,12.1,2.0,7.0,0.0,5.3,14.7,,,65.0,
2016-03-28,13.3,5.2,9.2,0.0,8.9,15.3,,,78.0,
2016-03-29,16.5,6.0,11.2,0.0,7.8,13.3,,,66.0,
2016-03-30,19.9,2.5,11.2,2.0,3.9,14.2,,,58.0,
2016-03-31,10.1,-1.7,4.2,2.0,4.7,12.8,,,77.0,
2016-04-01,12.2,-3.9,4.2,0.0,2.5,9.7,,,69.0,
2016-04-02,14.7,-2.3,6.2,1.4,3.9,10.8,,,57.0,
2016-04-03,11.5,4.5,8.0,9.8,7.2,15.3,,,78.0,
2016-04-04,9.6,5.0,7.3,2.6,4.2,12.8,,,87.0,
2016-04-05,14.6,1.5,8.0,0.0,3.6,8.9,,,69.0,
2016-04-06,16.0,-1.2,7.4,0.0,1.9,7.2,,,62.0,
2016-04-07,17.1,-0.9,8.1,0.0,1.4,10.3,,,66.0,
2016-04-08,12.6,-0.9,5.8,0.0,1.7,7.2,,,62.0,
2016-04-09,15.2,-0.1,7.6,0.0,5.3,10.8,,,69.0,
2016-04-10,13.0,1.9,7.4,1.2,8.3,17.8,,,64.0,
2016-04-11,12.2,1.3,6.8,0.4,5.0,15.3,,,75.0,
2016-04-12,13.2,3.6,8.4,1.6,5.0,13.9,,,77.0,
2016-04-13,14.6,2.7,8.6,0.0,5.3,13.6,,,65.0,
2016-04-14,17.9,5.7,11.8,11.4,7.8,15.0,,,70.0,
2016-04-15,17.2,7.0,12.1,3.2,6.4,13.9,,,76.0,
2016-04-16,15.4,7.5,11.4,6.2,5.6,16.9,,,81.0,
2016-04-17,15.0,4.5,9.8,0.0,4.4,10.8,,,66.0,
2016-04-18,19.9,1.0,10.4,0.2,3.3,10.0,,,61.0,
2016-04-19,14.5,10.5,12.5,6.6,5.0,,,,,
2016-04-20,14.4,7.0,10.7,4.0,5.0,12.5,,,87.0,
2016-04-21,16.6,6.4,11.5,0.4,4.2,11.1,,,66.0,
2016-04-22,17.3,7.3,12.3,0.0,2.5,8.1,,,72.0,
2016-04-23,16.5,3.4,10.0,0.4,4.2,12.8,,,82.0,
2016-04-24,16.2,2.7,9.4,0.0,1.1,6.9,,,63.0,
2016-04-25,19.2,0.0,9.6,0.0,1.4,5.0,,,57.0,
2016-04-26,20.6,1.0,10.8,0.0,2.2,7.8,,,54.0,
2016-04-27,17.5,3.9,10.7,0.0,2.8,9.4,,,71.0,
2016-04-28,18.0,3.5,10.8,0.0,2.5,5.8,,,72.0,
2016-04-29,19.5,-0.2,9.6,0.0,2.5,6.4,,,58.0,
2016-04-30,15.5,2.4,9.0,0.0,3.3,8.6,,,55.0,
2016-05-01,15.1,-2.4,6.4,0.0,3.1,10.0,,,43.0,
2016-05-02,21.3,-1.8,9.8,0.0,2.5,8.6,,,41.0,
2016-05-03,24.2,1.1,12.6,0.0,2.2,7.2,,,44.0,
2016-05-04,28.6,1.4,15.0,0.0,2.2,5.8,,,50.0,
2016-05-05,23.5,7.4,15.4,2.0,3.1,10.6,,,69.0,
2016-05-06,19.8,10.3,15.0,3.4,5.0,11.4,,,70.0,
2016-05-07,17.3,8.7,13.0,1.6,4.7,12.8,,,79.0,
2016-05-08,18.0,7.7,12.8,3.8,3.6,13.9,,,81.0,
2016-05-09,16.8,5.8,11.3,2.2,4.4,16.7,,,72.0,
2016-05-10,15.8,4.3,10.0,2.6,5.8,13.6,,,73.0,
2016-05-11,15.9,3.9,9.9,1.6,3.3,11.9,,,69.0,
2016-05-12,16.0,7.1,11.6,1.6,4.7,12.5,,,69.0,
2016-05-13,15.9,7.3,11.6,4.2,3.3,9.2,,,86.0,
2016-05-14,16.6,8.5,12.6,0.2,3.3,6.9,,,79.0,
2016-05-15,19.9,6.0,13.0,0.0,2.5,10.3,,,67.0,
2016-05-16,21.8,2.5,12.2,0.0,1.9,6.7,,,59.0,
2016-05-17,24.5,5.3,14.9,0.0,1.4,6.1,,,48.0,
2016-05-18,23.5,6.4,15.0,0.0,5.0,11.7,,,54.0,
2016-05-19,24.7,4.3,14.5,0.0,1.4,8.3,,,49.0,
2016-05-20,28.7,6.5,17.6,0.0,1.4,5.6,,,42.0,
2016-05-21,27.2,9.7,18.4,0.0,5.6,14.7,,,48.0,
2016-05-22,18.8,4.5,11.6,0.0,6.7,14.4,,,51.0,
2016-05-23,21.7,2.7,12.2,0.0,1.7,6.1,,,45.0,
2016-05-24,23.9,9.3,16.6,0.0,6.7,16.9,,,49.0,
2016-05-25,21.5,9.2,15.4,0.0,3.3,12.2,,,52.0,
2016-05-26,23.5,10.1,16.8,0.0,1.7,7.5,,,48.0,
2016-05-27,23.6,7.4,15.5,0.0,4.2,13.9,,,44.0,
2016-05-28,19.6,8.9,14.2,7.8,3.9,14.4,,,75.0,
2016-05-29,18.5,6.1,12.3,2.2,4.7,14.2,,,81.0,
2016-05-30,20.2,7.0,13.6,0.0,2.2,9.2,,,56.0,
2016-05-31,22.5,4.5,13.5,0.0,1.4,6.7,,,52.0,
2016-06-01,25.0,5.7,15.4,0.0,2.2,8.6,,,39.0,
2016-06-02,28.3,4.3,16.3,0.0,1.9,6.7,,,36.0,
2016-06-03,28.1,9.8,19.0,0.4,2.8,9.4,,,47.0,
2016-06-04,27.4,9.9,18.6,0.2,4.2,7.8,,,50.0,
2016-06-05,28.8,9.1,19.0,0.0,3.6,8.9,,,41.0,
2016-06-06,28.2,12.7,20.4,0.0,3.9,8.6,,,47.0,
2016-06-07,31.3,8.6,20.0,0.0,1.9,10.6,,,35.0,
2016-06-08,32.9,10.8,21.8,0.0,3.6,9.2,,,33.0,
2016-06-09,32.7,11.8,22.2,0.0,3.9,11.7,,,34.0,
2016-06-10,28.5,14.1,21.3,0.0,3.9,8.9,,,46.0,
2016-06-11,27.3,10.1,18.7,0.0,3.1,9.2,,,47.0,
2016-06-12,29.5,10.3,19.9,0.0,5.0,11.9,,,46.0,
2016-06-13,27.9,13.9,20.9,0.0,7.8,16.4,,,51.0,
2016-06-14,24.5,10.3,17.4,0.0,6.9,15.8,,,50.0,
2016-06-15,17.8,9.2,13.5,0.6,8.3,17.2,,,59.0,
2016-06-16,20.6,8.9,14.8,1.0,5.8,13.1,,,55.0,
2016-06-17,20.5,6.9,13.7,0.0,4.4,10.8,,,54.0,
2016-06-18,22.2,5.3,13.8,0.0,3.3,13.3,,,45.0,
2016-06-19,25.9,4.4,15.2,0.0,2.5,8.1,,,40.0,
2016-06-20,31.4,8.8,20.1,0.0,2.2,7.2,,,35.0,
2016-06-21,35.4,11.5,23.4,0.0,2.5,13.9,,,33.0,
2016-06-22,34.7,17.9,26.3,0.0,6.9,14.2,,,22.0,
2016-06-23,31.4,15.4,23.4,0.0,5.6,13.1,,,32.0,
2016-06-24,31.4,12.2,21.8,0.0,3.6,10.8,,,33.0,
2016-06-25,29.2,11.2,20.2,0.0,5.3,12.2,,,50.0,
2016-06-26,26.7,8.8,17.8,0.0,5.6,10.0,,,46.0,
2016-06-27,32.5,8.9,20.7,0.0,2.5,7.8,,,40.0,
2016-06-28,34.8,10.9,22.8,0.0,2.8,10.3,,,33.0,
2016-06-29,33.0,12.4,22.7,0.0,4.2,11.1,,,37.0,
2016-06-30,31.8,10.2,21.0,0.0,2.5,10.8,,,37.0,
2016-07-01,32.3,12.4,22.4,0.0,3.6,9.2,,,40.0,
2016-07-02,31.9,11.6,21.8,0.0,3.1,7.8,,,43.0,
2016-07-03,35.8,12.5,24.2,0.0,2.5,7.5,,,30.0,
2016-07-04,34.4,16.1,25.2,0.2,3.9,12.8,,,44.0,
2016-07-05,33.9,14.0,24.0,2.8,3.1,17.2,,,58.0,
2016-07-06,33.8,14.5,24.2,7.8,2.8,22.8,,,45.0,
2016-07-07,31.2,16.5,23.8,0.0,2.5,12.8,,,57.0,
2016-07-08,34.7,16.5,25.6,0.0,3.1,7.8,,,42.0,
2016-07-09,36.3,13.8,25.0,0.0,2.2,8.1,,,38.0,
2016-07-10,36.5,17.5,27.0,0.0,4.7,11.9,,,34.0,
2016-07-11,32.7,16.7,24.7,0.0,4.7,11.7,,,35.0,
2016-07-12,28.6,12.4,20.5,0.0,3.6,8.3,,,44.0,
2016-07-13,25.9,8.6,17.2,0.0,4.7,9.7,,,39.0,
2016-07-14,28.1,7.1,17.6,0.0,3.1,9.2,,,30.0,
2016-07-15,31.2,8.3,19.8,0.0,1.7,6.4,,,30.0,
2016-07-16,34.5,8.7,21.6,0.0,2.5,6.9,,,29.0,
2016-07-17,36.9,11.5,24.2,0.0,1.7,7.5,,,21.0,
2016-07-18,37.0,19.6,28.3,0.0,6.4,13.3,,,20.0,
2016-07-19,37.2,15.0,26.1,0.0,4.7,13.9,,,21.0,
2016-07-20,33.9,16.8,25.4,0.0,4.7,13.6,,,31.0,
2016-07-21,33.0,12.8,22.9,0.0,4.2,11.1,,,38.0,
2016-07-22,28.9,11.7,20.3,0.0,3.9,10.0,,,44.0,
2016-07-23,29.4,11.9,20.6,0.0,3.3,13.1,,,44.0,
2016-07-24,31.9,11.1,21.5,0.0,3.1,7.5,,,38.0,
2016-07-25,36.0,10.8,23.4,0.0,1.7,5.8,,,24.0,
2016-07-26,37.1,13.4,25.2,0.0,3.3,10.0,,,28.0,
2016-07-27,35.2,14.9,25.0,0.0,4.7,9.4,,,40.0,
2016-07-28,36.4,12.8,24.6,0.0,1.4,7.5,,,31.0,
2016-07-29,37.8,17.1,27.4,0.0,2.8,11.9,,,28.0,
2016-07-30,34.2,18.9,26.6,0.0,6.9,15.3,,,25.0,
2016-07-31,31.2,15.6,23.4,0.0,3.6,8.6,,,47.0,
2016-08-01,33.7,12.0,22.8,0.0,2.5,8.9,,,41.0,
2016-08-02,36.1,12.9,24.5,0.0,2.5,8.1,,,32.0,
2016-08-03,36.5,13.0,24.8,0.0,2.8,9.7,,,29.0,
2016-08-04,31.7,14.7,23.2,0.0,5.6,12.5,,,45.0,
2016-08-05,30.0,12.2,21.1,0.0,3.6,8.6,,,39.0,
2016-08-06,33.2,8.9,21.0,0.0,3.1,8.3,,,33.0,
2016-08-07,36.3,10.6,23.4,0.0,3.9,10.3,,,29.0,
2016-08-08,36.6,11.2,23.9,0.0,2.8,7.8,,,27.0,
2016-08-09,30.1,13.7,21.9,0.0,5.3,13.3,,,42.0,
2016-08-10,27.1,11.4,19.2,0.0,6.4,13.9,,,38.0,
2016-08-11,29.0,6.0,17.5,0.0,3.1,7.8,,,36.0,
2016-08-12,33.2,6.6,19.9,0.0,2.5,8.1,,,32.0,
2016-08-13,35.7,10.9,23.3,0.0,1.9,7.5,,,24.0,
2016-08-14,35.2,17.5,26.4,0.0,5.0,11.9,,,24.0,
2016-08-15,35.3,14.2,24.8,0.0,3.9,13.6,,,29.0,
2016-08-16,32.4,17.5,25.0,0.0,4.2,16.4,,,29.0,
2016-08-17,30.8,14.2,22.5,0.0,5.3,10.8,,,42.0,
2016-08-18,32.5,11.4,22.0,0.0,2.5,8.6,,,41.0,
2016-08-19,31.1,15.3,23.2,0.0,4.4,10.3,,,38.0,
2016-08-20,29.3,14.0,21.6,0.0,3.6,7.8,,,37.0,
2016-08-21,31.4,8.3,19.8,0.0,2.5,7.2,,,38.0,
2016-08-22,36.9,9.3,23.1,0.0,2.2,6.7,,,29.0,
2016-08-23,39.2,15.2,27.2,0.0,2.5,6.7,,,28.0,
2016-08-24,36.2,20.5,28.4,0.0,6.4,11.7,,,27.0,
2016-08-25,37.5,18.5,28.0,0.0,5.3,15.8,,,24.0,
2016-08-26,27.9,16.7,22.3,6.4,3.6,13.1,,,48.0,
2016-08-27,34.6,15.0,24.8,0.2,3.9,13.6,,,43.0,
2016-08-28,33.9,15.1,24.5,0.0,3.3,8.1,,,40.0,
2016-08-29,29.2,11.6,20.4,0.0,3.9,9.7,,,50.0,
2016-08-30,30.7,8.2,19.4,0.0,1.7,6.4,,,41.0,
2016-08-31,34.0,9.9,22.0,0.0,2.5,8.1,,,42.0,
2016-09-01,34.9,12.9,23.9,0.0,2.5,13.3,,,45.0,
2016-09-02,36.0,13.7,24.8,0.0,1.9,7.8,,,34.0,
2016-09-03,36.6,15.0,25.8,0.0,2.5,9.4,,,31.0,
2016-09-04,36.0,16.1,26.0,0.0,3.9,12.2,,,31.0,
2016-09-05,36.7,14.6,25.6,0.0,2.2,6.1,,,29.0,
2016-09-06,39.8,14.2,27.0,0.0,2.5,7.5,,,22.0,
2016-09-07,37.3,18.5,27.9,0.0,4.7,11.1,,,24.0,
2016-09-08,30.7,14.4,22.6,0.0,4.2,7.8,,,48.0,
2016-09-09,30.1,11.1,20.6,0.0,2.5,8.1,,,55.0,
2016-09-10,28.6,11.1,19.8,0.0,2.2,5.8,,,45.0,
2016-09-11,33.0,10.7,21.8,0.0,2.8,8.1,,,36.0,
2016-09-12,34.9,11.6,23.2,0.0,2.2,14.4,,,29.0,
2016-09-13,20.1,10.3,15.2,9.0,5.8,16.7,,,65.0,
2016-09-14,16.6,9.0,12.8,1.4,3.6,12.8,,,62.0,
2016-09-15,18.9,9.2,14.0,0.0,6.4,13.1,,,67.0,
2016-09-16,25.9,8.9,17.4,0.0,2.8,6.7,,,59.0,
2016-09-17,21.5,6.1,13.8,0.0,1.7,6.9,,,61.0,
2016-09-18,23.9,5.0,14.4,0.0,1.7,8.9,,,51.0,
2016-09-19,25.4,3.9,14.6,0.0,1.4,6.1,,,47.0,
2016-09-20,26.3,5.4,15.8,0.0,1.1,5.6,,,53.0,
2016-09-21,27.6,4.9,16.2,0.0,3.6,11.7,,,43.0,
2016-09-22,27.7,5.3,16.5,0.0,2.8,8.3,,,41.0,
2016-09-23,28.2,8.1,18.2,0.0,2.2,5.8,,,45.0,
2016-09-24,27.6,6.8,17.2,0.0,3.9,11.4,,,38.0,
2016-09-25,25.7,10.0,17.8,0.0,2.5,6.4,,,56.0,
2016-09-26,25.7,10.2,18.0,0.0,2.5,7.2,,,51.0,
2016-09-27,26.5,6.1,16.3,0.0,2.2,8.1,,,49.0,
2016-09-28,27.9,6.3,17.1,0.0,2.5,8.1,,,51.0,
2016-09-29,29.2,13.0,21.1,0.0,4.4,11.9,,,40.0,
2016-09-30,27.1,8.5,17.8,0.0,3.9,11.1,,,40.0,
2016-10-01,24.4,8.7,16.6,0.0,2.8,10.8,,,49.0,
2016-10-02,25.4,4.3,14.8,0.0,3.1,10.3,,,45.0,
2016-10-03,29.3,3.5,16.4,0.0,1.4,6.7,,,40.0,
2016-10-04,28.2,7.4,17.8,0.0,1.9,7.5,,,38.0,
2016-10-05,26.9,4.7,15.8,0.0,1.4,6.7,,,50.0,
2016-10-06,26.9,7.5,17.2,0.0,2.2,8.6,,,38.0,
2016-10-07,28.0,4.4,16.2,0.0,2.2,6.7,,,29.0,
2016-10-08,27.9,4.8,16.4,0.0,1.1,5.6,,,34.0,
2016-10-09,23.4,4.1,13.8,0.0,2.5,9.4,,,55.0,
2016-10-10,22.0,1.4,11.7,0.0,1.4,6.1,,,54.0,
2016-10-11,24.7,2.7,13.7,2.6,2.8,9.2,,,44.0,
2016-10-12,16.8,10.0,13.4,14.0,3.3,11.1,,,88.0,
2016-10-13,14.7,9.7,12.2,5.0,4.4,8.6,,,90.0,
2016-10-14,16.6,6.5,11.6,0.0,3.6,8.9,,,74.0,
2016-10-15,19.9,4.1,12.0,0.0,3.6,9.2,,,66.0,
2016-10-16,22.2,7.4,14.8,1.0,2.5,8.1,,,60.0,
2016-10-17,18.7,11.8,15.2,5.4,1.4,4.7,,,84.0,
2016-10-18,19.7,9.6,14.6,0.8,1.7,4.7,,,84.0,
2016-10-19,17.9,12.5,15.2,0.6,1.4,4.2,,,87.0,
2016-10-20,21.3,8.4,14.8,0.0,1.9,8.3,,,72.0,
2016-10-21,20.3,4.3,12.3,0.8,1.7,5.6,,,68.0,
2016-10-22,19.9,9.5,14.7,3.0,1.7,7.5,,,87.0,
2016-10-23,18.1,10.0,14.0,1.8,4.7,14.4,,,75.0,
2016-10-24,16.5,9.1,12.8,1.6,4.7,9.4,,,79.0,
2016-10-25,21.2,9.8,15.5,0.0,4.2,11.1,,,77.0,
2016-10-26,22.6,7.8,15.2,0.0,1.9,4.7,,,79.0,
2016-10-27,24.7,6.4,15.6,0.0,1.1,4.7,,,73.0,
2016-10-28,26.9,6.7,16.8,0.0,1.4,4.2,,,70.0,
2016-10-29,26.4,5.0,15.7,0.0,1.1,4.7,,,66.0,
2016-10-30,26.5,1.3,13.9,0.0,1.1,2.5,,,65.0,
2016-10-31,24.4,-0.1,12.2,0.0,0.3,4.2,,,59.0,
2016-11-01,22.7,2.0,12.4,0.0,0.8,6.1,,,62.0,
2016-11-02,22.7,3.5,13.1,0.0,1.7,5.0,,,68.0,
2016-11-03,22.6,3.4,13.0,1.0,1.1,2.8,,,72.0,
2016-11-04,14.8,6.6,10.7,9.6,2.8,7.2,,,92.0,
2016-11-05,12.0,5.6,8.8,10.4,3.6,11.1,,,93.0,
2016-11-06,11.3,0.8,6.0,1.0,3.6,10.3,,,88.0,
2016-11-07,10.6,-1.4,4.6,0.0,3.3,9.2,,,78.0,
2016-11-08,10.9,-1.8,4.6,0.8,3.6,10.8,,,77.0,
2016-11-09,13.6,3.8,8.7,0.0,5.3,13.9,,,79.0,
2016-11-10,12.9,1.9,7.4,0.0,2.8,10.3,,,79.0,
2016-11-11,7.4,0.2,3.8,0.2,1.7,4.7,,,99.0,
2016-11-12,11.7,2.3,7.0,0.2,0.8,6.1,,,99.0,
2016-11-13,14.4,4.1,9.2,0.2,3.1,7.8,,,92.0,
2016-11-14,12.9,-0.1,6.4,0.0,3.3,12.2,,,78.0,
2016-11-15,15.0,-3.0,6.0,0.0,0.8,4.7,,,78.0,
2016-11-16,16.0,-2.5,6.8,0.0,1.1,4.2,,,83.0,
2016-11-17,20.4,0.3,10.4,0.0,1.1,7.5,,,78.0,
2016-11-18,13.2,3.3,8.2,0.0,4.4,8.9,,,81.0,
2016-11-19,12.0,1.5,6.8,0.2,3.9,10.6,,,76.0,
2016-11-20,13.1,8.0,10.6,9.8,8.3,16.4,,,87.0,
2016-11-21,12.1,5.1,8.6,2.8,6.4,16.4,,,80.0,
2016-11-22,7.3,2.0,4.6,0.2,1.4,7.5,,,92.0,
2016-11-23,4.8,2.9,3.8,3.2,2.8,7.8,,,96.0,
2016-11-24,7.5,1.7,4.6,0.2,3.1,8.6,,,89.0,
2016-11-25,8.2,0.9,4.6,0.4,6.1,11.4,,,80.0,
2016-11-26,10.8,4.8,7.8,4.4,3.3,9.2,,,80.0,
2016-11-27,11.6,3.3,7.4,0.0,2.8,7.8,,,88.0,
2016-11-28,9.6,0.0,4.8,0.2,0.8,3.9,,,98.0,
2016-11-29,7.9,-1.0,3.4,0.0,1.9,5.6,,,97.0,
2016-11-30,13.3,2.4,7.8,0.2,5.8,16.1,,,81.0,
2016-12-01,11.5,3.4,7.4,0.0,4.7,10.0,,,88.0,
2016-12-02,13.0,4.1,8.6,0.0,1.1,3.6,,,89.0,
2016-12-03,13.5,0.1,6.8,3.4,5.6,12.8,,,78.0,
2016-12-04,11.7,8.0,9.8,1.2,5.6,9.4,,,88.0,
2016-12-05,13.4,4.2,8.8,0.0,1.9,5.8,,,90.0,
2016-12-06,6.9,2.7,4.8,0.2,1.4,3.6,,,100.0,
2016-12-07,6.5,1.6,4.0,0.4,0.3,3.1,,,100.0,
2016-12-08,14.0,0.7,7.4,0.0,4.4,11.4,,,82.0,
2016-12-09,15.7,-0.8,7.4,0.2,1.9,7.5,,,87.0,
2016-12-10,6.7,-0.6,3.0,0.2,0.8,3.6,,,100.0,
2016-12-11,10.1,-2.6,3.8,0.0,0.8,3.3,,,100.0,
2016-12-12,13.3,0.9,7.1,0.4,1.1,3.9,,,88.0,
2016-12-13,12.6,1.3,7.0,0.0,1.4,4.2,,,96.0,
2016-12-14,9.5,1.9,5.7,7.2,1.4,6.7,,,97.0,
2016-12-15,7.9,4.5,6.2,0.2,1.9,6.7,,,96.0,
2016-12-16,7.8,3.6,5.7,2.6,4.4,8.3,,,95.0,
2016-12-17,11.8,-0.1,5.8,0.0,4.7,12.8,,,83.0,
2016-12-18,11.2,-3.0,4.1,0.0,2.5,7.2,,,78.0,
2016-12-19,9.4,-4.4,2.5,0.0,1.1,3.6,,,88.0,
2016-12-20,8.2,-1.9,3.2,0.2,1.1,3.1,,,90.0,
2016-12-21,10.4,-1.4,4.5,0.0,0.6,3.6,,,90.0,
2016-12-22,12.8,-0.9,6.0,0.0,0.6,2.8,,,85.0,
2016-12-23,4.7,-0.7,2.0,0.4,0.8,2.8,,,100.0,
2016-12-24,4.4,1.2,2.8,0.2,2.2,5.0,,,100.0,
2016-12-25,4.8,2.5,3.6,0.2,1.4,3.9,,,100.0,
2016-12-26,3.0,0.1,1.6,0.0,1.1,4.2,,,100.0,
2016-12-27,3.2,-0.9,1.2,0.2,0.3,2.8,,,100.0,
2016-12-28,12.9,-1.6,5.6,0.2,0.8,3.6,,,98.0,
2016-12-29,11.2,-5.6,2.8,0.0,0.8,2.5,,,86.0,
2016-12-30,-0.1,-6.5,-3.3,0.2,0.3,2.5,,,100.0,
2016-12-31,7.3,-8.6,-0.6,0.2,0.6,2.5,,,97.0,
2017-01-01,9.5,-8.9,0.3,0.0,1.4,7.2,,,81.0,
2017-01-02,9.2,-1.2,4.0,0.0,2.8,7.2,,,81.0,
2017-01-03,13.8,-0.9,6.4,0.0,1.1,3.3,,,85.0,
2017-01-04,14.5,4.8,9.6,0.0,1.4,4.2,,,93.0,
2017-01-05,11.6,-1.5,5.0,0.0,1.7,4.7,,,86.0,
2017-01-06,7.9,-4.6,1.6,0.0,1.1,3.9,,,94.0,
2017-01-07,8.7,-7.0,0.8,0.0,0.3,2.2,,,94.0,
2017-01-08,11.1,-7.9,1.6,0.0,0.8,2.8,,,77.0,
2017-01-09,11.8,-5.4,3.2,0.0,0.8,3.6,,,84.0,
2017-01-10,12.5,-0.5,6.0,0.0,4.7,9.2,,,78.0,
2017-01-11,15.2,0.7,8.0,0.0,2.8,6.7,,,82.0,
2017-01-12,14.7,-1.7,6.5,0.0,5.6,13.3,,,81.0,
2017-01-13,9.9,-3.9,3.0,0.0,4.2,10.3,,,73.0,
2017-01-14,9.2,-6.1,1.6,0.0,0.8,4.7,,,76.0,
2017-01-15,10.4,-4.8,2.8,0.0,3.1,6.9,,,72.0,
2017-01-16,12.2,-3.8,4.2,0.0,2.5,5.6,,,76.0,
2017-01-17,8.8,-5.5,1.6,0.0,4.4,10.6,,,72.0,
2017-01-18,3.8,-8.7,-2.4,0.0,2.8,7.8,,,66.0,
2017-01-19,8.2,-11.1,-1.4,0.0,1.9,5.8,,,66.0,
2017-01-20,10.0,-3.7,3.2,0.0,4.7,11.7,,,63.0,
2017-01-21,13.0,-5.3,3.8,0.0,1.4,3.6,,,76.0,
2017-01-22,8.3,-6.5,0.9,0.0,1.4,6.7,,,75.0,
2017-01-23,10.0,-5.5,2.2,0.0,1.1,6.9,,,72.0,
2017-01-24,10.6,-7.5,1.6,0.0,1.1,3.9,,,71.0,
2017-01-25,12.6,-8.2,2.2,0.0,0.6,6.4,,,63.0,
2017-01-26,12.1,-3.3,4.4,1.0,3.9,12.5,,,68.0,
2017-01-27,7.7,1.0,4.4,1.2,5.8,11.7,,,87.0,
2017-01-28,9.9,0.4,5.2,0.8,5.0,11.7,,,80.0,
2017-01-29,12.1,2.2,7.2,0.8,6.1,14.2,,,90.0,
2017-01-30,14.1,2.6,8.4,0.0,5.6,12.5,,,82.0,
2017-01-31,13.2,-0.6,6.3,0.0,1.7,11.7,,,78.0,
2017-02-01,12.6,4.1,8.4,4.4,3.9,10.6,,,84.0,
2017-02-02,12.1,3.2,7.6,2.2,7.8,22.2,,,83.0,
2017-02-03,12.1,4.7,8.4,1.4,12.5,23.3,,,80.0,
2017-02-04,14.0,8.9,11.4,3.4,11.1,21.1,,,84.0,
2017-02-05,9.4,2.1,5.8,0.4,10.0,27.5,,,77.0,
2017-02-06,13.4,4.5,9.0,0.0,6.7,14.4,,,77.0,
2017-02-07,12.3,0.9,6.6,0.6,6.7,13.9,,,80.0,
2017-02-08,10.8,-1.7,4.6,0.0,2.2,6.9,,,69.0,
2017-02-09,14.0,-1.7,6.2,0.0,1.9,8.6,,,68.0,
2017-02-10,12.0,1.0,6.5,0.4,2.5,11.1,,,66.0,
2017-02-11,8.9,3.5,6.2,0.6,3.3,7.8,,,74.0,
2017-02-12,11.0,4.6,7.8,1.4,8.1,18.1,,,76.0,
2017-02-13,11.5,1.4,6.4,1.8,5.6,16.4,,,81.0,
2017-02-14,13.4,0.6,7.0,0.0,4.7,11.4,,,76.0,
2017-02-15,15.1,2.2,8.6,0.0,3.3,8.1,,,71.0,
2017-02-16,16.6,2.2,9.4,0.0,3.1,10.6,,,63.0,
2017-02-17,17.5,-2.7,7.4,0.0,1.4,3.9,,,71.0,
2017-02-18,11.5,-0.8,5.4,7.8,3.1,10.3,,,92.0,
2017-02-19,14.8,1.3,8.0,0.0,2.5,8.3,,,69.0,
2017-02-20,15.1,-2.1,6.5,0.0,2.2,7.8,,,68.0,
2017-02-21,17.0,-2.7,7.2,0.0,1.7,5.0,,,59.0,
2017-02-22,18.4,-0.9,8.8,0.0,1.9,4.7,,,56.0,
2017-02-23,17.1,3.5,10.3,0.2,2.2,4.4,,,69.0,
2017-02-24,13.7,0.7,7.2,0.0,2.2,7.5,,,70.0,
2017-02-25,18.4,-3.4,7.5,0.0,0.8,5.3,,,61.0,
2017-02-26,16.5,-1.0,7.8,0.0,2.8,8.1,,,69.0,
2017-02-27,13.5,5.1,9.3,0.0,6.7,15.3,,,68.0,
2017-02-28,11.9,5.2,8.6,0.0,9.7,17.8,,,74.0,
2017-03-01,14.9,3.0,9.0,0.0,3.1,10.6,,,74.0,
2017-03-02,16.9,1.7,9.3,0.0,1.1,6.7,,,72.0,
2017-03-03,12.3,0.3,6.3,3.0,6.9,16.9,,,89.0,
2017-03-04,9.8,-0.5,4.6,0.0,5.0,12.8,,,70.0,
2017-03-05,14.1,5.6,9.8,0.0,6.9,12.8,,,83.0,
2017-03-06,17.1,6.6,11.8,0.0,6.4,13.3,,,73.0,
2017-03-07,18.3,4.4,11.4,0.0,3.3,8.9,,,72.0,
2017-03-08,22.4,1.5,12.0,0.0,1.4,4.7,,,63.0,
2017-03-09,26.0,1.5,13.8,0.0,1.4,3.9,,,51.0,
2017-03-10,26.9,1.3,14.1,0.0,1.1,3.9,,,47.0,
2017-03-11,20.8,4.2,12.5,0.0,4.7,11.9,,,57.0,
2017-03-12,13.9,3.0,8.4,0.8,6.7,16.7,,,71.0,
2017-03-13,11.5,-1.3,5.1,0.0,6.4,14.4,,,72.0,
2017-03-14,21.1,2.8,12.0,0.0,5.6,14.4,,,53.0,
2017-03-15,22.0,-1.1,10.4,0.0,1.9,8.1,,,51.0,
2017-03-16,20.1,2.6,11.4,0.0,5.0,11.7,,,41.0,
2017-03-17,22.6,-0.5,11.0,0.0,3.3,6.9,,,39.0,
2017-03-18,23.4,-2.1,10.6,0.0,2.2,5.6,,,46.0,
2017-03-19,23.8,-1.4,11.2,0.0,0.8,10.0,,,44.0,
2017-03-20,22.8,0.9,11.8,0.0,3.6,10.0,,,51.0,
2017-03-21,13.4,3.2,8.3,1.8,2.5,9.7,,,74.0,
2017-03-22,8.9,-0.1,4.4,3.8,6.1,18.6,,,82.0,
2017-03-23,6.7,-1.3,2.7,1.8,4.4,9.4,,,77.0,
2017-03-24,9.1,-1.7,3.7,0.0,2.8,9.7,,,68.0,
2017-03-25,14.2,-1.9,6.2,0.0,1.9,7.5,,,64.0,
2017-03-26,12.6,2.9,7.8,0.2,6.4,15.6,,,69.0,
2017-03-31,17.6,5.5,11.6,0.0,6.9,,,,56.0,
2017-04-01,15.5,2.6,9.0,0.0,6.4,11.1,,,57.0,
2017-04-02,17.3,-1.1,8.1,0.0,1.4,,,,52.0,
2017-04-03,19.3,-1.9,8.7,0.0,1.9,,,,51.0,
2017-04-04,19.8,-1.3,9.2,0.0,3.3,10.0,,,39.0,
2017-04-05,16.0,-0.4,7.8,0.0,4.7,12.8,,,59.0,
2017-04-06,20.7,-2.1,9.3,0.0,3.1,8.6,,,51.0,
2017-04-07,25.7,-1.4,12.2,0.0,1.1,6.4,,,43.0,
2017-04-08,25.9,3.2,14.6,0.0,1.4,7.5,,,38.0,
2017-04-09,25.9,5.4,15.6,0.0,3.3,8.6,,,31.0,
2017-04-10,26.4,4.1,15.2,0.0,2.5,9.2,,,36.0,
2017-04-11,26.3,2.4,14.4,0.0,1.9,14.2,,,36.0,
2017-04-12,27.5,5.0,16.2,0.0,3.9,9.2,,,37.0,
2017-04-13,26.0,6.1,16.0,0.0,3.9,11.7,,,35.0,
2017-04-14,23.4,8.8,16.1,0.0,4.4,10.8,,,45.0,
2017-04-15,22.9,7.4,15.2,0.0,2.8,8.1,,,46.0,
2017-04-16,26.3,1.6,14.0,0.0,2.8,6.4,,,42.0,
2017-04-17,27.6,3.1,15.4,0.0,1.7,8.1,,,32.0,
2017-04-18,25.4,4.1,14.8,0.0,3.9,10.6,,,38.0,
2017-04-19,24.5,3.9,14.2,0.0,4.4,14.2,,,36.0,
2017-04-20,23.1,8.5,15.8,0.0,5.6,13.6,,,42.0,
2017-04-21,23.8,3.7,13.8,0.0,5.3,13.9,,,24.0,
2017-04-22,25.1,7.9,16.5,0.0,3.6,13.3,,,17.0,
2017-04-23,27.5,4.1,15.8,0.0,1.7,6.1,,,27.0,
2017-04-24,25.9,6.5,16.2,1.2,2.5,11.4,,,47.0,
2017-04-25,21.9,9.5,15.7,0.0,7.5,16.1,,,50.0,
2017-04-26,13.3,3.6,8.4,0.4,5.0,11.9,,,58.0,
2017-04-27,12.8,0.4,6.6,0.0,5.6,14.4,,,41.0,
2017-04-28,18.0,-3.1,7.4,0.0,3.3,9.4,,,34.0,
2017-04-29,20.5,6.5,13.5,0.4,5.3,17.5,,,55.0,
2017-04-30,12.5,2.5,7.5,1.0,10.3,26.4,,,66.0,
2017-05-01,19.2,-0.3,9.4,0.0,4.2,8.6,,,51.0,
2017-05-02,24.0,3.3,13.6,0.0,1.7,6.1,,,42.0,
2017-05-03,27.7,4.5,16.1,0.0,1.9,7.2,,,36.0,
2017-05-04,27.3,9.6,18.4,0.0,3.6,12.5,,,36.0,
2017-05-05,21.1,7.4,14.2,1.0,5.6,20.6,,,71.0,
2017-05-06,18.8,2.7,10.8,0.0,4.4,10.0,,,55.0,
2017-05-07,26.5,4.9,15.7,0.0,2.8,7.2,,,40.0,
2017-05-08,29.5,6.0,17.8,0.0,1.4,6.7,,,35.0,
2017-05-09,27.2,8.5,17.8,2.4,3.6,13.3,,,43.0,
2017-05-10,22.0,8.6,15.3,9.8,5.8,16.7,,,67.0,
2017-05-11,17.5,9.0,13.2,4.4,9.4,20.6,,,68.0,
2017-05-12,18.3,6.7,12.5,3.8,6.9,18.1,,,73.0,
2017-05-13,18.2,8.0,13.1,0.0,5.3,11.7,,,59.0,
2017-05-14,22.5,7.3,14.9,0.0,2.8,11.1,,,53.0,
2017-05-15,26.0,8.1,17.0,0.0,1.9,6.7,,,49.0,
2017-05-16,31.1,10.5,20.8,0.0,1.4,6.7,,,41.0,
2017-05-17,24.9,13.7,19.3,2.8,6.4,11.4,,,66.0,
2017-05-18,19.0,6.4,12.7,0.0,4.4,9.7,,,63.0,
2017-05-19,20.5,3.0,11.8,0.0,3.1,9.4,,,42.0,
2017-05-20,27.4,3.0,15.2,0.0,2.2,5.8,,,39.0,
2017-05-21,26.6,10.1,18.4,0.0,7.2,16.9,,,36.0,
2017-05-22,29.4,10.4,19.9,0.0,1.9,7.5,,,41.0,
2017-05-23,32.5,10.3,21.4,0.0,3.1,9.4,,,37.0,
2017-05-24,33.1,13.2,23.2,0.0,2.8,8.9,,,31.0,
2017-05-25,32.5,14.2,23.4,0.4,3.6,14.2,,,29.0,
2017-05-26,31.6,12.5,22.0,0.0,4.2,15.8,,,47.0,
2017-05-27,31.1,12.6,21.8,0.0,4.7,14.7,,,45.0,
2017-05-28,24.3,14.9,19.6,2.2,3.6,10.8,,,61.0,
2017-05-29,25.2,12.7,19.0,0.0,4.2,9.7,,,49.0,
2017-05-30,29.0,11.1,20.0,0.0,2.2,11.7,,,45.0,
2017-05-31,29.7,10.3,20.0,0.0,2.8,8.3,,,49.0,
2017-06-01,31.7,13.2,22.4,0.0,2.8,13.1,,,39.0,
2017-06-02,29.6,14.6,22.1,0.8,4.4,15.3,,,56.0,
2017-06-03,27.6,12.4,20.0,0.0,5.0,10.8,,,51.0,
2017-06-04,22.1,9.4,15.8,0.4,4.4,10.8,,,61.0,
2017-06-05,24.9,4.9,14.9,0.0,3.3,11.4,,,41.0,
2017-06-06,26.9,11.2,19.0,0.0,3.6,10.6,,,44.0,
2017-06-07,31.6,7.1,19.4,0.0,1.7,6.7,,,37.0,
2017-06-08,32.6,11.9,22.2,0.0,5.6,13.6,,,32.0,
2017-06-09,30.4,12.4,21.4,0.0,2.8,10.8,,,33.0,
2017-06-10,35.2,13.0,24.1,0.0,1.9,7.5,,,29.0,
2017-06-11,36.6,15.2,25.9,0.0,3.3,9.2,,,30.0,
2017-06-12,37.5,15.2,26.4,0.0,2.8,10.0,,,41.0,
2017-06-13,35.0,21.2,28.1,0.0,4.4,13.6,,,32.0,
2017-06-14,36.0,15.8,25.9,0.0,3.9,10.6,,,35.0,
2017-06-15,38.0,16.4,27.2,0.0,3.3,12.5,,,33.0,
2017-06-16,37.7,18.6,28.2,0.0,3.1,13.9,,,28.0,
2017-06-17,38.6,16.7,27.6,0.0,4.2,9.7,,,28.0,
2017-06-18,38.7,14.3,26.5,0.0,2.2,8.9,,,22.0,
2017-06-19,34.9,18.2,26.6,0.0,3.3,16.4,,,30.0,
2017-06-20,34.6,17.5,26.0,0.0,3.3,16.4,,,39.0,
2017-06-21,36.5,14.9,25.7,0.0,2.2,8.9,,,35.0,
2017-06-22,35.6,18.7,27.2,0.0,5.0,13.9,,,33.0,
2017-06-23,32.9,15.5,24.2,0.0,4.2,11.9,,,30.0,
2017-06-24,31.6,14.5,23.0,0.0,4.7,14.2,,,33.0,
2017-06-25,28.0,14.5,21.2,3.6,2.8,18.6,,,47.0,
2017-06-26,29.0,14.8,21.9,0.0,4.2,10.3,,,52.0,
2017-06-27,23.5,13.7,18.6,0.0,8.3,16.4,,,56.0,
2017-06-28,22.1,10.6,16.4,1.0,10.3,20.6,,,50.0,
2017-06-29,19.5,8.2,13.8,0.4,8.1,15.8,,,56.0,
2017-06-30,20.9,6.7,13.8,0.0,5.6,12.8,,,52.0,
2017-07-01,23.4,3.8,13.6,0.0,2.2,8.9,,,39.0,
2017-07-02,29.6,6.2,17.9,0.0,4.2,12.8,,,35.0,
2017-07-03,33.8,9.4,21.6,0.0,1.7,7.2,,,32.0,
2017-07-04,34.6,12.7,23.6,0.0,5.8,15.3,,,24.0,
2017-07-05,33.9,15.4,24.6,0.0,3.9,11.7,,,32.0,
2017-07-06,26.2,14.8,20.5,15.0,7.5,18.3,,,68.0,
2017-07-07,15.9,12.5,14.2,27.4,1.9,15.3,,,92.0,
2017-07-08,27.2,10.0,18.6,0.0,2.2,11.4,,,71.0,
2017-07-09,31.2,13.7,22.4,0.0,3.3,11.7,,,56.0,
2017-07-10,28.8,12.9,20.8,0.0,2.8,8.1,,,56.0,
2017-07-11,32.3,12.7,22.5,0.0,2.8,8.3,,,45.0,
2017-07-12,36.0,15.7,25.8,0.0,3.1,9.2,,,36.0,
2017-07-13,36.4,14.9,25.6,0.0,2.2,8.3,,,36.0,
2017-07-14,35.5,15.1,25.3,0.0,2.5,8.9,,,39.0,
2017-07-15,35.6,12.4,24.0,0.0,3.3,8.9,,,35.0,
2017-07-16,37.6,13.6,25.6,0.0,2.2,7.5,,,33.0,
2017-07-17,35.5,18.3,26.9,0.0,5.0,15.3,,,19.0,
2017-07-18,35.0,16.8,25.9,0.0,6.7,13.9,,,24.0,
2017-07-19,29.3,15.2,22.2,0.0,5.3,10.8,,,49.0,
2017-07-20,29.9,13.2,21.6,0.0,2.5,8.6,,,43.0,
2017-07-21,29.0,10.8,19.9,0.0,3.3,11.4,,,42.0,
2017-07-22,29.1,11.4,20.2,0.0,3.6,11.4,,,37.0,
2017-07-23,31.5,11.2,21.4,0.0,3.1,10.0,,,42.0,
2017-07-24,30.3,13.5,21.9,0.0,2.8,9.7,,,41.0,
2017-07-25,28.0,11.0,19.5,0.0,3.9,10.8,,,40.0,
2017-07-26,32.5,12.0,22.2,0.0,1.9,7.5,,,34.0,
2017-07-27,35.1,15.1,25.1,0.0,3.9,11.4,,,27.0,
2017-07-28,34.4,15.5,25.0,0.0,3.9,11.4,,,37.0,
2017-07-29,34.2,16.0,25.1,0.0,4.7,11.9,,,37.0,
2017-07-30,32.9,14.8,23.8,0.0,5.0,13.6,,,34.0,
2017-07-31,29.7,12.5,21.1,0.0,5.0,12.2,,,42.0,
2017-08-01,30.2,12.8,21.5,0.0,3.6,8.9,,,38.0,
2017-08-02,33.6,11.4,22.5,0.0,3.3,11.1,,,25.0,
2017-08-03,33.2,15.5,24.4,0.0,4.2,10.0,,,31.0,
2017-08-04,36.5,17.2,26.8,0.0,1.9,7.8,,,42.0,
2017-08-05,35.2,16.0,25.6,0.0,3.1,11.9,,,37.0,
2017-08-06,33.0,12.1,22.6,0.0,4.4,8.6,,,46.0,
2017-08-07,31.6,11.3,21.4,0.0,4.7,13.1,,,36.0,
2017-08-08,26.2,10.5,18.4,0.0,2.8,7.2,,,43.0,
2017-08-09,23.4,7.9,15.6,0.0,4.4,11.9,,,45.0,
2017-08-10,24.6,4.6,14.6,0.0,3.3,10.0,,,41.0,
2017-08-11,28.0,6.0,17.0,0.0,2.2,6.7,,,31.0,
2017-08-12,31.5,7.8,19.6,0.0,2.2,7.8,,,29.0,
2017-08-13,34.3,10.2,22.2,0.0,1.7,9.2,,,24.0,
2017-08-14,35.3,15.0,25.2,0.0,4.4,12.5,,,26.0,
2017-08-15,31.4,16.1,23.8,0.0,5.3,11.1,,,34.0,
2017-08-16,32.2,12.8,22.5,0.0,2.5,6.4,,,39.0,
2017-08-17,35.6,12.5,24.0,0.0,1.7,6.4,,,31.0,
2017-08-18,33.6,15.6,24.6,0.0,3.6,7.8,,,34.0,
2017-08-19,33.7,13.3,23.5,0.0,2.8,9.2,,,43.0,
2017-08-20,34.6,10.5,22.6,0.0,3.9,11.1,,,30.0,
2017-08-21,38.8,10.8,24.8,0.0,2.5,7.8,,,27.0,
2017-08-22,36.2,19.3,27.8,0.0,3.1,11.9,,,27.0,
2017-08-23,36.1,15.0,25.6,0.0,1.7,12.8,,,32.0,
2017-08-24,31.8,13.7,22.8,0.0,4.4,13.6,,,30.0,
2017-08-25,32.0,11.8,21.9,0.0,4.7,12.5,,,25.0,
2017-08-26,30.4,12.5,21.4,0.0,4.4,17.2,,,28.0,
2017-08-27,28.4,14.8,21.6,3.2,6.9,16.1,,,65.0,
2017-08-28,24.8,14.3,19.6,0.0,6.7,13.3,,,73.0,
2017-08-29,26.0,10.9,18.4,0.6,1.7,10.6,,,62.0,
2017-08-30,26.6,11.4,19.0,0.6,3.1,13.3,,,53.0,
2017-08-31,25.6,12.7,19.2,0.0,3.1,6.1,,,60.0,
2017-09-01,25.3,7.9,16.6,0.0,3.6,8.9,,,48.0,
2017-09-02,27.7,6.2,17.0,0.0,1.7,6.1,,,41.0,
2017-09-03,31.3,12.9,22.1,0.0,4.4,11.1,,,29.0,
2017-09-04,28.8,14.5,21.6,0.0,3.1,9.4,,,52.0,
2017-09-05,32.8,12.1,22.4,0.0,3.3,6.4,,,43.0,
2017-09-06,29.7,12.8,21.2,0.0,3.9,10.0,,,48.0,
2017-09-07,29.5,5.7,17.6,0.0,1.7,6.1,,,43.0,
2017-09-08,30.2,7.8,19.0,0.0,3.1,12.5,,,27.0,
2017-09-09,22.8,9.4,16.1,0.0,7.5,14.7,,,43.0,
2017-09-10,24.2,5.9,15.0,0.0,3.1,8.9,,,42.0,
2017-09-11,27.7,12.6,20.2,0.0,6.9,14.7,,,49.0,
2017-09-12,27.0,12.4,19.7,0.0,2.2,8.1,,,49.0,
2017-09-13,30.5,9.8,20.2,0.0,3.3,11.4,,,38.0,
2017-09-14,27.5,11.2,19.4,0.0,3.3,11.4,,,53.0,
2017-09-15,19.7,8.1,13.9,0.0,4.4,10.8,,,42.0,
2017-09-16,20.0,2.3,11.2,0.0,1.4,6.9,,,43.0,
2017-09-17,22.1,4.0,13.0,0.0,3.3,10.3,,,39.0,
2017-09-18,22.6,9.3,16.0,0.0,4.7,11.1,,,49.0,
2017-09-19,24.6,4.6,14.6,0.0,1.4,5.3,,,45.0,
2017-09-20,29.5,4.3,16.9,0.0,1.1,5.3,,,30.0,
2017-09-21,27.4,9.1,18.2,0.0,2.8,9.2,,,37.0,
2017-09-22,28.0,7.2,17.6,0.0,1.7,6.7,,,47.0,
2017-09-23,29.0,12.4,20.7,0.0,2.5,10.6,,,42.0,
2017-09-24,28.7,8.9,18.8,0.0,3.9,10.6,,,37.0,
2017-09-25,23.9,9.7,16.8,0.0,2.8,8.1,,,50.0,
2017-09-26,26.8,5.1,16.0,0.0,1.4,5.0,,,44.0,
2017-09-27,28.8,5.2,17.0,0.0,2.2,7.2,,,34.0,
2017-09-28,29.2,9.5,19.4,0.0,2.2,7.2,,,35.0,
2017-09-29,28.9,13.6,21.2,0.0,2.2,8.9,,,42.0,
2017-09-30,26.2,12.9,19.6,0.0,2.2,7.5,,,53.0,
2017-10-01,26.3,10.8,18.6,0.0,1.4,6.1,,,54.0,
2017-10-02,29.0,10.7,19.8,0.0,1.7,6.9,,,50.0,
2017-10-03,30.9,10.4,20.6,0.0,2.5,6.7,,,48.0,
2017-10-04,32.0,8.2,20.1,0.0,0.6,5.3,,,41.0,
2017-10-05,31.2,10.7,21.0,0.0,1.7,6.1,,,41.0,
2017-10-06,26.8,6.9,16.8,0.0,2.8,9.7,,,50.0,
2017-10-07,26.0,2.6,14.3,0.0,0.8,5.3,,,37.0,
2017-10-08,28.2,1.7,15.0,0.0,1.7,5.0,,,23.0,
2017-10-09,29.0,2.1,15.6,0.0,0.8,3.9,,,24.0,
2017-10-10,28.8,2.7,15.8,0.0,0.8,4.7,,,25.0,
2017-10-11,27.7,5.2,16.4,0.0,3.1,9.7,,,30.0,
2017-10-12,30.5,5.5,18.0,0.0,1.4,6.1,,,27.0,
2017-10-13,29.2,10.5,19.8,0.0,1.1,6.9,,,37.0,
2017-10-14,30.6,6.2,18.4,0.0,3.1,11.7,,,35.0,
2017-10-15,31.3,16.2,23.8,0.0,4.2,13.3,,,30.0,
2017-10-16,28.8,13.7,21.2,0.0,4.2,10.8,,,36.0,
2017-10-17,19.1,9.3,14.2,4.0,6.4,13.3,,,64.0,
2017-10-18,14.7,7.0,10.8,0.2,4.7,11.1,,,82.0,
2017-10-19,18.0,3.7,10.8,0.0,3.6,9.7,,,70.0,
2017-10-20,21.3,11.9,16.6,0.0,5.3,11.1,,,71.0,
2017-10-21,18.7,5.1,11.9,0.0,3.6,11.4,,,61.0,
2017-10-22,18.0,0.1,9.0,0.0,1.7,6.4,,,63.0,
2017-10-23,21.1,-0.1,10.5,0.0,1.1,5.0,,,54.0,
2017-10-24,27.2,2.5,14.8,0.0,1.1,6.4,,,44.0,
2017-10-25,28.7,5.0,16.8,0.0,1.4,6.4,,,41.0,
2017-10-26,28.8,3.1,16.0,0.0,0.6,3.6,,,39.0,
2017-10-27,25.8,3.5,14.6,0.0,0.8,5.3,,,44.0,
2017-10-28,21.3,2.6,12.0,0.0,2.2,7.8,,,63.0,
2017-10-29,20.7,-0.1,10.3,0.0,1.9,9.4,,,60.0,
2017-10-30,18.2,0.6,9.4,0.0,3.1,9.2,,,68.0,
2017-10-31,19.0,-1.5,8.8,0.0,0.8,3.9,,,67.0,
2017-11-01,21.9,0.6,11.2,0.0,3.3,11.9,,,59.0,
2017-11-02,19.8,8.9,14.4,7.0,4.2,11.7,,,62.0,
2017-11-03,18.0,8.8,13.4,1.0,3.1,9.7,,,76.0,
2017-11-04,18.0,8.1,13.0,0.4,2.2,6.7,,,82.0,
2017-11-05,14.1,2.6,8.4,0.0,2.5,9.4,,,75.0,
2017-11-06,12.8,-0.5,6.2,0.0,1.4,6.7,,,74.0,
2017-11-07,16.4,-2.5,7.0,0.0,1.7,5.8,,,74.0,
2017-11-08,12.9,-0.6,6.2,0.0,3.6,10.3,,,66.0,
2017-11-09,10.6,-3.3,3.6,0.0,1.7,5.0,,,69.0,
2017-11-10,16.1,-0.4,7.8,0.0,1.9,5.0,,,70.0,
2017-11-11,16.6,-0.3,8.2,0.0,1.1,5.3,,,71.0,
2017-11-12,17.9,-2.5,7.7,0.0,1.4,5.8,,,70.0,
2017-11-13,11.8,-1.5,5.2,0.0,3.1,8.9,,,70.0,
2017-11-14,12.8,-3.0,4.9,0.0,1.9,5.6,,,64.0,
2017-11-15,14.7,-4.4,5.2,0.0,1.4,3.6,,,60.0,
2017-11-16,17.8,-4.5,6.6,0.0,0.8,2.8,,,58.0,
2017-11-17,16.9,-2.6,7.2,0.0,0.6,3.6,,,58.0,
2017-11-18,18.5,-3.5,7.5,0.0,0.8,4.2,,,63.0,
2017-11-19,16.4,-5.1,5.6,0.0,0.8,2.8,,,70.0,
2017-11-20,18.0,-5.8,6.1,0.0,0.8,3.1,,,58.0,
2017-11-21,20.4,-4.3,8.0,0.0,1.1,5.8,,,48.0,
2017-11-22,20.9,-2.5,9.2,0.0,4.2,13.9,,,40.0,
2017-11-23,17.9,9.5,13.7,1.8,5.6,16.9,,,49.0,
2017-11-24,15.4,9.0,12.2,1.8,4.7,13.3,,,86.0,
2017-11-25,11.4,0.4,5.9,0.4,3.1,13.3,,,83.0,
2017-11-26,10.5,-4.3,3.1,0.0,2.5,7.8,,,74.0,
2017-11-27,12.2,-6.7,2.8,0.0,0.6,3.3,,,86.0,
2017-11-28,11.0,-4.1,3.4,0.0,1.7,3.6,,,81.0,
2017-11-29,8.7,-2.9,2.9,0.0,0.6,2.8,,,95.0,
2017-11-30,8.4,-6.7,0.8,0.0,1.1,6.7,,,77.0,
2017-12-01,7.3,-5.4,1.0,0.2,5.8,13.9,,,82.0,
2017-12-02,7.2,-5.8,0.7,0.0,2.5,6.1,,,78.0,
2017-12-03,6.0,-6.4,-0.2,0.0,2.2,8.6,,,78.0,
2017-12-04,7.8,-6.7,0.6,0.0,1.1,5.6,,,82.0,
2017-12-05,-0.4,-6.8,-3.6,0.0,0.3,,,,98.0,
2017-12-06,-1.0,-5.8,-3.4,0.2,,,,,98.0,
2017-12-07,13.4,-4.0,4.7,2.2,,,,,63.0,
2017-12-08,11.4,5.1,8.2,0.0,5.0,9.4,,,89.0,
2017-12-09,12.8,6.9,9.8,0.4,5.6,12.2,,,89.0,
2017-12-10,11.6,8.8,10.2,9.2,11.1,29.2,,,84.0,
2017-12-11,10.5,-0.1,5.2,0.2,8.1,25.3,,,86.0,
2017-12-12,7.6,-1.7,3.0,0.0,3.6,7.8,,,85.0,
2017-12-13,10.1,0.3,5.2,0.0,5.6,12.2,,,86.0,
2017-12-14,12.8,8.2,10.5,0.0,8.6,16.4,,,92.0,
2017-12-15,9.7,0.3,5.0,2.0,4.2,12.5,,,85.0,
2017-12-16,8.4,-2.1,3.2,0.0,2.2,5.0,,,80.0,
2017-12-17,8.4,-4.2,2.1,0.0,1.4,5.0,,,84.0,
2017-12-18,11.1,-4.0,3.6,0.0,0.6,5.6,,,82.0,
2017-12-19,12.9,-1.9,5.5,0.0,0.8,5.8,,,77.0,
2017-12-20,12.5,-3.4,4.6,0.0,0.8,4.2,,,75.0,
2017-12-21,14.4,-3.5,5.4,0.0,1.1,3.6,,,86.0,
2017-12-22,11.8,-3.0,4.4,0.0,0.6,2.2,,,98.0,
2017-12-23,6.2,-3.4,1.4,0.0,0.8,5.3,,,99.0,
2017-12-24,6.8,-4.9,1.0,0.2,1.1,3.3,,,91.0,
2017-12-25,10.5,-3.8,3.4,0.4,3.6,13.3,,,86.0,
2017-12-26,7.4,1.3,4.4,4.8,6.7,20.0,,,92.0,
2017-12-27,8.2,3.1,5.6,1.0,7.8,21.1,,,83.0,
2017-12-28,13.0,5.4,9.2,0.0,9.2,16.7,,,90.0,
2017-12-29,13.7,7.4,10.6,0.0,6.4,13.3,,,89.0,
2017-12-30,13.1,5.9,9.5,0.0,4.2,9.2,,,80.0,
2017-12-31,11.0,2.9,7.0,1.8,8.6,18.1,,,81.0,
2018-01-01,8.5,2.1,5.3,0.0,7.2,15.6,,,84.0,
2018-01-02,10.7,6.2,8.4,0.0,7.2,11.9,,,91.0,
2018-01-03,14.0,10.2,12.1,0.0,6.9,11.9,,,88.0,
2018-01-04,12.1,9.1,10.6,0.0,5.0,13.6,,,80.0,
2018-01-05,9.9,4.5,7.2,14.0,5.3,17.2,,,92.0,
2018-01-06,4.5,0.3,2.4,7.0,4.2,10.3,,,97.0,
2018-01-07,1.7,-5.7,-2.0,10.0,3.6,7.2,,,99.0,
2018-01-08,2.5,-11.8,-4.6,1.2,0.8,4.4,,,93.0,
2018-01-09,3.2,-11.9,-4.4,2.2,3.1,9.2,,,93.0,
2018-01-10,7.5,1.3,4.4,0.4,6.4,20.8,,,92.0,
2018-01-11,7.5,0.3,3.9,0.0,6.7,13.3,,,80.0,
2018-01-12,9.0,-1.6,3.7,0.0,1.4,5.3,,,84.0,
2018-01-13,5.7,0.7,3.2,4.4,2.5,9.7,,,94.0,
2018-01-14,6.7,-1.1,2.8,0.0,2.5,7.5,,,85.0,
2018-01-15,8.6,-3.2,2.7,0.2,2.2,9.7,,,82.0,
2018-01-16,11.3,4.6,8.0,0.0,6.4,11.7,,,90.0,
2018-01-17,14.7,0.2,7.4,0.0,1.9,8.3,,,84.0,
2018-01-18,16.2,-2.1,7.0,0.0,1.1,3.6,,,81.0,
2018-01-19,13.6,-1.4,6.1,0.0,1.9,6.4,,,82.0,
2018-01-20,13.0,1.1,7.0,0.0,4.7,12.5,,,76.0,
2018-01-21,9.4,4.8,7.1,0.0,4.4,9.7,,,91.0,
2018-01-22,12.2,0.1,6.2,0.0,2.2,5.8,,,87.0,
2018-01-23,5.3,-1.4,2.0,0.0,1.1,3.9,,,99.0,
2018-01-24,11.2,1.9,6.6,0.0,1.4,3.6,,,95.0,
2018-01-25,7.6,1.8,4.7,10.4,5.8,10.8,,,93.0,
2018-01-26,7.7,-0.8,3.4,0.0,5.8,11.7,,,81.0,
2018-01-27,8.2,-1.6,3.3,0.0,3.3,11.7,,,81.0,
2018-01-28,12.4,-3.4,4.5,0.0,3.6,13.1,,,77.0,
2018-01-29,14.0,-2.1,6.0,0.0,1.1,3.6,,,83.0,
2018-01-30,13.5,-3.0,5.2,0.0,1.7,4.4,,,75.0,
2018-01-31,15.9,-4.1,5.9,0.0,0.0,4.4,,,70.0,
2018-02-01,10.1,-2.0,4.0,0.0,5.0,15.6,,,73.0,
2018-02-02,7.4,-2.8,2.3,0.0,3.1,7.8,,,73.0,
2018-02-03,7.5,-3.5,2.0,0.6,6.1,13.9,,,74.0,
2018-02-04,5.2,-2.0,1.6,0.4,3.9,9.7,,,79.0,
2018-02-05,4.6,-3.0,0.8,0.0,5.6,14.4,,,84.0,
2018-02-06,3.8,-3.6,0.1,0.0,3.1,11.4,,,79.0,
2018-02-07,5.1,-2.9,1.1,0.0,2.5,11.1,,,69.0,
2018-02-08,6.4,-6.0,0.2,0.0,1.4,5.8,,,65.0,
2018-02-09,7.5,-2.9,2.3,0.2,3.6,7.2,,,85.0,
2018-02-10,10.2,-3.2,3.5,0.0,1.7,7.2,,,70.0,
2018-02-11,13.0,3.5,8.2,0.6,7.2,13.9,,,81.0,
2018-02-12,8.4,-1.5,3.4,0.0,2.5,8.6,,,61.0,
2018-02-13,8.2,-1.6,3.3,0.0,8.9,18.3,,,76.0,
2018-02-14,9.6,5.3,7.4,0.2,7.2,13.6,,,90.0,
2018-02-15,15.1,7.8,11.4,0.0,3.9,10.0,,,78.0,
2018-02-16,18.8,6.4,12.6,0.0,2.5,5.8,,,74.0,
2018-02-17,9.5,0.3,4.9,0.0,2.8,7.2,,,76.0,
2018-02-18,11.7,-4.7,3.5,0.0,2.2,9.7,,,72.0,
2018-02-19,12.6,1.1,6.8,0.0,0.3,3.9,,,73.0,
2018-02-20,13.2,0.0,6.6,0.0,3.3,10.6,,,72.0,
2018-02-21,9.1,-2.4,3.4,0.0,4.4,14.2,,,71.0,
2018-02-22,8.4,-6.8,0.8,0.0,2.2,9.4,,,60.0,
2018-02-23,10.1,-8.5,0.8,0.0,1.1,6.1,,,54.0,
2018-02-24,14.1,-8.2,3.0,0.0,0.8,3.9,,,49.0,
2018-02-25,15.3,-7.0,4.2,0.0,0.8,3.9,,,46.0,
2018-02-26,16.4,-5.4,5.5,0.0,1.7,7.5,,,40.0,
2018-02-27,3.1,-5.2,-1.0,15.6,1.4,5.8,,,69.0,
2018-02-28,10.8,0.0,5.4,25.4,1.9,12.8,,,97.0,
2018-03-01,13.7,2.1,7.9,3.4,8.1,26.7,,,79.0,
2018-03-02,10.1,0.3,5.2,12.4,8.6,22.2,,,83.0,
2018-03-03,11.4,4.3,7.8,7.6,7.5,16.7,,,81.0,
2018-03-04,11.2,4.0,7.6,1.6,2.2,14.7,,,73.0,
2018-03-05,8.3,3.4,5.8,1.4,7.2,15.3,,,85.0,
2018-03-06,9.6,2.1,5.8,0.2,6.9,19.4,,,75.0,
2018-03-07,11.0,0.4,5.7,1.4,2.2,8.6,,,63.0,
2018-03-08,14.0,4.1,9.0,0.0,4.4,11.7,,,82.0,
2018-03-09,13.4,7.5,10.4,19.2,5.6,16.7,,,87.0,
2018-03-10,13.2,6.0,9.6,1.6,6.7,19.7,,,75.0,
2018-03-11,10.3,5.4,7.8,1.0,9.4,20.3,,,80.0,
2018-03-12,11.2,5.5,8.4,5.2,7.5,15.6,,,77.0,
2018-03-13,12.9,5.2,9.0,0.6,5.0,14.4,,,82.0,
2018-03-14,15.0,4.2,9.6,8.4,7.8,22.2,,,82.0,
2018-03-15,9.9,3.1,6.5,4.2,6.4,14.7,,,85.0,
2018-03-16,9.3,2.5,5.9,2.6,6.9,14.7,,,81.0,
2018-03-17,8.4,0.4,4.4,2.4,4.7,12.2,,,81.0,
2018-03-18,10.7,1.7,6.2,0.0,4.7,12.5,,,66.0,
2018-03-19,9.2,1.2,5.2,3.0,9.2,19.2,,,71.0,
2018-03-20,8.1,0.0,4.0,0.0,5.6,12.2,,,71.0,
2018-03-21,8.5,-1.1,3.7,0.0,4.2,13.3,,,61.0,
2018-03-22,11.2,-4.1,3.6,0.0,1.4,5.8,,,62.0,
2018-03-23,11.5,1.8,6.6,2.2,6.9,19.2,,,82.0,
2018-03-24,10.5,0.8,5.6,0.0,12.2,24.2,,,70.0,
2018-03-25,10.8,1.7,6.2,0.0,5.3,12.2,,,62.0,
2018-03-26,13.8,-0.6,6.6,0.0,2.8,7.5,,,58.0,
2018-03-27,19.3,4.8,12.0,0.0,3.9,7.5,,,64.0,
2018-03-28,16.5,5.6,11.0,0.0,7.2,13.3,,,61.0,
2018-03-29,12.0,4.1,8.0,1.4,6.1,17.5,,,64.0,
2018-03-30,9.7,1.4,5.6,3.6,7.8,18.9,,,77.0,
2018-03-31,12.1,1.9,7.0,0.0,6.1,15.0,,,63.0,
2018-04-01,19.1,2.3,10.7,0.0,4.4,11.7,,,58.0,
2018-04-02,16.9,6.6,11.8,0.4,5.6,15.0,,,68.0,
2018-04-03,14.1,6.3,10.2,1.6,9.7,21.1,,,70.0,
2018-04-04,13.8,4.4,9.1,0.2,8.9,17.5,,,75.0,
2018-04-05,20.8,0.5,10.6,0.0,0.8,10.0,,,56.0,
2018-04-06,20.7,1.6,11.2,2.6,5.0,15.8,,,57.0,
2018-04-07,10.4,4.4,7.4,6.4,1.7,7.8,,,82.0,
2018-04-08,13.6,3.9,8.8,3.4,4.2,13.6,,,81.0,
2018-04-09,8.6,2.9,5.8,3.2,5.0,11.1,,,81.0,
2018-04-10,7.7,1.4,4.6,7.6,6.1,17.2,,,87.0,
2018-04-11,11.1,1.9,6.5,0.0,6.9,13.9,,,70.0,
2018-04-12,12.3,3.2,7.8,3.8,3.9,10.6,,,73.0,
2018-04-13,10.7,4.6,7.6,3.4,3.1,7.8,,,85.0,
2018-04-14,17.0,2.9,10.0,0.6,1.1,6.1,,,66.0,
2018-04-15,15.5,6.1,10.8,11.0,5.0,11.9,,,84.0,
2018-04-16,14.8,4.2,9.5,0.0,2.5,7.5,,,68.0,
2018-04-17,23.6,3.1,13.4,0.0,1.7,5.0,,,56.0,
2018-04-18,25.9,5.7,15.8,0.0,1.7,5.8,,,51.0,
2018-04-19,23.9,10.8,17.4,0.0,4.4,10.3,,,48.0,
2018-04-20,20.6,7.4,14.0,0.0,3.9,11.1,,,55.0,
2018-04-21,17.6,9.4,13.5,0.0,6.1,11.7,,,64.0,
2018-04-22,22.0,9.8,15.9,6.4,3.3,17.5,,,72.0,
2018-04-23,24.5,8.1,16.3,0.0,1.9,6.1,,,66.0,
2018-04-24,27.0,9.1,18.0,1.4,2.5,13.3,,,57.0,
2018-04-25,27.0,7.9,17.4,0.0,2.2,10.3,,,60.0,
2018-04-26,25.2,6.0,15.6,0.0,1.9,7.2,,,62.0,
2018-04-27,19.1,8.6,13.8,0.0,4.4,10.0,,,57.0,
2018-04-28,14.9,5.8,10.4,3.6,6.1,12.5,,,59.0,
2018-04-29,10.9,2.3,6.6,1.6,9.2,16.7,,,76.0,
2018-04-30,11.9,0.7,6.3,1.8,3.9,13.3,,,78.0,
2018-05-01,15.2,1.3,8.2,0.0,2.2,7.5,,,52.0,
2018-05-02,16.2,3.1,9.6,0.0,3.1,8.6,,,58.0,
2018-05-03,15.1,4.3,9.7,0.0,4.7,10.3,,,60.0,
2018-05-04,16.7,1.0,8.8,0.0,4.7,11.7,,,56.0,
2018-05-05,23.6,2.7,13.2,0.0,1.4,5.0,,,54.0,
2018-05-06,25.7,5.7,15.7,0.2,2.5,8.1,,,62.0,
2018-05-07,27.1,7.1,17.1,2.2,1.4,16.4,,,52.0,
2018-05-08,26.7,10.2,18.4,0.2,3.6,11.4,,,61.0,
2018-05-09,24.2,7.2,15.7,0.0,3.3,9.7,,,58.0,
2018-05-10,21.2,7.5,14.4,0.0,4.2,9.4,,,46.0,
2018-05-11,23.7,4.7,14.2,0.0,4.4,13.9,,,50.0,
2018-05-12,15.9,3.7,9.8,0.0,7.8,13.3,,,48.0,
2018-05-13,15.8,0.0,7.9,0.0,4.4,11.9,,,49.0,
2018-05-14,18.2,6.0,12.1,0.0,4.7,8.3,,,55.0,
2018-05-15,21.5,0.1,10.8,0.0,3.9,9.7,,,42.0,
2018-05-16,25.3,3.4,14.4,0.0,3.1,10.0,,,39.0,
2018-05-17,25.5,6.0,15.8,11.8,3.6,12.8,,,58.0,
2018-05-18,21.4,8.8,15.1,3.4,4.2,10.8,,,72.0,
2018-05-19,23.1,6.9,15.0,0.0,2.8,8.9,,,59.0,
2018-05-20,24.3,7.6,16.0,0.0,3.6,15.3,,,53.0,
2018-05-21,24.6,9.6,17.1,3.8,3.6,9.7,,,59.0,
2018-05-22,27.4,9.6,18.5,0.0,3.9,9.2,,,56.0,
2018-05-23,26.9,10.1,18.5,0.0,1.9,8.9,,,54.0,
2018-05-24,23.0,11.1,17.0,7.0,3.6,11.4,,,72.0,
2018-05-25,18.1,10.0,14.0,1.2,4.7,12.8,,,84.0,
2018-05-26,22.6,10.0,16.3,0.0,3.1,8.6,,,65.0,
2018-05-27,24.4,9.4,16.9,1.0,2.8,9.2,,,62.0,
2018-05-28,17.7,11.3,14.5,0.4,3.1,7.8,,,85.0,
2018-05-29,18.3,9.3,13.8,0.2,1.4,10.3,,,74.0,
2018-05-30,20.3,11.5,15.9,0.0,5.8,11.7,,,68.0,
2018-05-31,20.8,11.1,16.0,0.0,3.3,11.7,,,63.0,
2018-06-01,23.6,9.6,16.6,6.8,3.6,12.8,,,65.0,
2018-06-02,24.2,10.8,17.5,0.0,2.8,8.9,,,58.0,
2018-06-03,23.3,12.1,17.7,0.0,5.0,14.2,,,57.0,
2018-06-04,18.5,9.9,14.2,2.2,5.0,12.8,,,66.0,
2018-06-05,15.5,9.1,12.3,9.8,2.8,13.6,,,81.0,
2018-06-06,20.9,8.6,14.8,0.0,2.2,6.7,,,66.0,
2018-06-07,20.8,9.9,15.4,7.2,3.1,9.4,,,72.0,
2018-06-08,21.0,11.6,16.3,0.8,5.3,14.7,,,80.0,
2018-06-09,17.7,10.7,14.2,1.8,3.3,9.4,,,75.0,
2018-06-10,18.6,11.1,14.8,3.2,5.0,11.9,,,80.0,
2018-06-11,18.1,10.9,14.5,3.8,3.9,7.5,,,84.0,
2018-06-12,23.0,10.2,16.6,2.0,4.2,10.8,,,69.0,
2018-06-13,21.3,8.4,14.8,0.0,2.5,7.2,,,58.0,
2018-06-14,24.3,7.1,15.7,0.0,2.2,8.6,,,50.0,
2018-06-15,28.4,9.3,18.8,0.0,2.8,7.5,,,47.0,
2018-06-16,27.9,9.9,18.9,0.0,2.5,6.9,,,51.0,
2018-06-17,27.6,9.2,18.4,0.0,3.1,8.1,,,46.0,
2018-06-18,28.3,10.3,19.3,0.0,3.9,10.3,,,47.0,
2018-06-19,31.7,11.1,21.4,0.0,2.5,6.4,,,49.0,
2018-06-20,34.1,13.6,23.8,2.2,3.9,10.0,,,40.0,
2018-06-21,31.7,15.1,23.4,0.0,2.8,17.2,,,60.0,
2018-06-22,33.9,13.2,23.6,0.0,3.6,11.7,,,47.0,
2018-06-23,34.4,13.6,24.0,0.0,2.5,11.9,,,44.0,
2018-06-24,36.4,14.4,25.4,0.0,2.8,7.8,,,37.0,
2018-06-25,36.7,15.2,26.0,0.8,4.4,19.7,,,42.0,
2018-06-26,33.6,16.1,24.8,0.4,2.5,7.8,,,57.0,
2018-06-27,30.0,14.9,22.4,0.0,3.1,10.0,,,50.0,
2018-06-28,31.9,14.1,23.0,0.0,1.9,12.2,,,45.0,
2018-06-29,30.9,13.5,22.2,1.6,2.2,10.8,,,49.0,
2018-06-30,27.4,13.3,20.4,0.0,6.7,11.9,,,52.0,
2018-07-01,25.6,9.7,17.6,0.0,5.3,11.4,,,48.0,
2018-07-02,25.5,11.1,18.3,0.0,5.3,12.8,,,50.0,
2018-07-03,28.5,13.9,21.2,0.0,3.1,10.3,,,45.0,
2018-07-04,24.9,13.1,19.0,0.0,6.4,13.3,,,51.0,
2018-07-05,27.9,12.3,20.1,0.0,2.5,5.8,,,50.0,
2018-07-06,30.0,10.5,20.2,4.8,2.5,9.2,,,42.0,
2018-07-07,32.6,12.9,22.8,1.8,1.4,7.5,,,57.0,
2018-07-08,33.8,12.7,23.2,0.0,1.9,10.3,,,46.0,
2018-07-09,32.9,12.6,22.8,0.0,3.3,8.6,,,44.0,
2018-07-10,32.7,12.4,22.6,0.0,2.8,7.8,,,42.0,
2018-07-11,29.7,14.9,22.3,0.0,3.1,11.7,,,44.0,
2018-07-12,32.1,11.3,21.7,0.0,2.2,8.3,,,44.0,
2018-07-13,33.7,13.2,23.4,0.6,3.1,12.5,,,46.0,
2018-07-14,32.3,12.7,22.5,0.0,3.9,11.9,,,42.0,
2018-07-15,28.1,14.1,21.1,0.0,3.9,11.1,,,43.0,
2018-07-16,29.5,13.0,21.2,0.0,2.8,8.1,,,48.0,
2018-07-17,33.2,11.6,22.4,0.0,1.4,7.5,,,37.0,
2018-07-18,31.0,13.3,22.2,0.0,5.3,11.7,,,34.0,
2018-07-19,31.0,13.2,22.1,0.0,5.0,14.7,,,38.0,
2018-07-20,29.3,11.5,20.4,6.2,2.8,15.6,,,65.0,
2018-07-21,26.4,10.7,18.6,0.0,2.8,7.8,,,58.0,
2018-07-22,31.0,11.0,21.0,0.0,2.8,7.2,,,47.0,
2018-07-23,34.7,12.6,23.6,0.0,3.9,11.1,,,39.0,
2018-07-24,32.9,14.2,23.6,0.0,3.3,10.3,,,33.0,
2018-07-25,34.0,12.0,23.0,0.0,3.1,8.6,,,33.0,
2018-07-26,32.9,16.1,24.5,0.0,3.9,9.4,,,40.0,
2018-07-27,31.9,14.5,23.2,0.0,5.8,11.7,,,42.0,
2018-07-28,31.6,11.9,21.8,0.0,3.1,9.4,,,38.0,
2018-07-29,30.6,13.7,22.2,0.0,4.4,9.2,,,40.0,
2018-07-30,31.8,13.5,22.6,0.0,3.9,10.0,,,39.0,
2018-07-31,33.9,14.0,24.0,0.0,2.2,8.3,,,44.0,
2018-08-01,36.5,13.5,25.0,0.0,2.2,7.2,,,42.0,
2018-08-02,39.4,15.4,27.4,0.0,2.2,6.4,,,34.0,
2018-08-03,38.9,17.2,28.0,0.0,3.6,10.0,,,28.0,
2018-08-04,37.8,15.6,26.7,0.0,2.8,10.0,,,30.0,
2018-08-05,37.2,14.8,26.0,0.0,3.3,7.2,,,31.0,
2018-08-06,40.2,16.9,28.6,0.0,4.2,28.9,,,23.0,
2018-08-07,30.2,15.4,22.8,0.0,5.0,10.6,,,41.0,
2018-08-08,31.7,11.4,21.6,0.0,4.4,12.8,,,41.0,
2018-08-09,27.3,12.0,19.6,0.0,2.8,9.4,,,37.0,
2018-08-10,31.5,8.6,20.0,0.0,3.3,8.1,,,42.0,
2018-08-11,35.1,10.7,22.9,0.0,2.8,8.9,,,35.0,
2018-08-12,34.0,14.9,24.4,0.0,6.1,13.6,,,30.0,
2018-08-13,31.2,13.6,22.4,0.0,2.8,7.5,,,43.0,
2018-08-14,30.6,12.1,21.4,0.0,3.3,9.2,,,41.0,
2018-08-15,32.9,8.1,20.5,0.0,2.2,8.9,,,38.0,
2018-08-16,34.1,12.5,23.3,0.0,3.1,9.4,,,28.0,
2018-08-17,29.2,13.6,21.4,0.0,5.0,11.4,,,51.0,
2018-08-18,29.5,8.6,19.0,0.0,3.3,7.5,,,41.0,
2018-08-19,32.7,10.3,21.5,0.0,3.9,7.8,,,39.0,
2018-08-20,33.9,12.5,23.2,0.0,2.8,6.7,,,38.0,
2018-08-21,35.0,11.7,23.4,0.0,3.3,11.9,,,39.0,
2018-08-22,34.2,15.9,25.0,0.0,1.9,15.6,,,36.0,
2018-08-23,33.8,14.6,24.2,0.0,2.8,9.7,,,35.0,
2018-08-24,30.8,13.0,21.9,0.0,2.8,8.1,,,43.0,
2018-08-25,29.4,9.7,19.6,0.0,2.2,7.2,,,46.0,
2018-08-26,32.9,9.3,21.1,0.0,1.7,6.7,,,39.0,
2018-08-27,35.8,11.3,23.6,0.0,2.8,13.3,,,26.0,
2018-08-28,31.5,16.7,24.1,0.0,4.7,12.2,,,32.0,
2018-08-29,31.7,14.4,23.0,0.0,2.8,8.6,,,50.0,
2018-08-30,32.7,11.1,21.9,0.0,1.7,10.6,,,43.0,
2018-08-31,32.4,11.5,22.0,0.0,2.2,7.2,,,41.0,
2018-09-01,34.3,10.6,22.4,0.0,2.2,7.2,,,39.0,
2018-09-02,35.9,13.7,24.8,8.2,2.2,17.2,,,35.0,
2018-09-03,32.3,16.9,24.6,0.0,3.6,14.7,,,45.0,
2018-09-04,29.6,10.2,19.9,2.0,2.5,14.2,,,56.0,
2018-09-05,26.1,13.7,19.9,1.0,2.5,11.7,,,72.0,
2018-09-06,27.0,14.2,20.6,0.0,3.3,9.7,,,58.0,
2018-09-07,28.8,11.0,19.9,0.0,3.1,7.2,,,48.0,
2018-09-08,27.3,12.6,20.0,2.8,3.9,13.3,,,62.0,
2018-09-09,28.4,12.0,20.2,0.0,1.9,8.1,,,49.0,
2018-09-10,30.0,9.9,20.0,0.0,2.5,5.8,,,54.0,
2018-09-11,31.6,12.2,21.9,0.0,3.1,8.9,,,49.0,
2018-09-12,32.1,12.9,22.5,0.0,2.2,6.7,,,43.0,
2018-09-13,32.1,11.7,21.9,,2.2,10.3,,,44.0,
2018-09-14,33.2,12.5,22.8,,2.2,9.2,,,43.0,
2018-09-15,32.7,10.8,21.8,,1.1,6.1,,,43.0,
2018-09-16,32.5,13.7,23.1,,1.9,10.8,,,41.0,
2018-09-17,32.0,13.2,22.6,,1.9,10.6,,,39.0,
2018-09-18,32.0,14.8,23.4,,2.8,13.3,,,48.0,
2018-09-19,32.4,12.5,22.4,,1.7,7.5,,,45.0,
2018-09-20,31.9,12.6,22.2,,3.3,10.0,,,42.0,
2018-09-21,30.1,12.0,21.0,,1.9,6.7,,,42.0,
2018-09-22,32.5,9.3,20.9,,1.4,6.7,,,34.0,
2018-09-23,33.7,10.5,22.1,,2.5,8.6,,,31.0,
2018-09-24,28.6,11.1,19.8,,3.3,8.9,,,50.0,
2018-09-25,28.8,6.1,17.4,,2.8,6.1,,,37.0,
2018-09-26,28.8,9.3,19.0,,4.7,12.8,,,48.0,
2018-09-27,30.4,14.9,22.6,,2.5,11.1,,,48.0,
2018-09-28,30.2,10.2,20.2,,1.7,7.2,,,44.0,
2018-09-29,30.5,7.9,19.2,,1.4,6.4,,,46.0,
2018-09-30,29.1,7.7,18.4,,1.9,8.1,,,43.0,
2018-10-01,22.2,6.4,14.3,,3.6,11.7,,,50.0,
2018-10-02,23.5,1.0,12.2,,1.7,7.2,,,44.0,
2018-10-03,27.4,2.2,14.8,0.0,1.4,6.4,,,40.0,
2018-10-04,28.5,4.0,16.2,0.0,1.4,6.7,,,40.0,
2018-10-05,29.9,4.6,17.2,0.0,1.4,8.6,,,27.0,
2018-10-06,26.9,7.9,17.4,0.0,5.6,15.8,,,37.0,
2018-10-07,18.0,3.0,10.5,0.0,2.5,10.6,,,50.0,
2018-10-08,19.4,1.2,10.3,0.0,2.5,8.9,,,58.0,
2018-10-09,22.6,1.3,12.0,0.0,2.2,12.5,,,50.0,
2018-10-10,22.4,7.5,15.0,0.0,4.2,12.8,,,54.0,
2018-10-11,21.5,8.3,14.9,0.0,5.6,14.4,,,70.0,
2018-10-12,24.5,8.2,16.4,0.0,2.8,9.2,,,64.0,
2018-10-13,27.3,8.3,17.8,5.2,3.6,11.4,,,55.0,
2018-10-14,20.7,7.9,14.3,0.0,5.0,16.9,,,79.0,
2018-10-15,14.2,6.3,10.2,6.6,2.8,6.9,,,89.0,
2018-10-16,19.0,7.3,13.2,0.2,1.9,4.7,,,82.0,
2018-10-17,21.2,4.5,12.8,0.0,2.2,8.6,,,72.0,
2018-10-18,21.6,10.9,16.2,0.0,5.0,11.9,,,67.0,
2018-10-19,19.3,13.1,16.2,3.2,5.0,13.3,,,73.0,
2018-10-20,21.5,11.9,16.7,0.4,3.6,10.8,,,76.0,
2018-10-21,23.3,9.8,16.6,0.0,2.8,10.3,,,68.0,
2018-10-22,21.6,5.4,13.5,0.0,3.1,8.6,,,60.0,
2018-10-23,24.9,1.6,13.2,0.0,1.1,5.8,,,56.0,
2018-10-24,22.8,1.6,12.2,0.0,1.4,3.9,,,64.0,
2018-10-25,24.7,0.0,12.4,0.0,0.6,4.2,,,55.0,
2018-10-26,19.9,6.0,13.0,0.2,1.7,7.2,,,71.0,
2018-10-27,11.6,2.2,6.9,1.6,6.1,11.1,,,75.0,
2018-10-28,9.2,-2.4,3.4,0.2,4.7,11.1,,,64.0,
2018-10-29,11.4,-1.6,4.9,3.4,5.6,16.7,,,56.0,
2018-10-30,10.6,4.2,7.4,10.0,3.9,11.1,,,87.0,
2018-10-31,10.5,5.4,8.0,0.0,2.8,6.7,,,86.0,
2018-11-01,15.3,2.1,8.7,0.2,2.2,9.2,,,71.0,
2018-11-02,18.8,6.4,12.6,0.0,4.4,13.3,,,73.0,
2018-11-03,18.2,0.8,9.5,0.0,1.1,4.2,,,70.0,
2018-11-04,18.9,-0.7,9.1,16.0,4.7,12.5,,,71.0,
2018-11-05,9.3,5.2,7.2,4.0,5.6,13.3,,,90.0,
2018-11-06,9.4,4.9,7.2,1.2,6.1,13.3,,,85.0,
2018-11-07,13.0,4.0,8.5,0.4,5.3,14.7,,,76.0,
2018-11-08,15.0,4.0,9.5,3.4,4.2,16.7,,,79.0,
2018-11-09,11.1,3.2,7.2,0.0,5.8,14.7,,,80.0,
2018-11-10,13.7,8.1,10.9,2.0,8.1,19.4,,,89.0,
2018-11-11,14.7,7.7,11.2,2.8,5.6,14.2,,,86.0,
2018-11-12,10.5,7.7,9.1,6.6,1.7,9.2,,,97.0,
2018-11-13,10.0,5.9,8.0,0.2,1.4,5.0,,,96.0,
2018-11-14,17.3,3.2,10.2,0.0,4.4,12.5,,,81.0,
2018-11-15,18.7,6.5,12.6,0.0,3.1,8.9,,,80.0,
2018-11-16,17.7,4.5,11.1,0.0,3.6,9.7,,,83.0,
2018-11-17,16.5,6.1,11.3,0.0,5.6,15.3,,,79.0,
2018-11-18,13.3,5.5,9.4,4.0,4.2,9.2,,,83.0,
2018-11-19,13.3,3.8,8.6,1.8,1.9,7.2,,,86.0,
2018-11-20,11.0,6.9,9.0,0.4,5.8,15.0,,,85.0,
2018-11-21,11.5,4.8,8.2,0.0,5.8,13.3,,,78.0,
2018-11-22,10.6,1.3,6.0,5.0,2.5,6.7,,,82.0,
2018-11-23,11.0,3.2,7.1,0.0,3.6,10.6,,,80.0,
2018-11-24,12.5,3.3,7.9,3.8,4.4,11.1,,,73.0,
2018-11-25,13.8,7.0,10.4,9.6,3.1,15.6,,,85.0,
2018-11-26,12.3,2.7,7.5,0.0,5.6,21.4,,,77.0,
2018-11-27,11.5,0.8,6.2,0.0,2.2,4.4,,,82.0,
2018-11-28,14.5,-0.9,6.8,0.0,1.4,5.0,,,68.0,
2018-11-29,12.7,-1.8,5.4,8.0,5.0,10.3,,,69.0,
2018-11-30,12.1,1.7,6.9,0.2,1.7,6.7,,,87.0,
2018-12-01,12.0,1.4,6.7,0.0,4.4,10.0,,,77.0,
2018-12-02,14.2,4.0,9.1,0.0,3.3,7.8,,,82.0,
2018-12-03,15.9,3.3,9.6,0.0,1.4,6.1,,,88.0,
2018-12-04,9.5,2.9,6.2,0.4,1.1,4.2,,,99.0,
2018-12-05,16.0,-0.2,7.9,0.0,1.4,6.7,,,97.0,
2018-12-06,8.7,1.4,5.0,0.2,1.1,4.4,,,100.0,
2018-12-07,15.0,0.2,7.6,0.0,4.4,10.0,,,83.0,
2018-12-08,16.2,3.8,10.0,0.0,1.1,5.0,,,84.0,
2018-12-09,19.3,0.6,10.0,0.0,0.8,5.3,,,82.0,
2018-12-10,13.4,-2.4,5.5,0.0,0.6,3.6,,,86.0,
2018-12-11,12.4,-1.5,5.4,0.0,0.8,6.9,,,82.0,
2018-12-12,7.7,-0.3,3.7,4.6,2.5,10.6,,,97.0,
2018-12-13,8.7,1.0,4.8,0.0,8.1,20.8,,,83.0,
2018-12-14,10.8,0.1,5.4,0.8,4.2,8.6,,,85.0,
2018-12-15,12.8,6.3,9.6,0.8,5.0,13.1,,,86.0,
2018-12-16,11.5,1.7,6.6,1.2,8.9,17.2,,,83.0,
2018-12-17,8.6,-0.4,4.1,0.0,1.1,6.1,,,85.0,
2018-12-18,10.0,-1.6,4.2,0.4,3.6,13.3,,,85.0,
2018-12-19,9.5,2.7,6.1,0.4,5.6,13.3,,,85.0,
2018-12-20,10.4,5.2,7.8,0.0,4.4,11.1,,,90.0,
2018-12-21,13.1,6.4,9.8,0.0,3.6,7.5,,,86.0,
2018-12-22,13.4,1.7,7.6,0.0,1.4,6.1,,,86.0,
2018-12-23,6.8,-0.2,3.3,0.2,1.4,4.7,,,99.0,
2018-12-24,4.2,-0.5,1.8,0.4,1.4,3.6,,,100.0,
2018-12-25,4.6,0.1,2.4,0.0,1.1,3.6,,,100.0,
2018-12-26,12.3,-1.9,5.2,0.2,0.8,3.1,,,96.0,
2018-12-27,6.8,-2.4,2.2,0.2,0.6,3.6,,,98.0,
2018-12-28,4.8,0.9,2.8,0.0,1.7,3.9,,,100.0,
2018-12-29,9.8,-1.6,4.1,0.0,0.8,3.6,,,99.0,
2018-12-30,10.3,-2.9,3.7,0.2,0.6,3.1,,,98.0,
2018-12-31,12.1,-5.3,3.4,0.2,1.1,3.1,,,96.0,
2019-01-01,14.5,-4.5,5.0,0.0,0.8,2.2,,,86.0,
2019-01-02,7.4,-4.8,1.3,0.0,1.1,6.1,,,92.0,
2019-01-03,1.3,-4.8,-1.8,0.0,0.3,3.6,,,99.0,
2019-01-04,0.6,-6.5,-3.0,0.2,0.3,2.2,,,100.0,
2019-01-05,10.2,-7.2,1.5,0.2,1.1,3.1,,,83.0,
2019-01-06,10.3,-7.9,1.2,0.0,1.1,3.3,,,73.0,
2019-01-07,9.6,-7.7,1.0,0.0,0.8,5.3,,,74.0,
2019-01-08,2.4,-7.1,-2.4,0.0,0.3,2.5,,,98.0,
2019-01-09,9.3,-4.3,2.5,0.0,0.8,5.6,,,88.0,
2019-01-10,6.6,-3.2,1.7,0.0,2.5,10.3,,,72.0,
2019-01-11,6.4,-5.7,0.4,0.0,2.5,9.2,,,78.0,
2019-01-12,10.5,-5.1,2.7,0.0,0.3,4.7,,,80.0,
2019-01-13,9.2,-5.4,1.9,0.0,1.1,4.4,,,90.0,
2019-01-14,11.4,-5.0,3.2,0.0,1.4,5.3,,,84.0,
2019-01-15,1.8,-3.9,-1.0,0.0,0.8,3.3,,,100.0,
2019-01-16,6.7,-6.3,0.2,0.2,1.4,6.9,,,97.0,
2019-01-17,7.3,-4.0,1.6,0.0,1.9,5.0,,,93.0,
2019-01-18,6.5,-4.0,1.2,0.0,1.7,8.9,,,86.0,
2019-01-19,6.5,0.6,3.6,8.8,5.0,12.8,,,94.0,
2019-01-20,9.8,-0.6,4.6,0.0,3.6,9.4,,,83.0,
2019-01-21,11.0,-2.7,4.2,0.0,0.8,3.9,,,83.0,
2019-01-22,5.7,-1.1,2.3,1.8,4.2,11.4,,,94.0,
2019-01-23,11.1,4.3,7.7,0.0,8.6,14.2,,,82.0,
2019-01-24,15.5,2.8,9.2,0.0,5.6,13.1,,,76.0,
2019-01-25,15.6,-0.5,7.6,0.0,0.8,7.8,,,76.0,
2019-01-26,15.9,-3.4,6.2,0.0,0.6,6.4,,,80.0,
2019-01-27,10.8,0.9,5.8,0.0,5.8,13.9,,,72.0,
2019-01-28,11.4,0.7,6.0,0.0,7.8,15.0,,,78.0,
2019-01-29,9.1,0.4,4.8,0.8,8.6,17.2,,,84.0,
2019-01-30,7.9,1.0,4.4,1.4,6.4,15.0,,,84.0,
2019-01-31,12.8,7.7,10.2,3.8,11.1,18.9,,,85.0,
2019-02-01,8.7,0.3,4.5,2.2,10.8,21.1,,,87.0,
2019-02-02,6.4,-0.5,3.0,0.0,6.4,14.7,,,76.0,
2019-02-03,7.8,-4.9,1.4,0.0,2.2,6.1,,,69.0,
2019-02-04,13.0,-5.2,3.9,0.0,0.6,3.6,,,66.0,
2019-02-05,17.3,-2.0,7.6,0.0,1.1,2.8,,,70.0,
2019-02-06,17.3,-2.4,7.4,0.0,1.1,6.7,,,71.0,
2019-02-07,15.1,-0.9,7.1,0.0,1.4,5.8,,,72.0,
2019-02-08,14.5,-3.2,5.6,0.0,2.8,8.9,,,79.0,
2019-02-09,13.2,3.0,8.1,0.0,3.3,9.7,,,73.0,
2019-02-10,12.6,5.3,9.0,0.8,8.3,17.5,,,82.0,
2019-02-11,11.0,-1.3,4.8,0.0,2.2,7.8,,,72.0,
2019-02-12,14.1,-3.5,5.3,0.0,0.8,3.6,,,65.0,
2019-02-13,19.9,-3.6,8.2,0.0,0.6,2.8,,,59.0,
2019-02-14,18.0,0.8,9.4,0.0,5.8,10.8,,,42.0,
2019-02-15,18.2,-2.9,7.6,0.0,1.1,4.4,,,58.0,
2019-02-16,18.2,-2.0,8.1,0.0,3.6,11.7,,,52.0,
2019-02-17,16.9,1.5,9.2,0.0,5.3,11.7,,,39.0,
2019-02-18,15.1,1.1,8.1,0.0,4.4,10.3,,,57.0,
2019-02-19,15.1,2.6,8.8,0.0,2.2,6.7,,,76.0,
2019-02-20,16.1,0.4,8.2,0.0,1.9,6.9,,,66.0,
2019-02-21,17.8,-1.7,8.0,0.0,3.6,10.6,,,58.0,
2019-02-22,21.1,-3.0,9.0,0.0,1.7,7.2,,,52.0,
2019-02-23,18.5,-1.9,8.3,0.0,0.8,3.6,,,56.0,
2019-02-24,20.6,-1.7,9.4,0.0,1.1,4.7,,,58.0,
2019-02-25,23.6,-1.8,10.9,0.0,0.8,3.6,,,56.0,
2019-02-26,20.5,-1.7,9.4,0.0,5.3,13.9,,,51.0,
2019-02-27,20.2,-0.5,9.8,0.0,1.9,7.5,,,45.0,
2019-02-28,18.2,0.0,9.1,0.0,1.7,5.3,,,65.0,
2019-03-01,20.3,-3.3,8.5,0.0,0.8,5.0,,,58.0,
2019-03-02,20.7,1.8,11.2,0.0,2.5,5.3,,,56.0,
2019-03-03,20.6,-0.7,10.0,0.0,4.7,15.3,,,50.0,
2019-03-04,13.8,6.6,10.2,0.0,5.8,12.2,,,64.0,
2019-03-05,15.6,4.8,10.2,0.0,5.0,13.9,,,63.0,
2019-03-06,12.0,3.6,7.8,7.6,8.9,21.7,,,75.0,
2019-03-07,11.1,0.9,6.0,0.6,5.8,12.2,,,75.0,
2019-03-08,14.7,3.1,8.9,0.2,1.7,5.3,,,73.0,
2019-03-09,19.9,0.0,10.0,0.0,1.4,4.4,,,64.0,
2019-03-10,21.0,3.6,12.3,0.0,3.3,7.8,,,70.0,
2019-03-11,19.0,2.0,10.5,0.0,2.2,6.4,,,64.0,
2019-03-12,19.9,-1.4,9.2,0.0,6.1,13.6,,,60.0,
2019-03-13,13.0,0.7,6.8,0.0,3.6,10.6,,,55.0,
2019-03-14,17.9,-3.5,7.2,0.0,1.1,3.9,,,54.0,
2019-03-15,24.7,-1.9,11.4,0.0,0.8,3.6,,,44.0,
2019-03-16,23.9,-1.5,11.2,0.0,2.8,10.0,,,44.0,
2019-03-17,15.8,2.9,9.4,0.0,3.1,10.8,,,63.0,
2019-03-18,12.9,-2.5,5.2,0.0,3.6,10.0,,,55.0,
2019-03-19,13.7,-1.7,6.0,0.0,4.2,11.4,,,59.0,
2019-03-20,14.4,-1.9,6.2,0.0,3.6,9.7,,,55.0,
2019-03-21,17.3,-3.7,6.8,0.0,1.1,5.0,,,47.0,
2019-03-22,19.2,-3.6,7.8,0.0,1.9,7.2,,,44.0,
2019-03-23,21.4,1.5,11.4,0.0,2.2,10.6,,,45.0,
2019-03-24,21.6,2.4,12.0,0.0,2.2,8.9,,,42.0,
2019-03-25,17.3,0.5,8.9,0.0,3.9,10.0,,,51.0,
2019-03-26,20.4,-4.4,8.0,0.0,4.4,12.5,,,41.0,
2019-03-27,20.0,-4.0,8.0,0.0,3.3,9.2,,,34.0,
2019-03-28,20.3,-3.7,8.3,0.0,2.2,7.5,,,34.0,
2019-03-29,19.6,0.8,10.2,0.0,3.6,13.6,,,30.0,
2019-03-30,21.4,2.1,11.8,0.0,1.1,7.5,,,40.0,
2019-03-31,20.3,1.0,10.6,0.0,2.5,10.8,,,53.0,
2019-04-01,20.0,0.6,10.3,0.0,1.7,6.1,,,52.0,
2019-04-02,18.9,4.7,11.8,0.2,3.1,11.4,,,51.0,
2019-04-03,13.1,-1.4,5.8,0.0,4.7,11.4,,,52.0,
2019-04-04,12.6,-4.5,4.0,2.0,5.6,11.9,,,52.0,
2019-04-05,8.9,2.3,5.6,2.2,3.9,13.6,,,76.0,
2019-04-06,9.5,2.3,5.9,0.0,9.7,21.4,,,70.0,
2019-04-07,11.9,1.7,6.8,3.4,3.9,12.5,,,74.0,
2019-04-08,14.7,4.4,9.6,0.2,6.1,12.2,,,69.0,
2019-04-09,13.2,2.4,7.8,1.4,7.2,15.0,,,69.0,
2019-04-10,12.9,3.8,8.4,7.0,3.3,11.1,,,78.0,
2019-04-11,15.4,0.2,7.8,0.0,1.9,6.7,,,60.0,
2019-04-12,17.7,-1.8,8.0,0.0,1.1,7.5,,,57.0,
2019-04-13,22.5,0.0,11.2,0.0,2.2,6.4,,,45.0,
2019-04-14,22.5,9.5,16.0,0.0,2.2,6.1,,,66.0,
2019-04-15,21.5,5.6,13.6,0.6,6.9,18.1,,,70.0,
2019-04-16,21.3,1.1,11.2,0.0,2.8,11.9,,,52.0,
2019-04-17,21.0,5.7,13.4,0.8,7.5,20.6,,,51.0,
2019-04-18,13.3,7.7,10.5,4.6,2.5,7.2,,,80.0,
2019-04-19,14.9,6.6,10.8,0.0,4.2,13.1,,,80.0,
2019-04-20,21.9,8.3,15.1,0.0,4.2,15.0,,,48.0,
2019-04-21,16.4,4.4,10.4,0.0,3.6,10.6,,,59.0,
2019-04-22,19.1,2.3,10.7,1.2,3.3,12.2,,,64.0,
2019-04-23,13.1,2.8,8.0,5.0,6.1,16.1,,,67.0,
2019-04-24,15.6,2.6,9.1,6.2,8.6,22.5,,,83.0,
2019-04-25,11.9,4.8,8.4,0.0,9.7,21.9,,,71.0,
2019-04-26,15.9,4.0,10.0,0.0,5.0,11.4,,,57.0,
2019-04-27,21.3,0.9,11.1,0.0,1.7,6.7,,,52.0,
2019-04-28,24.0,3.1,13.6,0.0,1.9,6.1,,,50.0,
2019-04-29,25.7,3.1,14.4,0.0,1.4,5.8,,,38.0,
2019-04-30,25.8,5.1,15.4,0.0,2.2,6.7,,,43.0,
2019-05-01,26.7,4.0,15.4,0.0,2.2,8.9,,,39.0,
2019-05-02,23.0,4.3,13.6,0.0,3.6,8.6,,,51.0,
2019-05-03,17.9,1.4,9.6,0.0,3.9,14.7,,,51.0,
2019-05-04,22.4,0.3,11.4,0.0,1.9,10.3,,,45.0,
2019-05-05,21.2,2.7,12.0,0.0,2.2,9.2,,,40.0,
2019-05-06,26.4,1.8,14.1,0.0,3.1,,,,36.0,
2019-05-07,21.6,8.3,15.0,0.0,5.6,14.2,,,62.0,
2019-05-08,19.9,8.5,14.2,0.0,9.4,20.8,,,53.0,
2019-05-09,21.1,5.2,13.2,0.0,6.7,15.6,,,63.0,
2019-05-10,24.2,8.1,16.2,0.4,6.9,14.2,,,52.0,
2019-05-11,24.2,4.3,14.2,0.0,3.3,8.6,,,45.0,
2019-05-12,26.0,2.9,14.4,0.0,3.1,9.2,,,28.0,
2019-05-13,27.1,3.2,15.2,0.0,3.6,8.9,,,33.0,
2019-05-14,30.8,1.6,16.2,0.0,2.8,6.9,,,24.0,
2019-05-15,31.5,5.8,18.6,0.0,2.5,7.5,,,26.0,
2019-05-16,27.0,7.6,17.3,3.8,6.9,18.9,,,40.0,
2019-05-17,18.0,6.2,12.1,0.0,8.9,13.9,,,49.0,
2019-05-18,17.6,2.4,10.0,0.2,4.7,10.6,,,47.0,
2019-05-19,19.8,2.8,11.3,0.0,2.5,8.3,,,41.0,
2019-05-20,21.1,0.9,11.0,0.0,2.2,8.9,,,41.0,
2019-05-21,26.1,4.8,15.4,0.0,2.5,6.9,,,39.0,
2019-05-22,28.4,4.7,16.6,0.0,2.5,7.2,,,36.0,
2019-05-23,27.8,11.9,19.8,0.0,4.4,10.8,,,43.0,
2019-05-24,21.5,8.0,14.8,0.0,5.6,10.8,,,48.0,
2019-05-25,21.8,4.4,13.1,0.0,4.2,13.3,,,47.0,
2019-05-26,25.3,4.6,15.0,0.0,2.8,10.6,,,43.0,
2019-05-27,27.1,8.8,18.0,0.0,2.5,15.8,,,39.0,
2019-05-28,23.1,7.1,15.1,0.0,3.6,12.2,,,38.0,
2019-05-29,23.7,4.0,13.8,0.0,4.7,13.1,,,41.0,
2019-05-30,30.0,5.6,17.8,0.0,2.5,13.1,,,33.0,
2019-05-31,33.1,8.1,20.6,0.0,1.9,13.3,,,25.0,
2019-06-01,33.9,9.1,21.5,0.0,2.2,7.2,,,20.0,
2019-06-02,32.7,13.6,23.2,0.0,4.4,11.1,,,24.0,
2019-06-03,31.4,14.1,22.8,0.0,5.6,12.8,,,23.0,
2019-06-04,25.0,10.7,17.8,0.4,6.4,14.7,,,53.0,
2019-06-05,19.3,7.5,13.4,0.0,6.1,12.2,,,48.0,
2019-06-06,22.9,4.5,13.7,2.0,6.1,17.8,,,38.0,
2019-06-07,19.3,5.7,12.5,0.0,5.0,11.1,,,47.0,
2019-06-08,27.4,2.1,14.8,0.0,3.3,10.8,,,36.0,
2019-06-09,24.4,8.1,16.2,0.0,5.3,11.4,,,43.0,
2019-06-10,23.6,4.7,14.2,0.0,2.5,9.7,,,42.0,
2019-06-11,20.0,7.2,13.6,0.0,4.4,13.3,,,40.0,
2019-06-12,23.2,1.9,12.6,0.0,2.2,10.6,,,30.0,
2019-06-13,25.4,4.2,14.8,0.0,4.7,15.0,,,30.0,
2019-06-14,22.4,4.7,13.6,0.0,6.4,14.7,,,34.0,
2019-06-15,25.0,6.5,15.8,0.0,2.5,8.9,,,41.0,
2019-06-16,30.3,4.6,17.4,0.0,2.2,8.3,,,24.0,
2019-06-17,30.9,9.4,20.2,0.0,4.4,12.5,,,31.0,
2019-06-18,26.7,13.8,20.2,0.0,8.1,16.7,,,36.0,
2019-06-19,25.0,12.2,18.6,0.0,5.0,11.1,,,50.0,
2019-06-20,28.6,13.4,21.0,1.6,2.5,11.1,,,43.0,
2019-06-21,26.2,8.2,17.2,0.0,2.5,8.6,,,51.0,
2019-06-22,31.2,8.4,19.8,0.0,3.6,11.1,,,35.0,
2019-06-23,30.3,11.9,21.1,0.0,3.9,10.8,,,27.0,
2019-06-24,29.2,12.2,20.7,0.0,3.9,12.5,,,54.0,
2019-06-25,30.8,11.4,21.1,0.0,3.6,9.2,,,49.0,
2019-06-26,34.0,13.6,23.8,0.0,6.1,18.3,,,33.0,
2019-06-27,37.0,14.7,25.8,0.0,6.1,17.8,,,34.0,
2019-06-28,39.4,15.4,27.4,0.0,5.6,15.3,,,29.0,
2019-06-29,39.3,17.6,28.4,0.0,2.8,10.3,,,34.0,
2019-06-30,37.5,18.9,28.2,0.0,3.9,12.2,,,37.0,
2019-07-01,34.4,15.7,25.0,11.8,1.9,14.4,,,52.0,
2019-07-02,34.8,12.7,23.8,0.0,1.9,7.5,,,38.0,
2019-07-03,33.6,15.2,24.4,0.2,2.8,14.2,,,34.0,
2019-07-04,31.5,14.4,23.0,0.8,3.6,10.6,,,39.0,
2019-07-05,33.1,14.2,23.6,0.0,3.3,10.6,,,30.0,
2019-07-06,31.5,13.6,22.6,0.0,4.4,13.3,,,34.0,
2019-07-07,32.8,13.5,23.2,0.0,3.1,7.8,,,36.0,
2019-07-08,28.4,12.0,20.2,0.0,5.0,16.4,,,50.0,
2019-07-09,26.9,9.9,18.4,0.0,3.6,9.7,,,54.0,
2019-07-10,32.8,8.4,20.6,0.0,2.8,6.7,,,35.0,
2019-07-11,36.7,12.8,24.8,0.0,1.9,6.4,,,26.0,
2019-07-12,39.4,13.4,26.4,0.0,2.2,9.7,,,23.0,
2019-07-13,35.3,16.3,25.8,1.2,6.1,17.5,,,38.0,
2019-07-14,31.5,13.6,22.6,0.0,3.1,8.9,,,48.0,
2019-07-15,33.3,12.7,23.0,0.0,3.1,6.9,,,31.0,
2019-07-16,34.6,14.6,24.6,0.0,3.3,10.0,,,29.0,
2019-07-17,34.7,15.8,25.2,0.0,4.4,9.7,,,36.0,
2019-07-18,33.5,13.0,23.2,0.0,2.8,8.9,,,39.0,
2019-07-19,36.3,12.9,24.6,0.0,3.6,10.0,,,32.0,
2019-07-20,34.8,17.4,26.1,0.0,3.9,13.3,,,32.0,
2019-07-21,37.4,14.1,25.8,0.0,2.5,7.2,,,37.0,
2019-07-22,38.3,20.8,29.6,0.4,3.3,13.1,,,23.0,
2019-07-23,36.4,20.2,28.3,7.2,5.3,20.6,,,38.0,
2019-07-24,37.1,15.9,26.5,0.0,2.8,11.9,,,34.0,
2019-07-25,33.5,16.5,25.0,0.0,7.2,20.6,,,29.0,
2019-07-26,27.7,16.5,22.1,0.0,5.3,11.1,,,42.0,
2019-07-27,25.9,13.8,19.8,0.0,5.8,15.3,,,54.0,
2019-07-28,29.7,8.5,19.1,0.0,1.9,8.6,,,41.0,
2019-07-29,27.7,12.5,20.1,0.0,6.4,13.9,,,39.0,
2019-07-30,27.0,7.7,17.4,0.0,2.5,8.3,,,38.0,
2019-07-31,31.6,7.7,19.6,0.0,3.3,8.9,,,45.0,
2019-08-01,33.1,12.6,22.8,0.0,3.6,9.7,,,39.0,
2019-08-02,34.9,11.2,23.0,0.0,2.2,7.5,,,38.0,
2019-08-03,35.1,13.5,24.3,0.0,3.1,12.5,,,27.0,
2019-08-04,34.3,16.5,25.4,0.0,4.2,10.3,,,36.0,
2019-08-05,34.3,14.0,24.2,0.0,3.6,10.3,,,34.0,
2019-08-06,33.2,15.9,24.6,0.0,3.9,9.7,,,38.0,
2019-08-07,27.2,16.6,21.9,0.0,4.7,12.2,,,48.0,
2019-08-08,32.1,17.8,25.0,0.0,6.9,15.3,,,43.0,
2019-08-09,24.9,13.5,19.2,1.6,8.1,16.7,,,77.0,
2019-08-10,29.1,10.9,20.0,0.6,3.1,9.4,,,50.0,
2019-08-11,24.8,12.5,18.6,0.0,3.9,11.1,,,51.0,
2019-08-12,23.9,6.4,15.2,0.0,2.8,8.6,,,42.0,
2019-08-13,28.2,6.3,17.2,0.0,2.5,7.5,,,35.0,
2019-08-14,32.8,8.6,20.7,0.0,1.7,9.2,,,26.0,
2019-08-15,33.5,13.5,23.5,0.0,2.5,6.4,,,39.0,
2019-08-16,34.3,13.6,24.0,0.0,3.3,11.1,,,33.0,
2019-08-17,35.0,14.4,24.7,0.0,3.3,14.7,,,29.0,
2019-08-18,30.5,14.6,22.6,0.0,5.3,12.2,,,47.0,
2019-08-19,25.9,15.2,20.6,0.0,3.9,9.4,,,55.0,
2019-08-20,27.8,13.0,20.4,0.0,3.9,10.8,,,48.0,
2019-08-21,31.0,13.3,22.2,0.0,2.8,12.5,,,46.0,
2019-08-22,33.3,11.6,22.4,0.0,3.3,7.5,,,36.0,
2019-08-23,34.2,9.5,21.8,0.0,1.7,9.7,,,21.0,
2019-08-24,35.5,12.7,24.1,0.0,1.9,7.5,,,26.0,
2019-08-25,33.7,17.0,25.4,13.4,4.2,13.6,,,30.0,
2019-08-26,26.6,13.2,19.9,1.2,2.2,16.9,,,70.0,
2019-08-27,28.2,12.6,20.4,0.0,2.2,8.3,,,58.0,
2019-08-28,32.0,13.7,22.8,0.0,1.9,6.7,,,47.0,
2019-08-29,34.0,15.9,25.0,0.0,2.5,10.8,,,40.0,
2019-08-30,34.3,14.9,24.6,0.0,2.5,16.1,,,39.0,
2019-08-31,34.0,15.9,25.0,0.0,3.1,9.2,,,39.0,
2019-09-01,29.9,13.9,21.9,0.0,2.8,11.7,,,53.0,
2019-09-02,29.2,12.5,20.8,0.0,5.0,10.8,,,45.0,
2019-09-03,31.6,9.2,20.4,0.0,1.9,6.9,,,39.0,
2019-09-04,32.9,9.8,21.4,0.0,1.7,10.6,,,34.0,
2019-09-05,23.2,11.6,17.4,0.0,5.8,14.2,,,47.0,
2019-09-06,24.5,5.3,14.9,0.0,4.2,11.1,,,46.0,
2019-09-07,25.9,5.4,15.6,0.0,3.1,10.0,,,38.0,
2019-09-08,28.9,7.2,18.0,0.0,2.8,8.3,,,43.0,
2019-09-09,27.6,7.2,17.4,0.0,5.3,12.2,,,33.0,
2019-09-10,19.7,8.4,14.0,0.0,5.3,13.9,,,45.0,
2019-09-11,22.6,9.1,15.8,0.0,6.1,13.6,,,48.0,
2019-09-12,29.5,7.0,18.2,0.0,3.9,12.8,,,44.0,
2019-09-13,27.9,11.4,19.6,0.0,5.3,18.1,,,51.0,
2019-09-14,25.5,11.9,18.7,0.2,4.2,11.7,,,63.0,
2019-09-15,24.1,12.4,18.2,7.0,3.1,15.0,,,77.0,
2019-09-16,25.7,11.9,18.8,0.0,1.1,10.8,,,71.0,
2019-09-17,28.7,11.4,20.0,9.4,3.3,20.8,,,61.0,
2019-09-18,26.5,11.5,19.0,0.0,1.7,5.8,,,65.0,
2019-09-19,29.4,11.1,20.2,0.0,0.8,5.0,,,56.0,
2019-09-20,27.4,14.8,21.1,0.4,6.9,13.1,,,60.0,
2019-09-21,20.4,12.9,16.6,6.2,2.8,9.2,,,80.0,
2019-09-22,20.2,10.3,15.2,0.0,3.6,11.7,,,71.0,
2019-09-23,22.6,8.5,15.6,0.0,2.2,8.1,,,61.0,
2019-09-24,22.5,9.6,16.0,0.0,4.7,11.9,,,67.0,
2019-09-25,22.4,8.5,15.4,0.0,1.7,5.8,,,62.0,
2019-09-26,27.1,10.0,18.6,0.0,2.8,9.2,,,50.0,
2019-09-27,26.0,9.2,17.6,0.0,3.9,12.2,,,48.0,
2019-09-28,28.2,7.3,17.8,0.0,0.8,5.3,,,48.0,
2019-09-29,28.4,8.0,18.2,0.0,3.1,10.3,,,40.0,
2019-09-30,29.5,9.3,19.4,0.0,2.2,10.3,,,49.0,
2019-10-01,23.5,12.0,17.8,0.0,5.6,11.1,,,61.0,
2019-10-02,22.8,7.9,15.4,0.0,2.8,7.2,,,59.0,
2019-10-03,27.1,5.5,16.3,0.0,1.7,7.2,,,48.0,
2019-10-04,24.4,10.1,17.2,0.0,2.2,7.5,,,67.0,
2019-10-05,27.0,8.1,17.6,0.0,1.9,6.7,,,56.0,
2019-10-06,26.1,8.7,17.4,0.0,3.1,6.9,,,55.0,
2019-10-07,28.3,7.0,17.6,0.0,0.8,5.0,,,46.0,
2019-10-08,29.8,8.4,19.1,0.0,2.8,8.3,,,46.0,
2019-10-09,24.4,10.8,17.6,0.0,2.5,5.8,,,52.0,
2019-10-10,27.5,4.6,16.0,0.0,1.9,5.6,,,54.0,
2019-10-11,30.1,7.4,18.8,0.0,1.9,8.6,,,48.0,
2019-10-12,28.7,15.7,22.2,0.0,4.4,13.9,,,43.0,
2019-10-13,24.7,12.3,18.5,0.0,5.0,11.1,,,54.0,
2019-10-14,17.3,6.5,11.9,4.4,6.4,15.3,,,76.0,
2019-10-15,15.6,5.0,10.3,0.0,3.1,10.0,,,68.0,
2019-10-16,18.8,6.4,12.6,0.8,4.7,10.8,,,62.0,
2019-10-17,20.8,11.9,16.4,5.0,6.9,12.8,,,77.0,
2019-10-18,16.9,10.5,13.7,0.2,3.9,8.9,,,85.0,
2019-10-19,17.8,9.3,13.6,3.0,4.4,13.3,,,80.0,
2019-10-20,11.4,4.5,8.0,1.4,3.9,12.2,,,89.0,
2019-10-21,14.4,1.7,8.0,0.0,1.9,9.2,,,84.0,
2019-10-22,10.6,0.6,5.6,17.8,3.3,8.9,,,88.0,
2019-10-23,9.7,7.1,8.4,4.8,6.4,11.1,,,95.0,
2019-10-24,14.4,5.8,10.1,0.0,3.1,10.0,,,88.0,
2019-10-25,23.4,4.0,13.7,0.0,0.8,3.6,,,77.0,
2019-10-26,27.0,5.2,16.1,0.0,0.6,3.9,,,68.0,
2019-10-27,20.3,7.1,13.7,0.0,0.3,3.6,,,79.0,
2019-10-28,22.6,8.5,15.6,0.0,1.7,6.1,,,75.0,
2019-10-29,19.5,10.4,15.0,0.4,2.2,8.9,,,74.0,
2019-10-30,16.9,11.4,14.2,0.6,3.1,8.9,,,87.0,
2019-10-31,19.6,13.5,16.6,1.0,3.6,8.6,,,85.0,
2019-11-01,19.4,13.2,16.3,0.4,7.5,18.1,,,89.0,
2019-11-02,17.3,10.9,14.1,0.2,7.2,17.8,,,81.0,
2019-11-03,14.2,9.5,11.8,0.4,10.3,18.1,,,74.0,
2019-11-04,16.1,7.1,11.6,5.0,9.7,18.3,,,82.0,
2019-11-05,13.7,5.4,9.6,0.0,8.6,17.8,,,76.0,
2019-11-06,12.8,3.4,8.1,0.2,5.0,11.7,,,80.0,
2019-11-07,11.0,3.1,7.0,0.0,7.5,17.2,,,75.0,
2019-11-08,10.8,0.9,5.8,0.0,6.4,16.1,,,76.0,
2019-11-09,8.8,2.0,5.4,2.8,6.1,11.1,,,93.0,
2019-11-10,8.1,2.1,5.1,0.0,4.7,14.7,,,84.0,
2019-11-11,13.8,2.8,8.3,0.0,3.6,8.9,,,85.0,
2019-11-12,11.5,1.1,6.3,6.6,4.7,15.8,,,83.0,
2019-11-13,15.3,7.3,11.3,3.0,4.7,16.9,,,78.0,
2019-11-14,7.9,3.5,5.7,0.6,10.3,18.1,,,81.0,
2019-11-15,8.7,0.8,4.8,0.0,5.8,11.7,,,77.0,
2019-11-16,8.1,-1.5,3.3,0.2,4.4,8.9,,,83.0,
2019-11-17,11.0,2.2,6.6,1.2,5.6,15.3,,,91.0,
2019-11-18,10.9,-0.8,5.0,0.0,1.7,5.8,,,85.0,
2019-11-19,9.3,-0.5,4.4,0.6,1.1,4.7,,,83.0,
2019-11-20,7.3,3.4,5.4,4.4,3.1,7.5,,,91.0,
2019-11-21,10.4,3.3,6.8,2.6,3.6,9.7,,,86.0,
2019-11-22,14.9,5.5,10.2,4.4,7.8,19.4,,,85.0,
2019-11-23,10.7,3.9,7.3,0.0,7.8,16.1,,,78.0,
2019-11-24,10.5,3.0,6.8,0.2,5.8,15.8,,,84.0,
2019-11-25,14.9,7.9,11.4,0.2,6.1,15.3,,,81.0,
2019-11-26,16.8,7.8,12.3,0.0,8.1,18.3,,,84.0,
2019-11-27,12.4,6.3,9.4,0.0,7.2,15.3,,,79.0,
2019-11-28,12.9,7.9,10.4,0.0,6.9,14.7,,,84.0,
2019-11-29,14.8,10.8,12.8,5.0,3.6,10.8,,,92.0,
2019-11-30,14.8,5.2,10.0,7.6,6.1,16.1,,,88.0,
2019-12-01,10.5,4.3,7.4,2.8,3.9,11.4,,,85.0,
2019-12-02,10.3,0.4,5.4,0.0,5.6,12.8,,,82.0,
2019-12-03,7.6,-2.8,2.4,0.0,1.1,5.3,,,82.0,
2019-12-04,10.8,-1.5,4.6,0.0,1.4,4.2,,,89.0,
2019-12-05,12.0,0.7,6.4,0.0,2.2,6.9,,,86.0,
2019-12-06,13.6,-1.9,5.8,0.0,0.8,3.6,,,88.0,
2019-12-07,13.8,-1.3,6.2,0.2,0.8,5.0,,,88.0,
2019-12-08,10.7,-0.1,5.3,1.0,3.1,8.3,,,97.0,
2019-12-09,12.2,-0.5,5.8,0.2,1.9,8.3,,,91.0,
2019-12-10,6.9,-1.6,2.6,1.2,0.3,4.4,,,98.0,
2019-12-11,10.0,2.6,6.3,0.8,5.6,10.6,,,80.0,
2019-12-12,11.1,3.5,7.3,0.0,9.7,17.8,,,90.0,
2019-12-13,13.3,8.8,11.0,0.0,10.3,18.1,,,85.0,
2019-12-14,11.3,8.3,9.8,0.0,5.0,12.2,,,79.0,
2019-12-15,13.0,6.9,10.0,0.0,6.9,16.1,,,77.0,
2019-12-16,12.6,7.6,10.1,1.2,6.9,19.4,,,66.0,
2019-12-17,8.5,1.7,5.1,0.6,3.6,14.4,,,88.0,
2019-12-18,12.6,-0.3,6.2,0.0,3.3,12.2,,,79.0,
2019-12-19,13.0,7.4,10.2,35.4,8.1,26.7,,,85.0,
2019-12-20,13.6,7.0,10.3,6.6,6.9,23.3,,,90.0,
2019-12-21,15.9,9.0,12.4,0.4,12.8,29.2,,,75.0,
2019-12-22,13.5,5.6,9.6,0.4,9.4,21.7,,,82.0,
2019-12-23,13.8,2.8,8.3,0.0,3.3,8.6,,,72.0,
2019-12-24,15.6,3.0,9.3,0.0,1.1,3.3,,,86.0,
2019-12-25,9.8,2.1,6.0,0.0,0.0,5.8,,,99.0,
2019-12-26,14.5,0.4,7.4,0.0,1.1,5.0,,,83.0,
2019-12-27,1.1,-1.2,0.0,0.2,0.6,3.6,,,100.0,
2019-12-28,5.3,-2.9,1.2,0.2,0.6,3.3,,,99.0,
2019-12-29,13.0,-4.1,4.4,0.0,0.6,2.5,,,89.0,
2019-12-30,12.2,-3.6,4.3,0.2,0.3,2.8,,,96.0,
2019-12-31,11.1,-3.9,3.6,0.2,0.6,3.1,,,88.0,
2020-01-01,7.2,-5.1,1.0,0.2,0.3,2.8,,,95.0,
2020-01-02,11.1,-5.3,2.9,0.0,0.6,5.0,,,90.0,
2020-01-03,10.5,-1.3,4.6,0.2,1.9,6.9,,,90.0,
2020-01-04,6.8,-1.6,2.6,0.0,1.1,4.2,,,93.0,
2020-01-05,0.7,-1.8,-0.6,0.2,0.6,2.8,,,100.0,
2020-01-06,3.9,-2.0,1.0,0.2,0.3,4.2,,,99.0,
2020-01-07,0.5,-2.9,-1.2,0.0,0.6,3.6,,,100.0,
2020-01-08,8.6,-3.3,2.6,0.2,0.6,3.3,,,95.0,
2020-01-09,12.8,-1.0,5.9,0.0,3.1,10.6,,,95.0,
2020-01-10,10.1,-2.5,3.8,0.0,1.1,4.7,,,85.0,
2020-01-11,2.1,-4.1,-1.0,0.0,0.8,3.6,,,100.0,
2020-01-12,0.3,-4.8,-2.2,0.2,0.6,2.8,,,100.0,
2020-01-13,9.6,-4.5,2.6,0.2,0.8,5.8,,,91.0,
2020-01-14,10.3,-3.0,3.6,0.0,4.4,11.9,,,84.0,
2020-01-15,11.7,4.3,8.0,0.8,3.9,13.9,,,83.0,
2020-01-16,13.0,2.7,7.8,0.6,2.5,11.7,,,81.0,
2020-01-17,11.1,3.9,7.5,1.2,4.7,11.7,,,81.0,
2020-01-18,12.7,3.8,8.2,2.0,7.2,17.2,,,88.0,
2020-01-19,6.9,0.9,3.9,0.0,8.1,20.3,,,72.0,
2020-01-20,3.9,-1.5,1.2,0.0,6.1,13.9,,,62.0,
2020-01-21,5.4,-0.7,2.4,0.8,6.4,15.0,,,83.0,
2020-01-22,10.4,1.8,6.1,0.0,3.1,9.2,,,79.0,
2020-01-23,11.5,-0.7,5.4,1.0,3.6,9.2,,,80.0,
2020-01-24,10.2,2.4,6.3,3.0,2.2,6.7,,,90.0,
2020-01-25,10.3,1.8,6.0,0.8,1.9,5.3,,,92.0,
2020-01-26,9.8,0.6,5.2,0.2,3.3,7.8,,,85.0,
2020-01-27,10.7,3.7,7.2,0.6,8.3,18.9,,,86.0,
2020-01-28,12.1,8.7,10.4,0.4,5.6,14.7,,,95.0,
2020-01-29,12.3,8.5,10.4,1.6,3.6,10.0,,,92.0,
2020-01-30,10.4,6.9,8.6,0.2,4.7,10.6,,,87.0,
2020-01-31,15.7,9.3,12.5,0.4,3.1,9.7,,,86.0,
2020-02-01,16.4,10.3,13.4,0.0,5.6,10.8,,,87.0,
2020-02-02,20.1,5.6,12.8,0.0,2.2,9.7,,,83.0,
2020-02-03,18.0,2.8,10.4,0.0,1.4,6.7,,,82.0,
2020-02-04,15.4,2.0,8.7,0.0,1.1,6.7,,,89.0,
2020-02-05,12.5,-2.5,5.0,0.0,1.1,4.2,,,80.0,
2020-02-06,16.1,-2.5,6.8,0.0,0.8,4.4,,,77.0,
2020-02-07,16.2,0.2,8.2,0.0,1.1,6.9,,,82.0,
2020-02-08,14.0,3.7,8.8,0.6,3.9,10.3,,,81.0,
2020-02-09,13.2,3.2,8.2,0.0,4.7,8.3,,,83.0,
2020-02-10,14.9,7.6,11.2,0.0,5.0,10.3,,,84.0,
2020-02-11,13.5,3.0,8.2,0.0,1.7,4.4,,,89.0,
2020-02-12,15.9,4.9,10.4,0.0,0.8,7.5,,,84.0,
2020-02-13,14.1,3.8,9.0,0.0,4.7,9.2,,,83.0,
2020-02-14,15.5,-0.2,7.6,0.0,1.1,3.9,,,83.0,
2020-02-15,17.9,-0.5,8.7,0.0,1.4,5.8,,,79.0,
2020-02-16,17.5,3.6,10.6,0.0,3.6,10.8,,,76.0,
2020-02-17,13.5,1.5,7.5,0.0,5.8,11.1,,,78.0,
2020-02-18,12.4,-2.5,5.0,0.0,1.7,4.7,,,88.0,
2020-02-19,14.5,-4.9,4.8,0.0,0.8,5.0,,,64.0,
2020-02-20,18.4,-3.8,7.3,0.0,0.8,5.3,,,65.0,
2020-02-21,19.0,-4.0,7.5,0.0,1.1,4.7,,,68.0,
2020-02-22,18.6,-2.5,8.0,0.0,1.1,6.4,,,63.0,
2020-02-23,21.0,-3.3,8.8,0.0,1.1,4.2,,,60.0,
2020-02-24,21.5,-3.4,9.0,0.0,1.4,8.1,,,58.0,
2020-02-25,14.9,3.5,9.2,0.0,5.8,14.2,,,65.0,
2020-02-26,13.1,0.1,6.6,0.0,4.2,8.9,,,69.0,
2020-02-27,15.6,2.8,9.2,0.0,7.2,13.6,,,66.0,
2020-02-28,20.9,-0.1,10.4,0.0,2.2,7.8,,,53.0,
2020-02-29,13.4,5.1,9.2,0.6,10.8,21.4,,,74.0,
2020-03-01,16.4,6.1,11.2,5.4,9.2,21.1,,,72.0,
2020-03-02,11.4,3.5,7.4,0.6,9.4,27.2,,,71.0,
2020-03-03,16.4,4.5,10.4,0.0,10.3,18.3,,,82.0,
2020-03-04,15.3,9.7,12.5,0.0,5.8,12.2,,,78.0,
2020-03-05,12.5,4.1,8.3,0.6,10.3,20.3,,,72.0,
2020-03-06,12.0,2.0,7.0,0.0,8.6,18.9,,,54.0,
2020-03-07,15.3,-1.3,7.0,0.0,1.9,7.2,,,66.0,
2020-03-08,13.1,-0.8,6.2,0.0,4.4,10.8,,,80.0,
2020-03-09,15.9,1.2,8.6,0.0,2.2,8.6,,,64.0,
2020-03-10,22.5,1.8,12.2,0.0,3.1,8.1,,,62.0,
2020-03-11,24.8,2.1,13.4,0.0,1.1,6.4,,,64.0,
2020-03-12,25.4,6.4,15.9,0.0,1.4,7.5,,,63.0,
2020-03-13,17.5,3.8,10.6,0.0,2.8,6.9,,,73.0,
2020-03-14,20.2,-1.7,9.2,0.0,1.7,4.7,,,62.0,
2020-03-15,19.8,-2.6,8.6,1.4,5.8,18.1,,,61.0,
2020-03-16,6.2,0.0,3.1,18.0,6.7,15.0,,,96.0,
2020-03-17,16.2,4.8,10.5,0.0,2.2,10.0,,,82.0,
2020-03-18,17.7,3.7,10.7,0.0,1.4,4.4,,,80.0,
2020-03-19,14.0,6.2,10.1,0.0,3.6,7.8,,,74.0,
2020-03-20,15.3,6.8,11.0,0.4,6.1,12.8,,,78.0,
2020-03-21,11.6,5.3,8.4,2.0,2.5,10.3,,,88.0,
2020-03-22,16.1,3.3,9.7,1.0,1.4,11.7,,,85.0,
2020-03-23,15.7,0.3,8.0,1.4,2.2,8.9,,,74.0,
2020-03-24,17.2,1.3,9.2,0.0,3.3,8.3,,,69.0,
2020-03-25,19.7,-0.2,9.8,0.0,2.2,8.6,,,61.0,
2020-03-26,14.1,-2.3,5.9,0.0,2.2,6.9,,,51.0,
2020-03-27,13.5,-3.2,5.2,0.0,3.1,10.6,,,54.0,
2020-03-28,18.5,-2.0,8.2,0.0,1.7,6.1,,,53.0,
2020-03-29,18.6,0.0,9.3,0.0,2.2,10.0,,,60.0,
2020-03-30,6.0,1.5,3.8,0.0,5.8,10.8,,,53.0,
2020-03-31,13.1,-0.2,6.4,3.8,4.2,11.1,,,82.0,
2020-04-16,14.2,5.3,9.8,8.2,3.3,12.2,,,88.0,
2020-04-17,16.2,5.3,10.8,1.0,5.0,14.7,,,85.0,
2020-04-18,18.3,7.8,13.0,0.0,2.2,10.3,,,77.0,
2020-04-19,19.2,4.9,12.0,0.0,1.7,12.5,,,77.0,
2020-04-20,18.2,2.8,10.5,3.8,2.8,5.6,,,83.0,
2020-04-21,15.7,6.5,11.1,0.2,1.9,7.2,,,89.0,
2020-04-22,17.5,6.5,12.0,0.0,1.1,5.6,,,71.0,
2020-04-23,22.4,5.3,13.8,0.0,2.2,5.3,,,67.0,
2020-04-24,22.7,7.0,14.8,0.2,1.1,9.4,,,65.0,
2020-04-25,22.8,7.8,15.3,9.2,3.1,13.3,,,76.0,
2020-04-26,17.6,10.0,13.8,0.2,6.1,10.6,,,81.0,
2020-04-27,15.4,8.0,11.7,2.2,5.6,11.9,,,75.0,
2020-04-28,15.7,7.0,11.4,0.4,5.0,13.1,,,69.0,
2020-04-29,16.8,4.0,10.4,0.0,6.4,16.4,,,72.0,
2020-04-30,15.8,7.9,11.8,0.0,7.5,13.9,,,74.0,
2020-05-01,21.1,10.6,15.8,0.0,7.5,15.8,,,72.0,
2020-05-02,23.6,8.1,15.8,0.0,2.8,10.0,,,68.0,
2020-05-03,30.4,6.6,18.5,0.0,0.8,5.6,,,50.0,
2020-05-04,28.5,10.2,19.4,0.0,7.2,18.9,,,47.0,
2020-05-05,23.3,6.8,15.0,0.0,2.2,7.2,,,55.0,
2020-05-06,24.9,6.6,15.8,0.0,1.7,6.1,,,54.0,
2020-05-07,27.0,6.9,17.0,0.2,3.9,12.8,,,59.0,
2020-05-08,26.3,11.3,18.8,0.6,2.5,9.4,,,57.0,
2020-05-09,20.5,9.8,15.2,4.8,5.6,10.0,,,64.0,
2020-05-10,18.3,7.1,12.7,0.0,4.4,10.6,,,60.0,
2020-05-11,19.5,7.1,13.3,0.0,,,,,,
2020-05-13,19.3,8.0,13.6,5.8,2.8,8.6,,,75.0,
2020-05-14,14.7,7.4,11.0,3.6,1.9,6.7,,,81.0,
2020-05-15,16.3,8.3,12.3,0.0,4.7,11.4,,,74.0,
2020-05-16,18.5,4.9,11.7,0.0,4.4,9.4,,,67.0,
2020-05-17,21.5,2.4,12.0,0.0,1.7,6.4,,,55.0,
2020-05-18,25.3,3.2,14.2,0.0,1.9,7.2,,,42.0,
2020-05-19,25.9,5.3,15.6,0.0,1.9,7.8,,,45.0,
2020-05-20,29.3,6.4,17.8,0.0,2.2,6.7,,,39.0,
2020-05-21,31.7,7.4,19.6,0.0,2.2,7.5,,,44.0,
2020-05-22,30.4,12.0,21.2,0.0,3.6,9.2,,,44.0,
2020-05-23,28.2,11.1,19.6,0.0,4.7,11.1,,,61.0,
2020-05-24,29.1,7.8,18.4,0.0,2.8,7.5,,,50.0,
2020-05-25,28.8,10.1,19.4,0.0,4.7,10.3,,,50.0,
2020-05-26,28.8,9.2,19.0,1.0,2.8,12.5,,,59.0,
2020-05-27,30.1,11.5,20.8,0.0,1.9,9.7,,,53.0,
2020-05-28,30.9,12.6,21.8,0.0,3.9,10.3,,,33.0,
2020-05-29,32.3,10.9,21.6,0.0,2.2,10.8,,,33.0,
2020-05-30,31.9,10.9,21.4,0.8,3.1,13.6,,,51.0,
2020-05-31,28.5,10.9,19.7,4.0,5.6,15.6,,,64.0,
2020-06-01,29.0,10.3,19.6,0.0,3.6,8.6,,,56.0,
2020-06-02,30.0,13.4,21.7,0.0,3.6,12.5,,,46.0,
2020-06-03,26.5,13.7,20.1,2.0,5.0,13.9,,,60.0,
2020-06-04,22.7,9.5,16.1,0.0,5.3,13.6,,,46.0,
2020-06-05,28.5,5.5,17.0,0.0,2.8,9.7,,,41.0,
2020-06-06,26.3,11.8,19.0,5.8,5.3,12.5,,,42.0,
2020-06-07,17.7,9.7,13.7,26.6,3.9,10.3,,,81.0,
2020-06-08,21.1,8.3,14.7,0.0,3.9,8.9,,,49.0,
2020-06-09,22.1,5.9,14.0,0.0,2.2,8.1,,,46.0,
2020-06-10,25.8,6.8,16.3,0.0,3.3,9.4,,,41.0,
2020-06-11,20.6,9.3,15.0,0.0,8.6,16.9,,,53.0,
2020-06-12,17.2,7.5,12.4,0.0,9.4,16.4,,,65.0,
2020-06-13,20.4,8.0,14.2,0.0,5.0,12.5,,,57.0,
2020-06-14,23.5,8.5,16.0,0.0,4.2,10.0,,,43.0,
2020-06-15,24.5,10.1,17.3,0.0,3.1,10.8,,,50.0,
2020-06-16,23.9,10.3,17.1,0.0,5.6,15.8,,,51.0,
2020-06-17,24.7,8.6,16.6,0.0,2.5,10.6,,,43.0,
2020-06-18,26.4,7.8,17.1,0.0,2.2,10.0,,,43.0,
2020-06-19,28.6,8.2,18.4,0.0,3.3,10.3,,,38.0,
2020-06-20,31.1,9.8,20.4,0.0,3.1,10.3,,,36.0,
2020-06-21,31.5,11.6,21.6,0.0,3.1,9.7,,,32.0,
2020-06-22,33.7,11.2,22.4,0.0,2.5,6.9,,,36.0,
2020-06-23,37.1,11.9,24.5,0.0,1.9,16.1,,,26.0,
2020-06-26,27.9,,,,,,,,,
2020-06-27,29.0,12.5,20.8,0.0,4.4,11.4,,,50.0,
2020-06-28,32.7,12.9,22.8,0.0,3.1,9.4,,,45.0,
2020-06-29,34.1,13.4,23.8,0.0,3.3,10.0,,,40.0,
2020-06-30,35.6,13.8,24.7,0.0,4.2,13.3,,,36.0,
2020-07-01,32.3,17.1,24.7,0.0,4.7,13.6,,,38.0,
2020-07-02,28.8,12.6,20.7,0.0,5.3,13.6,,,40.0,
2020-07-03,29.6,8.5,19.0,0.0,2.8,8.1,,,40.0,
2020-07-04,32.8,9.1,21.0,0.0,2.2,9.4,,,26.0,
2020-07-05,35.4,10.5,23.0,0.0,2.2,7.2,,,26.0,
2020-07-06,34.0,14.9,24.4,0.0,3.6,8.9,,,38.0,
2020-07-07,37.6,12.7,25.2,0.0,3.3,11.1,,,30.0,
2020-07-08,36.8,17.4,27.1,1.6,4.4,16.7,,,39.0,
2020-07-09,35.0,14.4,24.7,0.0,4.7,13.9,,,34.0,
2020-07-10,33.2,12.0,22.6,0.0,3.1,11.4,,,41.0,
2020-07-11,36.2,12.8,24.5,6.3,2.5,25.8,,,45.0,
2020-07-12,30.3,15.4,22.8,0.2,3.6,9.4,,,57.0,
2020-07-13,32.4,12.4,22.4,0.0,3.9,9.7,,,44.0,
2020-07-14,31.4,11.1,21.2,0.0,3.6,10.6,,,25.0,
2020-07-15,31.0,10.5,20.8,0.0,3.9,9.7,,,33.0,
2020-07-16,34.1,11.2,22.6,0.0,3.3,8.9,,,27.0,
2020-07-17,32.7,11.0,21.8,0.0,3.9,8.6,,,29.0,
2020-07-18,35.1,9.2,22.2,0.0,1.9,6.1,,,35.0,
2020-07-19,36.1,13.2,24.6,0.0,5.3,15.8,,,22.0,
2020-07-20,36.8,15.5,26.2,0.0,3.3,10.6,,,25.0,
2020-07-21,31.0,12.7,21.8,5.0,4.2,19.4,,,47.0,
2020-07-22,34.2,17.2,25.7,0.0,2.2,6.4,,,46.0,
2020-07-23,35.6,15.8,25.7,0.0,3.3,10.3,,,39.0,
2020-07-24,34.1,14.9,24.5,0.0,3.1,10.0,,,38.0,
2020-07-25,35.7,13.4,24.6,0.0,3.6,12.8,,,31.0,
2020-07-26,36.1,13.0,24.6,0.0,1.9,8.3,,,29.0,
2020-07-27,39.9,15.2,27.6,0.0,3.3,9.7,,,24.0,
2020-07-28,35.5,16.0,25.8,0.0,2.8,9.2,,,38.0,
2020-07-29,38.9,15.6,27.2,0.0,2.2,7.8,,,39.0,
2020-07-30,38.0,19.7,28.8,0.0,6.1,15.3,,,29.0,
2020-07-31,36.9,16.6,26.8,0.0,3.6,10.3,,,27.0,
2020-08-01,34.5,17.0,25.8,0.0,4.4,11.1,,,31.0,
2020-08-02,30.2,13.2,21.7,0.0,3.6,11.1,,,45.0,
2020-08-03,30.3,12.7,21.5,0.0,3.3,8.3,,,38.0,
2020-08-04,32.0,11.9,22.0,0.0,3.1,6.7,,,35.0,
2020-08-05,36.0,10.8,23.4,0.0,1.7,6.1,,,25.0,
2020-08-06,38.7,14.9,26.8,0.0,2.5,11.1,,,22.0,
2020-08-07,38.1,18.6,28.4,0.0,4.4,12.5,,,29.0,
2020-08-08,37.1,16.7,26.9,7.6,2.5,23.6,,,40.0,
2020-08-09,35.6,17.2,26.4,0.0,5.0,13.3,,,33.0,
2020-08-10,35.2,15.9,25.6,0.0,4.7,13.6,,,34.0,
2020-08-11,25.0,15.6,20.3,5.6,6.1,16.1,,,64.0,
2020-08-12,28.4,12.6,20.5,0.0,4.4,10.0,,,54.0,
2020-08-13,30.4,11.7,21.0,0.0,2.2,8.1,,,41.0,
2020-08-14,32.5,10.7,21.6,0.0,3.9,10.6,,,34.0,
2020-08-15,26.2,12.7,19.4,0.0,7.2,13.6,,,43.0,
2020-08-16,26.0,10.4,18.2,0.0,5.0,11.4,,,45.0,
2020-08-17,28.2,12.4,20.3,0.0,5.0,12.5,,,55.0,
2020-08-18,29.0,15.9,22.4,0.0,3.6,8.6,,,55.0,
2020-08-19,31.8,13.5,22.6,0.0,6.4,16.9,,,28.0,
2020-08-20,33.5,13.9,23.7,0.0,5.3,13.9,,,24.0,
2020-08-21,27.5,14.3,20.9,0.0,5.8,12.8,,,61.0,
2020-08-22,30.5,9.4,20.0,0.0,2.2,7.5,,,41.0,
2020-08-23,31.7,8.7,20.2,0.0,1.9,7.5,,,38.0,
2020-08-24,33.6,10.0,21.8,0.0,2.2,5.8,,,38.0,
2020-08-25,35.2,11.3,23.2,0.0,3.3,11.1,,,26.0,
2020-08-26,35.7,12.1,23.9,0.0,2.8,7.8,,,33.0,
2020-08-27,34.9,15.6,25.2,0.0,3.1,8.3,,,34.0,
2020-08-28,28.5,14.0,21.2,0.0,6.7,11.7,,,41.0,
2020-08-29,22.3,8.2,15.2,0.0,5.0,12.2,,,45.0,
2020-08-30,22.2,3.5,12.8,0.0,1.1,10.0,,,44.0,
2020-08-31,26.9,3.5,15.2,0.0,1.9,8.1,,,34.0,
2020-09-01,28.9,11.8,20.4,0.0,1.9,6.9,,,24.0,
2020-09-02,29.7,7.6,18.6,0.0,1.4,7.8,,,35.0,
2020-09-03,33.0,7.5,20.2,0.0,1.1,6.1,,,26.0,
2020-09-04,34.9,9.6,22.2,0.0,0.8,8.9,,,22.0,
2020-09-05,35.2,12.5,23.8,0.0,3.3,10.3,,,32.0,
2020-09-06,29.9,11.5,20.7,0.0,3.3,9.7,,,51.0,
2020-09-07,24.6,8.3,16.4,0.0,4.4,13.9,,,44.0,
2020-09-08,28.1,5.2,16.6,0.0,2.2,6.7,,,37.0,
2020-09-09,30.4,7.7,19.0,0.0,1.9,6.9,,,29.0,
2020-09-10,30.7,8.0,19.4,0.0,1.7,7.2,,,35.0,
2020-09-11,31.8,7.8,19.8,0.0,1.9,6.1,,,33.0,
2020-09-12,34.7,9.1,21.9,0.0,1.9,8.3,,,27.0,
2020-09-13,34.7,11.6,23.2,0.0,2.2,10.3,,,29.0,
2020-09-14,31.7,16.6,24.2,2.4,4.2,17.2,,,38.0,
2020-09-15,29.2,12.5,20.8,0.2,1.9,6.4,,,59.0,
2020-09-16,31.0,10.9,21.0,0.2,2.5,13.6,,,48.0,
2020-09-17,27.8,16.2,22.0,12.6,5.8,13.9,,,54.0,
2020-09-18,24.6,13.3,19.0,9.8,3.1,14.7,,,74.0,
2020-09-19,21.0,13.4,17.2,6.2,6.9,15.3,,,80.0,
2020-09-20,21.8,13.1,17.4,2.6,3.1,12.5,,,86.0,
2020-09-21,23.6,10.4,17.0,0.0,1.9,6.1,,,63.0,
2020-09-22,23.5,10.9,17.2,0.2,3.3,9.2,,,64.0,
2020-09-23,21.3,13.9,17.6,2.8,5.0,11.7,,,84.0,
2020-09-24,20.6,11.0,15.8,0.0,6.9,16.7,,,66.0,
2020-09-25,18.3,7.9,13.1,0.0,6.4,13.3,,,52.0,
2020-09-26,20.1,5.0,12.6,0.0,5.0,11.7,,,62.0,
2020-09-27,21.1,6.9,14.0,0.0,1.7,10.6,,,60.0,
2020-09-28,23.1,3.8,13.4,0.0,1.7,4.4,,,50.0,
2020-09-29,26.7,5.3,16.0,0.0,1.7,5.6,,,46.0,
2020-09-30,26.7,5.7,16.2,0.0,3.6,10.8,,,44.0,
2020-10-01,19.8,9.8,14.8,3.6,6.7,16.1,,,59.0,
2020-10-02,13.9,6.5,10.2,1.2,10.6,21.7,,,64.0,
2020-10-03,15.8,5.2,10.5,0.0,7.2,16.9,,,60.0,
2020-10-04,16.8,7.8,12.3,0.4,8.3,17.5,,,61.0,
2020-10-05,18.9,6.4,12.6,0.0,5.0,11.4,,,63.0,
2020-10-06,24.4,11.4,17.9,0.0,5.0,10.8,,,63.0,
2020-10-07,26.5,8.2,17.4,0.0,1.7,5.3,,,64.0,
2020-10-08,28.1,6.4,17.2,0.0,1.4,5.3,,,61.0,
2020-10-09,27.5,8.2,17.8,0.0,1.1,5.0,,,52.0,
2020-10-10,21.6,5.2,13.4,0.0,3.3,9.4,,,65.0,
2020-10-11,16.9,1.7,9.3,0.0,1.7,8.3,,,61.0,
2020-10-12,18.9,0.0,9.4,0.0,1.1,7.2,,,59.0,
2020-10-13,21.9,6.4,14.2,0.0,4.4,10.8,,,55.0,
2020-10-14,17.7,2.6,10.2,0.0,3.6,10.0,,,56.0,
2020-10-15,16.5,-0.4,8.0,0.0,2.2,9.2,,,58.0,
2020-10-16,16.2,-2.2,7.0,0.0,0.6,4.7,,,56.0,
2020-10-17,21.0,1.3,11.2,0.0,1.7,7.5,,,47.0,
2020-10-18,22.5,1.1,11.8,0.0,1.7,5.8,,,51.0,
2020-10-19,25.9,5.7,15.8,2.6,7.5,18.6,,,34.0,
2020-10-20,18.6,12.1,15.4,9.8,7.2,22.2,,,81.0,
2020-10-21,18.3,10.8,14.6,7.4,5.3,13.6,,,73.0,
2020-10-22,16.8,9.2,13.0,6.8,2.5,12.5,,,87.0,
2020-10-23,15.3,7.3,11.3,0.6,2.8,11.7,,,84.0,
2020-10-24,15.8,5.8,10.8,0.0,3.9,14.2,,,81.0,
2020-10-25,15.9,6.8,11.4,1.4,10.0,21.1,,,79.0,
2020-10-26,12.2,4.4,8.3,0.0,4.2,11.9,,,75.0,
2020-10-27,12.6,4.7,8.6,0.8,4.7,10.8,,,87.0,
2020-10-28,17.7,7.4,12.6,0.0,4.4,9.4,,,87.0,
2020-10-29,21.3,5.0,13.2,0.0,,,,,78.0,
2020-10-30,23.0,2.1,12.6,0.0,,,,,73.0,
2020-10-31,22.0,4.2,13.1,0.0,,,,,78.0,
2020-11-01,22.5,6.4,14.4,0.0,,,,,80.0,
2020-11-02,18.0,11.9,15.0,1.2,,,,,82.0,
2020-11-03,15.0,3.4,9.2,0.0,3.3,9.2,,,77.0,
2020-11-04,9.8,1.9,5.8,2.8,3.3,8.9,,,82.0,
2020-11-05,14.0,6.8,10.4,2.2,6.1,14.4,,,82.0,
2020-11-06,18.0,10.0,14.0,6.6,6.4,18.1,,,76.0,
2020-11-07,15.5,6.0,10.8,0.4,4.2,11.7,,,83.0,
2020-11-08,18.6,5.1,11.8,8.2,1.1,11.1,,,83.0,
2020-11-09,15.6,6.0,10.8,0.0,2.2,6.4,,,87.0,
2020-11-10,11.9,5.2,8.6,0.2,1.4,4.2,,,92.0,
2020-11-11,11.8,4.9,8.4,0.0,1.9,3.9,,,95.0,
2020-11-12,15.7,5.1,10.4,0.0,0.8,4.4,,,84.0,
2020-11-13,15.3,6.2,10.8,0.0,0.8,4.2,,,96.0,
2020-11-14,17.6,6.8,12.2,0.0,1.9,8.1,,,80.0,
2020-11-15,17.3,10.7,14.0,0.4,7.2,14.4,,,87.0,
2020-11-16,18.4,5.4,11.9,0.0,0.8,7.2,,,86.0,
2020-11-17,20.8,1.4,11.1,0.2,0.6,4.2,,,83.0,
2020-11-18,24.3,4.6,14.4,0.0,0.6,5.8,,,74.0,
2020-11-19,20.4,2.9,11.6,0.0,1.1,3.9,,,82.0,
2020-11-20,14.2,0.2,7.2,0.0,1.4,5.3,,,76.0,
2020-11-25,14.1,1.0,7.6,0.2,4.4,13.1,,,76.0,
2020-11-26,12.8,7.6,10.2,5.2,7.2,15.3,,,70.0,
2020-11-27,13.7,3.5,8.6,0.0,3.1,10.6,,,82.0,
2020-11-28,8.4,1.5,5.0,0.2,0.8,5.0,,,98.0,
2020-11-29,14.4,3.0,8.7,0.2,3.3,10.6,,,80.0,
2020-11-30,13.7,0.6,7.2,0.0,0.8,4.7,,,88.0,
2020-12-01,12.8,-1.6,5.6,0.0,1.1,2.8,,,90.0,
2020-12-02,9.0,-2.9,3.0,0.0,2.5,11.4,,,73.0,
2020-12-03,9.8,-4.4,2.7,0.4,3.9,16.1,,,69.0,
2020-12-04,6.6,-0.7,3.0,0.0,7.2,16.7,,,80.0,
2020-12-05,6.3,-1.1,2.6,0.0,7.2,15.3,,,82.0,
2020-12-06,5.8,-0.7,2.6,0.0,6.7,12.2,,,86.0,
2020-12-07,9.4,5.1,7.2,1.2,8.9,17.5,,,82.0,
2020-12-08,8.5,0.0,4.2,0.0,6.7,15.3,,,77.0,
2020-12-09,7.0,-1.7,2.6,1.6,3.3,11.9,,,84.0,
2020-12-10,11.5,5.7,8.6,4.4,6.9,14.2,,,92.0,
2020-12-11,15.1,8.0,11.6,0.2,9.4,19.2,,,90.0,
2020-12-12,12.9,5.9,9.4,0.0,5.8,11.4,,,81.0,
2020-12-13,14.0,5.7,9.8,0.0,3.3,8.3,,,91.0,
2020-12-14,14.3,7.0,10.6,3.8,7.2,13.6,,,86.0,
2020-12-15,10.4,2.9,6.6,0.2,4.2,8.9,,,82.0,
2020-12-16,10.3,4.2,7.2,0.6,6.9,16.7,,,82.0,
2020-12-17,5.4,0.5,3.0,0.0,0.6,3.9,,,99.0,
2020-12-18,9.5,0.4,5.0,4.4,0.3,5.3,,,99.0,
2020-12-19,9.4,3.2,6.3,4.6,2.2,6.7,,,98.0,
2020-12-20,12.3,2.5,7.4,0.6,1.4,6.1,,,89.0,
2020-12-21,13.1,7.3,10.2,0.0,1.7,6.4,,,93.0,
2020-12-22,18.1,5.1,11.6,0.0,1.1,6.7,,,88.0,
2020-12-23,13.3,5.4,9.4,0.4,5.0,9.7,,,89.0,
2020-12-24,10.1,-1.7,4.2,0.0,1.7,6.9,,,83.0,
2020-12-25,6.9,-4.3,1.3,0.0,3.3,10.8,,,80.0,
2020-12-26,6.2,-5.2,0.5,0.0,1.1,6.4,,,82.0,
2020-12-27,7.4,-5.3,1.0,3.0,6.9,20.6,,,77.0,
2020-12-28,7.0,1.1,4.0,0.0,7.8,20.3,,,79.0,
2020-12-29,6.9,-0.7,3.1,0.0,6.1,15.0,,,81.0,
2020-12-30,6.3,-2.6,1.8,0.0,4.7,13.3,,,88.0,
2020-12-31,7.1,0.6,3.8,2.4,6.7,15.0,,,90.0,
2021-01-01,5.8,-2.0,1.9,0.0,6.1,11.1,,,84.0,
2021-01-02,5.8,-4.5,0.6,0.0,2.8,6.1,,,81.0,
2021-01-03,3.6,-4.3,-0.4,0.0,5.8,11.4,,,89.0,
2021-01-04,5.5,-6.5,-0.5,0.0,3.3,8.3,,,85.0,
2021-01-05,5.5,-9.0,-1.8,0.4,0.6,4.4,,,78.0,
2021-01-06,5.5,-7.9,-1.2,0.0,1.4,4.7,,,77.0,
2021-01-07,4.6,-7.1,-1.2,0.0,0.6,3.9,,,79.0,
2021-01-08,0.6,-8.8,-4.1,0.0,2.2,7.2,,,85.0,
2021-01-09,-1.4,-4.3,-2.8,0.2,5.8,12.8,,,96.0,
2021-01-10,2.6,-5.5,-1.4,0.8,4.4,10.3,,,80.0,
2021-01-11,6.0,-11.3,-2.6,0.0,0.6,5.3,,,75.0,
2021-01-12,5.6,-13.3,-3.8,0.0,1.4,3.1,,,80.0,
2021-01-13,7.0,-14.3,-3.6,0.0,0.6,2.8,,,69.0,
2021-01-14,6.7,-14.1,-3.7,0.0,0.6,3.6,,,75.0,
2021-01-15,2.0,-9.1,-3.6,0.0,1.1,4.2,,,97.0,
2021-01-16,-0.5,-5.6,-3.0,0.0,0.3,2.2,,,97.0,
2021-01-17,4.5,-10.8,-3.2,0.2,0.3,2.2,,,91.0,
2021-01-18,12.4,-7.6,2.4,0.0,0.6,2.5,,,80.0,
2021-01-19,10.7,-6.6,2.0,0.2,2.2,6.7,,,76.0,
2021-01-20,10.7,-0.8,5.0,3.6,6.4,17.5,,,82.0,
2021-01-21,11.1,6.0,8.6,3.8,8.6,18.6,,,90.0,
2021-01-22,10.2,3.8,7.0,0.2,10.3,34.2,,,82.0,
2021-01-23,10.9,3.1,7.0,1.6,10.3,20.6,,,87.0,
2021-01-24,10.2,4.7,7.4,0.0,6.7,17.2,,,80.0,
2021-01-25,11.9,7.4,9.6,3.4,8.1,15.3,,,92.0,
2021-01-26,14.1,9.7,11.9,0.2,4.4,10.3,,,95.0,
2021-01-27,16.9,7.3,12.1,0.2,3.6,9.2,,,90.0,
2021-01-28,18.4,4.3,11.4,0.0,3.3,8.9,,,85.0,
2021-01-29,16.0,7.4,11.7,2.4,4.4,11.4,,,85.0,
2021-01-30,10.3,5.9,8.1,0.2,10.8,20.0,,,76.0,
2021-01-31,15.3,5.8,10.6,0.0,8.6,16.4,,,87.0,
2021-02-01,13.0,6.9,10.0,0.0,8.3,15.8,,,80.0,
2021-02-02,13.9,6.5,10.2,0.0,5.3,12.8,,,83.0,
2021-02-03,13.5,7.2,10.4,3.2,5.8,13.6,,,84.0,
2021-02-04,8.7,4.3,6.5,5.6,2.8,10.0,,,96.0,
2021-02-05,13.9,5.0,9.4,8.6,1.7,6.9,,,86.0,
2021-02-06,8.4,4.7,6.6,3.8,2.8,10.0,,,92.0,
2021-02-07,8.0,3.2,5.6,5.0,3.6,14.2,,,88.0,
2021-02-08,8.5,4.7,6.6,4.6,8.1,16.4,,,87.0,
2021-02-09,8.3,3.2,5.8,19.4,6.4,19.2,,,91.0,
2021-02-10,11.8,4.5,8.2,0.4,5.0,17.8,,,79.0,
2021-02-11,15.0,7.1,11.0,3.6,4.2,13.1,,,87.0,
2021-02-12,13.1,4.8,9.0,0.0,5.8,13.3,,,81.0,
2021-02-13,14.6,1.4,8.0,0.0,2.2,7.2,,,82.0,
2021-02-14,18.6,-0.6,9.0,0.0,2.5,7.2,,,77.0,
2021-02-15,16.9,1.2,9.0,0.0,4.4,9.7,,,76.0,
2021-02-16,14.1,1.9,8.0,0.0,5.3,11.4,,,75.0,
2021-02-17,15.1,5.3,10.2,0.0,4.7,9.7,,,77.0,
2021-02-18,14.4,4.8,9.6,0.0,6.7,15.6,,,67.0,
2021-02-19,17.4,2.5,10.0,0.0,2.5,11.4,,,63.0,
2021-02-20,14.4,1.9,8.2,0.0,6.1,16.1,,,49.0,
2021-02-21,12.4,3.4,7.9,6.2,5.3,14.2,,,81.0,
2021-02-22,13.1,0.4,6.8,0.0,1.9,7.5,,,68.0,
2021-02-23,14.4,-3.3,5.6,0.0,4.4,10.0,,,69.0,
2021-02-24,15.1,4.5,9.8,0.0,6.9,16.1,,,73.0,
2021-02-25,15.4,6.0,10.7,0.0,4.2,12.2,,,73.0,
2021-02-26,14.9,2.8,8.8,0.0,1.9,6.7,,,78.0,
2021-02-27,16.5,-0.3,8.1,0.0,1.7,6.7,,,76.0,
2021-02-28,14.2,-2.4,5.9,0.0,1.1,11.7,,,75.0,
2021-03-01,12.3,5.3,8.8,0.0,7.5,14.7,,,76.0,
2021-03-02,15.3,4.2,9.8,0.0,3.6,10.6,,,73.0,
2021-03-03,18.3,1.2,9.8,0.0,1.4,6.7,,,67.0,
2021-03-04,17.1,3.2,10.2,0.0,5.0,10.8,,,65.0,
2021-03-05,16.3,2.6,9.4,0.0,3.3,8.1,,,68.0,
2021-03-06,16.7,-0.7,8.0,0.0,1.1,3.9,,,74.0,
2021-03-07,16.4,2.5,9.4,0.0,1.9,7.2,,,66.0,
2021-03-08,10.6,-0.2,5.2,0.0,2.5,9.2,,,75.0,
2021-03-09,12.3,-2.1,5.1,0.0,1.1,5.3,,,68.0,
2021-03-10,16.1,-4.3,5.9,0.0,2.5,6.9,,,61.0,
2021-03-11,14.9,5.0,10.0,0.0,5.3,12.2,,,74.0,
2021-03-12,14.8,0.5,7.6,0.0,3.3,10.0,,,53.0,
2021-03-13,13.8,-0.4,6.7,0.0,3.6,8.9,,,65.0,
2021-03-14,15.5,-0.2,7.6,0.0,3.1,7.8,,,63.0,
2021-03-15,16.2,-2.7,6.8,0.0,1.7,7.5,,,62.0,
2021-03-16,15.6,-3.1,6.2,0.0,3.9,10.3,,,66.0,
2021-03-17,16.6,-2.3,7.2,0.0,4.7,12.8,,,63.0,
2021-03-18,11.2,-3.5,3.8,0.0,4.7,12.8,,,60.0,
2021-03-19,12.5,2.0,7.2,0.0,3.6,14.7,,,63.0,
2021-03-20,9.1,-0.5,4.3,0.0,7.5,16.1,,,47.0,
2021-03-21,12.0,-4.7,3.6,0.0,4.2,10.8,,,61.0,
2021-03-22,15.3,-4.8,5.2,0.0,1.9,7.8,,,60.0,
2021-03-23,20.3,-5.1,7.6,0.0,1.4,5.8,,,44.0,
2021-03-24,21.4,-3.4,9.0,0.0,1.1,6.4,,,38.0,
2021-03-25,20.4,0.5,10.4,0.0,1.9,9.2,,,50.0,
2021-03-26,17.1,2.2,9.6,0.0,3.6,9.4,,,58.0,
2021-03-27,18.4,-2.4,8.0,0.0,1.1,5.3,,,57.0,
2021-03-28,23.9,1.8,12.8,0.0,2.8,9.2,,,55.0,
2021-03-29,21.2,6.5,13.8,0.0,5.3,15.8,,,36.0,
2021-03-30,20.5,12.3,16.4,0.0,5.3,11.1,,,38.0,
2021-03-31,25.4,10.6,18.0,0.0,7.2,16.1,,,30.0,
2021-04-01,23.3,9.6,16.4,11.6,6.7,12.5,,,30.0,
2021-04-02,18.7,8.3,13.5,7.4,1.4,9.7,,,82.0,
2021-04-03,20.1,3.1,11.6,0.2,2.2,11.1,,,72.0,
2021-04-04,20.6,0.4,10.5,0.0,1.7,5.8,,,57.0,
2021-04-05,21.9,-0.9,10.5,0.0,1.4,7.2,,,47.0,
2021-04-06,20.9,0.1,10.5,0.0,1.9,9.7,,,47.0,
2021-04-07,18.3,-0.3,9.0,0.0,2.2,6.7,,,53.0,
2021-04-08,19.2,5.3,12.2,6.2,3.6,11.1,,,69.0,
2021-04-09,15.7,7.5,11.6,8.0,1.9,10.8,,,76.0,
2021-04-10,17.7,6.0,11.8,8.8,4.7,15.3,,,84.0,
2021-04-11,13.2,3.5,8.4,0.0,3.3,8.9,,,78.0,
2021-04-12,14.9,-0.7,7.1,0.0,2.2,7.2,,,58.0,
2021-04-13,11.1,5.9,8.5,6.6,2.2,5.3,,,90.0,
2021-04-14,19.3,7.2,13.2,0.0,2.5,8.9,,,72.0,
2021-04-15,19.3,3.5,11.4,0.0,3.9,8.1,,,58.0,
2021-04-16,13.8,0.0,6.9,0.0,4.2,8.6,,,48.0,
2021-04-17,14.2,-2.9,5.6,0.0,2.2,8.1,,,53.0,
2021-04-18,17.9,-2.0,8.0,0.0,1.1,4.7,,,48.0,
2021-04-19,18.3,4.7,11.5,0.0,1.9,8.6,,,60.0,
2021-04-20,18.4,5.7,12.0,0.2,4.2,11.9,,,55.0,
2021-04-21,18.1,5.3,11.7,4.8,2.2,8.3,,,71.0,
2021-04-22,17.2,6.5,11.8,0.0,2.8,6.7,,,71.0,
2021-04-23,18.0,6.4,12.2,0.0,8.1,14.7,,,66.0,
2021-04-24,20.0,9.7,14.8,0.0,6.1,15.0,,,62.0,
2021-04-25,16.8,8.8,12.8,2.2,3.6,13.9,,,81.0,
2021-04-26,19.4,7.4,13.4,10.4,2.8,12.2,,,67.0,
2021-04-27,20.2,6.4,13.3,2.6,1.4,10.6,,,77.0,
2021-04-28,16.6,8.4,12.5,7.2,2.5,9.7,,,86.0,
2021-04-29,15.9,7.5,11.7,0.4,4.7,10.6,,,79.0,
2021-04-30,15.9,6.0,11.0,0.0,3.3,8.1,,,73.0,
2021-05-01,16.6,5.4,11.0,0.0,1.9,7.5,,,57.0,
2021-05-02,17.5,1.7,9.6,3.2,1.1,6.4,,,55.0,
2021-05-03,19.6,6.3,13.0,0.0,2.8,6.7,,,60.0,
2021-05-04,21.6,1.9,11.8,0.0,2.8,10.3,,,44.0,
2021-05-05,23.2,3.9,13.6,0.0,1.7,5.3,,,47.0,
2021-05-06,23.1,7.7,15.4,0.0,5.3,10.6,,,48.0,
2021-05-07,26.9,7.5,17.2,0.0,2.5,10.0,,,48.0,
2021-05-08,27.3,7.5,17.4,0.0,3.9,13.6,,,39.0,
2021-05-09,13.9,5.9,9.9,9.4,4.4,12.5,,,79.0,
2021-05-10,16.0,3.8,9.9,0.8,5.0,16.1,,,73.0,
2021-05-11,14.9,3.5,9.2,0.0,5.8,11.1,,,58.0,
2021-05-12,17.4,6.8,12.1,0.0,8.9,15.8,,,59.0,
2021-05-13,16.8,5.7,11.2,1.8,7.5,15.6,,,65.0,
2021-05-14,20.8,6.9,13.8,0.0,5.0,10.3,,,58.0,
2021-05-15,22.1,9.6,15.8,0.0,7.2,15.0,,,67.0,
2021-05-16,20.6,10.0,15.3,0.0,6.7,15.8,,,65.0,
2021-05-17,23.8,6.4,15.1,0.0,2.8,6.9,,,45.0,
2021-05-18,23.2,7.6,15.4,0.0,7.2,15.0,,,49.0,
2021-05-19,22.5,4.3,13.4,0.0,3.1,8.3,,,42.0,
2021-05-20,28.9,4.3,16.6,0.0,1.9,7.5,,,37.0,
2021-05-21,24.4,8.5,16.4,0.0,6.4,13.9,,,46.0,
2021-05-22,15.1,6.4,10.8,0.0,3.9,8.6,,,50.0,
2021-05-23,20.9,1.6,11.2,0.0,2.2,9.7,,,42.0,
2021-05-24,20.6,6.9,13.8,0.0,6.1,11.7,,,51.0,
2021-05-25,24.6,3.0,13.8,0.0,2.5,6.7,,,42.0,
2021-05-26,26.6,6.7,16.6,0.0,3.3,8.6,,,40.0,
2021-05-27,29.2,7.1,18.2,0.0,1.4,7.2,,,38.0,
2021-05-28,25.7,12.3,19.0,1.0,2.5,7.8,,,55.0,
2021-05-29,31.0,9.0,20.0,2.6,1.1,12.2,,,46.0,
2021-05-30,31.5,11.7,21.6,0.0,2.5,9.4,,,56.0,
2021-05-31,31.9,12.1,22.0,23.4,,,,,,
2021-06-02,27.1,8.6,17.8,0.0,2.5,8.9,,,50.0,
2021-06-03,27.5,9.8,18.6,0.8,2.5,7.8,,,57.0,
2021-06-04,25.0,10.5,17.8,0.0,1.9,8.1,,,59.0,
2021-06-05,26.1,6.9,16.5,0.0,2.2,9.7,,,47.0,
2021-06-06,29.3,8.6,19.0,0.0,2.2,8.9,,,42.0,
2021-06-07,31.1,8.7,19.9,0.0,1.4,7.8,,,40.0,
2021-06-08,31.8,11.5,21.6,0.0,4.2,10.8,,,32.0,
2021-06-09,31.8,9.7,20.8,0.0,3.1,9.2,,,38.0,
2021-06-10,33.4,10.9,22.2,0.0,3.1,10.0,,,35.0,
2021-06-11,32.9,14.2,23.6,5.0,1.9,18.1,,,47.0,
2021-06-12,31.7,12.9,22.3,0.0,3.6,11.1,,,45.0,
2021-06-13,32.5,14.2,23.4,0.0,4.2,16.7,,,42.0,
2021-06-14,31.7,14.7,23.2,3.0,4.2,9.2,,,50.0,
2021-06-15,32.2,11.7,22.0,1.8,2.5,13.9,,,46.0,
2021-06-16,28.8,15.1,22.0,11.8,4.4,13.9,,,55.0,
2021-06-17,20.7,12.0,16.4,21.0,3.1,16.7,,,94.0,
2021-06-18,23.3,10.7,17.0,3.4,3.9,16.4,,,65.0,
2021-06-19,22.9,7.3,15.1,0.2,3.1,10.8,,,55.0,
2021-06-20,20.7,11.1,15.9,0.4,8.3,17.2,,,59.0,
2021-06-21,19.9,9.0,14.4,0.8,6.7,11.7,,,57.0,
2021-06-22,22.6,12.3,17.4,1.0,3.3,9.7,,,56.0,
2021-06-23,22.9,10.9,16.9,0.2,2.8,7.8,,,45.0,
2021-06-24,27.0,6.5,16.8,0.0,2.5,6.7,,,44.0,
2021-06-25,30.8,8.2,19.5,0.0,2.8,8.6,,,39.0,
2021-06-26,31.3,12.6,22.0,0.0,5.8,17.2,,,28.0,
2021-06-27,24.7,9.3,17.0,0.0,6.4,15.3,,,49.0,
2021-06-28,24.7,6.6,15.6,0.0,3.3,10.3,,,43.0,
2021-06-29,27.9,7.3,17.6,0.0,1.7,6.9,,,41.0,
2021-06-30,31.2,7.9,19.6,0.0,3.1,10.6,,,37.0,
2021-07-01,32.3,10.5,21.4,0.0,3.6,11.7,,,28.0,
2021-07-02,32.1,13.4,22.8,0.0,5.0,12.5,,,30.0,
2021-07-03,28.2,13.9,21.0,0.0,4.4,10.3,,,41.0,
2021-07-04,28.0,11.5,19.8,0.0,5.0,10.6,,,48.0,
2021-07-05,31.7,12.6,22.2,3.8,6.1,14.7,,,42.0,
2021-07-06,21.5,10.8,16.2,0.8,5.6,11.1,,,63.0,
2021-07-07,24.5,9.9,17.2,0.0,3.3,7.8,,,48.0,
2021-07-08,28.7,7.1,17.9,0.0,1.7,6.1,,,41.0,
2021-07-09,32.8,9.2,21.0,0.0,2.2,12.2,,,33.0,
2021-07-10,34.6,11.1,22.8,0.0,3.6,8.6,,,31.0,
2021-07-11,37.9,13.2,25.6,0.0,5.3,15.3,,,34.0,
2021-07-12,24.2,10.1,17.2,0.0,7.2,12.2,,,40.0,
2021-07-13,26.2,6.7,16.4,0.0,2.5,10.3,,,36.0,
2021-07-14,26.9,7.8,17.4,0.0,3.3,8.9,,,37.0,
2021-07-15,31.0,9.0,20.0,0.0,2.8,7.2,,,33.0,
2021-07-16,34.6,8.9,21.8,0.0,1.9,7.2,,,31.0,
2021-07-17,35.6,9.6,22.6,0.0,3.3,7.8,,,29.0,
2021-07-18,34.1,12.1,23.1,0.0,3.1,9.2,,,29.0,
2021-07-19,34.9,11.3,23.1,0.0,1.9,10.0,,,34.0,
2021-07-20,35.2,14.7,25.0,0.0,3.9,10.8,,,29.0,
2021-07-21,37.0,14.4,25.7,0.0,3.1,8.3,,,29.0,
2021-07-22,35.7,14.5,25.1,0.0,6.1,15.8,,,21.0,
2021-07-23,28.4,13.8,21.1,0.0,6.4,14.7,,,31.0,
2021-07-24,28.1,10.4,19.2,0.0,4.2,10.0,,,37.0,
2021-07-25,28.6,11.8,20.2,0.0,3.1,9.4,,,50.0,
2021-07-26,30.7,12.4,21.6,0.0,1.7,7.5,,,48.0,
2021-07-27,32.0,14.7,23.4,0.0,6.7,12.8,,,34.0,
2021-07-28,33.1,12.3,22.7,0.0,2.5,8.6,,,41.0,
2021-07-29,33.6,11.9,22.8,0.0,5.8,15.3,,,31.0,
2021-07-30,31.6,14.1,22.8,0.0,4.7,11.7,,,33.0,
2021-07-31,23.6,13.1,18.4,0.0,3.3,10.3,,,52.0,
2021-08-01,26.4,8.5,17.4,0.0,2.2,12.2,,,38.0,
2021-08-02,29.9,10.9,20.4,0.0,2.5,9.4,,,37.0,
2021-08-03,30.7,10.3,20.5,0.0,5.0,11.7,,,36.0,
2021-08-04,30.2,15.4,22.8,0.0,4.7,10.3,,,41.0,
2021-08-05,32.5,12.4,22.4,0.0,6.7,15.0,,,36.0,
2021-08-06,29.7,10.6,20.2,0.0,5.6,16.1,,,43.0,
2021-08-07,26.2,13.3,19.8,0.0,5.0,11.1,,,42.0,
2021-08-08,29.3,6.9,18.1,0.0,1.9,8.3,,,39.0,
2021-08-09,33.9,6.9,20.4,0.0,1.4,6.1,,,23.0,
2021-08-10,36.2,13.7,25.0,0.0,2.8,8.6,,,25.0,
2021-08-11,37.5,13.3,25.4,0.0,3.3,7.8,,,31.0,
2021-08-12,36.9,19.4,28.2,0.0,4.7,16.4,,,31.0,
2021-08-13,40.6,13.4,27.0,0.0,3.6,14.2,,,23.0,
2021-08-14,39.8,18.0,28.9,0.0,3.9,15.0,,,23.0,
2021-08-15,37.5,15.3,26.4,0.0,3.6,12.5,,,18.0,
2021-08-16,31.2,11.1,21.2,0.0,4.7,9.7,,,38.0,
2021-08-17,28.8,9.3,19.0,0.0,3.3,10.0,,,36.0,
2021-08-18,30.5,7.4,19.0,0.0,3.1,7.2,,,37.0,
2021-08-19,32.3,7.9,20.1,0.0,1.7,6.4,,,36.0,
2021-08-20,33.7,10.5,22.1,0.0,4.2,11.1,,,25.0,
2021-08-21,33.9,11.4,22.6,0.0,3.1,10.0,,,30.0,
2021-08-22,36.3,10.8,23.6,0.0,1.9,8.6,,,26.0,
2021-08-23,33.7,13.7,23.7,0.0,4.2,8.6,,,40.0,
2021-08-24,32.2,11.0,21.6,0.0,3.3,7.8,,,41.0,
2021-08-25,32.5,9.5,21.0,0.0,3.1,12.8,,,42.0,
2021-08-26,33.2,16.3,24.8,0.0,1.9,10.8,,,34.0,
2021-08-27,34.2,13.8,24.0,0.0,2.2,9.2,,,34.0,
2021-08-28,33.6,14.8,24.2,0.0,3.1,8.3,,,44.0,
2021-08-29,31.2,10.4,20.8,0.0,2.2,7.8,,,29.0,
2021-08-30,30.5,11.9,21.2,0.0,3.1,8.1,,,37.0,
2021-08-31,34.1,11.2,22.6,1.4,1.7,10.8,,,39.0,
2021-09-01,25.1,14.6,19.8,0.2,3.6,13.6,,,66.0,
2021-09-02,26.6,11.9,19.2,1.0,1.7,9.7,,,52.0,
2021-09-03,29.1,12.8,21.0,0.2,2.2,11.7,,,50.0,
2021-09-04,31.0,12.0,21.5,0.0,1.7,7.8,,,35.0,
2021-09-05,34.0,12.7,23.4,0.0,2.8,10.0,,,30.0,
2021-09-06,34.4,17.6,26.0,0.0,6.4,16.1,,,27.0,
2021-09-07,30.3,14.7,22.5,0.0,6.1,14.2,,,40.0,
2021-09-08,25.9,13.1,19.5,0.0,4.7,13.3,,,60.0,
2021-09-09,27.5,16.1,21.8,0.0,4.7,11.4,,,55.0,
2021-09-10,26.2,11.6,18.9,0.0,2.5,8.1,,,47.0,
2021-09-11,26.5,8.0,17.2,0.0,2.5,9.4,,,47.0,
2021-09-12,33.2,9.7,21.4,0.0,2.5,8.3,,,35.0,
2021-09-13,27.6,15.2,21.4,3.6,5.0,13.3,,,61.0,
2021-09-14,18.3,12.7,15.5,14.6,3.9,11.4,,,90.0,
2021-09-15,23.5,12.9,18.2,5.8,1.4,6.9,,,80.0,
2021-09-16,26.5,12.9,19.7,0.0,1.4,5.3,,,68.0,
2021-09-17,25.3,11.1,18.2,0.0,4.4,11.9,,,56.0,
2021-09-18,22.7,10.2,16.4,0.0,3.9,10.0,,,49.0,
2021-09-19,24.6,6.4,15.5,0.0,1.4,5.8,,,51.0,
2021-09-20,22.3,6.8,14.6,0.0,5.0,18.1,,,63.0,
2021-09-21,21.3,4.7,13.0,0.0,4.2,11.1,,,56.0,
2021-09-22,21.9,10.1,16.0,0.0,3.1,8.3,,,53.0,
2021-09-23,26.6,10.7,18.6,28.2,2.5,10.8,,,53.0,
2021-09-24,22.8,11.9,17.4,1.2,5.0,10.3,,,84.0,
2021-09-25,21.1,10.1,15.6,0.0,5.3,11.9,,,67.0,
2021-09-26,24.5,9.3,16.9,0.0,1.7,6.9,,,68.0,
2021-09-27,24.7,9.8,17.2,0.0,2.2,6.1,,,70.0,
2021-09-28,23.5,9.7,16.6,0.0,1.9,8.3,,,69.0,
2021-09-29,22.9,7.2,15.0,0.0,2.5,6.4,,,62.0,
2021-09-30,24.9,6.2,15.6,0.0,0.6,4.2,,,63.0,
2021-10-01,24.9,9.4,17.2,0.0,2.2,8.3,,,50.0,
2021-10-02,24.6,10.0,17.3,6.8,4.2,12.2,,,53.0,
2021-10-03,17.3,6.2,11.8,0.6,5.0,16.9,,,69.0,
2021-10-04,18.0,5.5,11.8,0.0,3.1,8.3,,,67.0,
2021-10-05,20.9,10.9,15.9,0.0,5.6,12.2,,,71.0,
2021-10-06,23.6,7.5,15.6,0.0,2.5,6.9,,,65.0,
2021-10-07,25.1,2.9,14.0,0.0,0.8,5.3,,,52.0,
2021-10-08,25.7,4.3,15.0,0.0,1.1,5.0,,,52.0,
2021-10-09,23.9,3.4,13.6,0.0,1.9,6.4,,,49.0,
2021-10-10,23.5,4.6,14.0,0.0,1.4,5.0,,,56.0,
2021-10-11,23.3,4.5,13.9,0.0,2.2,5.3,,,58.0,
2021-10-12,23.9,3.9,13.9,0.0,1.7,4.4,,,52.0,
2021-10-13,23.9,0.2,12.0,0.0,1.9,6.1,,,45.0,
2021-10-14,24.4,-0.2,12.1,0.0,0.6,5.8,,,51.0,
2021-10-15,24.7,4.9,14.8,0.0,1.7,6.7,,,47.0,
2021-10-16,21.1,7.0,14.0,1.4,0.8,5.0,,,49.0,
2021-10-17,22.0,11.3,16.6,0.4,1.9,5.8,,,83.0,
2021-10-18,23.3,10.2,16.8,0.0,1.4,4.4,,,82.0,
2021-10-19,28.0,9.9,19.0,0.0,1.9,6.1,,,60.0,
2021-10-20,25.2,11.2,18.2,0.0,5.8,17.2,,,63.0,
2021-10-21,21.2,4.5,12.8,0.0,1.9,5.8,,,71.0,
2021-10-22,18.0,1.0,9.5,0.0,2.8,9.7,,,64.0,
2021-10-23,20.0,-1.2,9.4,0.0,0.6,4.7,,,59.0,
2021-10-24,21.8,-0.4,10.7,0.0,1.7,5.6,,,48.0,
2021-10-25,20.5,1.7,11.1,0.0,1.1,5.8,,,59.0,
2021-10-26,22.5,-0.7,10.9,0.0,1.7,5.3,,,57.0,
2021-10-27,22.8,-0.4,11.2,0.0,0.6,4.2,,,52.0,
2021-10-28,20.5,0.1,10.3,0.0,3.3,10.0,,,52.0,
2021-10-29,16.8,10.8,13.8,9.0,7.8,16.9,,,64.0,
2021-10-30,16.8,12.0,14.4,2.0,3.1,23.6,,,85.0,
2021-10-31,20.1,11.2,15.6,11.2,7.5,15.8,,,91.0,
2021-11-01,13.9,7.5,10.7,0.0,5.6,12.5,,,72.0,
2021-11-02,12.8,6.5,9.6,7.8,6.1,14.4,,,83.0,
2021-11-03,10.6,2.8,6.7,0.0,4.7,10.8,,,79.0,
2021-11-04,12.3,1.0,6.6,0.0,3.1,7.5,,,76.0,
2021-11-05,12.1,-1.3,5.4,1.2,1.9,10.3,,,74.0,
2021-11-06,11.0,-2.0,4.5,0.2,3.1,9.2,,,75.0,
2021-11-07,11.9,-2.6,4.6,0.0,2.5,7.8,,,78.0,
2021-11-08,16.1,1.5,8.8,0.0,1.1,5.6,,,83.0,
2021-11-09,15.2,0.9,8.0,0.0,1.1,6.4,,,72.0,
2021-11-10,15.9,-2.5,6.7,0.0,1.1,3.6,,,76.0,
2021-11-11,15.3,-2.7,6.3,0.0,1.1,3.3,,,74.0,
2021-11-12,12.3,-1.7,5.3,0.0,1.1,4.7,,,92.0,
2021-11-13,13.3,-0.7,6.3,0.2,0.6,3.1,,,95.0,
2021-11-14,9.9,0.4,5.2,0.2,0.8,3.1,,,99.0,
2021-11-15,11.5,0.2,5.8,0.0,1.7,7.2,,,84.0,
2021-11-16,11.5,-1.7,4.9,0.0,1.9,7.5,,,80.0,
2021-11-17,12.3,-2.3,5.0,0.0,3.1,9.2,,,79.0,
2021-11-18,12.8,-4.0,4.4,0.0,1.7,6.4,,,72.0,
2021-11-19,14.7,-1.6,6.6,0.0,5.0,13.3,,,71.0,
2021-11-20,15.2,2.5,8.8,0.0,4.2,9.7,,,77.0,
2021-11-21,15.3,4.3,9.8,0.6,1.4,4.7,,,87.0,
2021-11-22,6.9,0.5,3.7,7.2,4.2,10.3,,,87.0,
2021-11-23,3.8,-0.1,1.8,8.8,2.2,8.1,,,97.0,
2021-11-24,4.8,2.2,3.5,9.4,1.7,5.3,,,96.0,
2021-11-25,10.8,3.3,7.0,0.8,1.7,7.8,,,83.0,
2021-11-26,8.3,1.1,4.7,0.0,3.1,9.2,,,88.0,
2021-11-27,7.6,-0.9,3.4,1.0,7.8,16.1,,,77.0,
2021-11-28,6.6,-1.7,2.4,0.0,7.8,16.4,,,81.0,
2021-11-29,11.9,1.9,6.9,0.0,5.8,12.2,,,80.0,
2021-11-30,12.0,-1.8,5.1,0.0,0.8,3.9,,,86.0,
2021-12-01,11.0,-0.9,5.0,1.2,6.7,16.1,,,88.0,
2021-12-02,9.1,-0.7,4.2,0.0,3.6,9.7,,,85.0,
2021-12-03,10.6,-1.1,4.8,0.0,4.4,8.1,,,82.0,
2021-12-04,13.2,3.8,8.5,1.6,6.1,13.6,,,82.0,
2021-12-05,9.8,1.3,5.6,0.0,7.8,15.0,,,78.0,
2021-12-06,11.5,1.2,6.4,0.4,5.8,11.9,,,88.0,
2021-12-07,13.0,5.1,9.0,1.4,8.9,16.7,,,85.0,
2021-12-08,5.9,2.9,4.4,0.4,8.1,16.9,,,87.0,
2021-12-09,11.0,3.4,7.2,0.0,9.4,17.5,,,85.0,
2021-12-10,14.2,5.0,9.6,0.0,9.4,19.7,,,81.0,
2021-12-11,12.0,4.0,8.0,0.0,3.9,8.6,,,92.0,
2021-12-12,15.0,1.4,8.2,0.2,1.7,5.8,,,99.0,
2021-12-13,4.5,1.0,2.8,0.2,1.4,3.6,,,100.0,
2021-12-14,3.1,-0.7,1.2,0.2,1.1,3.3,,,100.0,
2021-12-15,9.2,-1.6,3.8,0.2,0.8,3.9,,,100.0,
2021-12-16,13.7,-3.3,5.2,0.2,0.8,4.2,,,84.0,
2021-12-17,13.4,-3.1,5.2,0.0,1.4,10.3,,,69.0,
2021-12-18,12.6,0.9,6.8,0.0,3.6,8.9,,,71.0,
2021-12-19,12.2,-0.8,5.7,0.0,4.4,10.3,,,78.0,
2021-12-20,11.1,-1.4,4.8,0.0,0.8,6.1,,,88.0,
2021-12-21,17.7,4.7,11.2,1.2,1.9,7.2,,,80.0,
2021-12-22,16.6,5.7,11.2,0.0,1.7,8.6,,,84.0,
2021-12-23,11.5,4.6,8.0,4.0,2.2,8.3,,,92.0,
2021-12-24,12.3,3.5,7.9,0.0,2.2,7.2,,,89.0,
2021-12-25,11.6,5.7,8.6,4.6,1.9,8.3,,,95.0,
2021-12-26,11.8,7.5,9.6,10.4,5.6,13.6,,,95.0,
2021-12-27,13.7,8.3,11.0,0.0,8.3,17.8,,,79.0,
2021-12-28,13.9,6.6,10.2,0.0,6.4,13.3,,,83.0,
2021-12-29,18.2,3.9,11.0,0.0,1.4,6.4,,,85.0,
2021-12-30,15.8,-0.6,7.6,0.2,0.8,5.0,,,88.0,
2021-12-31,19.5,-1.5,9.0,0.0,0.8,4.7,,,83.0,
2022-01-01,22.5,0.3,11.4,0.0,0.8,5.8,,,70.0,
2022-01-02,18.8,3.4,11.1,0.0,1.9,5.6,,,71.0,
2022-01-03,17.6,1.9,9.8,0.0,3.6,9.7,,,68.0,
2022-01-04,12.6,1.8,7.2,1.8,8.1,19.4,,,70.0,
2022-01-05,6.2,0.6,3.4,6.2,2.8,7.8,,,90.0,
2022-01-06,8.2,-0.2,4.0,0.0,1.4,6.1,,,78.0,
2022-01-07,10.5,-1.2,4.6,0.0,1.7,4.2,,,89.0,
2022-01-08,8.9,-2.5,3.2,0.0,3.3,10.3,,,79.0,
2022-01-09,12.4,2.5,7.4,0.0,7.2,16.1,,,88.0,
2022-01-10,15.4,2.6,9.0,0.0,2.8,8.9,,,86.0,
2022-01-11,12.1,-1.1,5.5,0.0,1.4,7.2,,,89.0,
2022-01-12,11.1,-2.8,4.2,0.2,1.4,5.3,,,67.0,
2022-01-13,10.6,-3.9,3.4,0.0,3.6,10.3,,,67.0,
2022-01-14,10.8,-3.2,3.8,0.0,2.2,5.8,,,65.0,
2022-01-15,11.1,-5.8,2.6,0.0,0.8,4.2,,,67.0,
2022-01-16,12.9,-4.3,4.3,0.0,0.3,2.5,,,70.0,
2022-01-17,10.9,-5.5,2.7,0.0,0.8,3.9,,,67.0,
2022-01-18,10.7,-6.1,2.3,0.0,1.1,3.9,,,70.0,
2022-01-19,11.6,-6.5,2.6,0.0,1.1,6.1,,,69.0,
2022-01-20,11.4,-5.2,3.1,0.0,1.7,7.2,,,72.0,
2022-01-21,6.6,-5.5,0.6,0.0,3.3,10.3,,,71.0,
2022-01-22,9.1,-7.3,0.9,0.0,1.1,4.7,,,68.0,
2022-01-23,11.6,-6.7,2.4,0.0,2.8,8.9,,,69.0,
2022-01-24,11.1,-4.8,3.2,0.0,2.5,7.8,,,69.0,
2022-01-25,10.9,-3.5,3.7,0.0,2.2,9.2,,,73.0,
2022-01-26,11.6,-5.6,3.0,0.0,1.7,5.0,,,65.0,
2022-01-27,13.2,-4.6,4.3,0.0,1.9,5.0,,,62.0,
2022-01-28,14.3,-7.5,3.4,0.0,1.1,5.6,,,51.0,
2022-01-29,15.6,-8.2,3.7,0.0,1.1,5.0,,,53.0,
2022-01-30,16.2,-7.0,4.6,0.0,1.4,4.7,,,56.0,
2022-01-31,14.9,-6.2,4.4,0.0,1.9,6.7,,,57.0,
2022-02-01,12.1,-4.8,3.6,0.0,2.8,11.1,,,68.0,
2022-02-02,17.9,-5.8,6.0,0.0,0.8,3.6,,,71.0,
2022-02-03,15.6,-3.7,6.0,0.0,1.9,6.4,,,60.0,
2022-02-04,9.9,0.2,5.0,0.0,1.1,6.7,,,80.0,
2022-02-05,12.3,-4.3,4.0,0.0,3.3,9.2,,,70.0,
2022-02-06,13.2,-8.5,2.4,0.0,0.8,5.0,,,63.0,
2022-02-07,13.8,-5.9,4.0,0.0,1.4,5.8,,,61.0,
2022-02-08,17.5,-6.0,5.8,0.0,1.9,10.6,,,58.0,
2022-02-09,19.4,-4.1,7.6,0.0,1.1,3.6,,,52.0,
2022-02-10,18.1,-2.9,7.6,0.0,0.6,3.9,,,60.0,
2022-02-11,14.8,0.4,7.6,0.0,0.8,4.4,,,68.0,
2022-02-12,17.3,-1.7,7.8,0.0,2.2,6.9,,,68.0,
2022-02-13,13.4,2.6,8.0,0.4,7.2,17.5,,,68.0,
2022-02-14,10.2,-0.4,4.9,0.8,5.8,15.3,,,70.0,
2022-02-15,10.5,-1.4,4.6,0.2,4.4,10.8,,,67.0,
2022-02-16,11.2,3.4,7.3,0.0,5.6,10.8,,,76.0,
2022-02-17,17.2,0.4,8.8,0.0,1.4,8.1,,,74.0,
2022-02-18,13.0,-1.0,6.0,0.0,2.2,8.6,,,85.0,
2022-02-19,11.1,-2.7,4.2,0.0,3.6,11.1,,,54.0,
2022-02-20,15.7,-5.2,5.2,0.0,1.1,7.5,,,62.0,
2022-02-21,15.5,-3.2,6.2,0.0,1.4,7.2,,,61.0,
2022-02-22,17.7,-4.1,6.8,0.0,1.4,6.1,,,40.0,
2022-02-23,18.8,-4.3,7.2,0.0,1.4,4.4,,,48.0,
2022-02-24,15.4,-1.4,7.0,0.0,1.7,8.3,,,52.0,
2022-02-25,11.0,-0.3,5.4,0.0,3.3,9.2,,,57.0,
2022-02-26,13.3,-0.8,6.2,3.4,5.0,15.8,,,71.0,
2022-02-27,16.5,2.1,9.3,0.0,1.4,5.0,,,75.0,
2022-02-28,18.6,-1.1,8.8,0.0,0.8,4.7,,,62.0,
2022-03-01,16.8,-0.1,8.4,0.0,2.2,10.0,,,64.0,
2022-03-02,14.1,3.4,8.8,0.0,4.7,10.3,,,69.0,
2022-03-03,8.6,3.5,6.0,24.0,5.8,15.3,,,93.0,
2022-03-04,10.6,-0.5,5.0,0.0,1.9,10.3,,,76.0,
2022-03-05,9.6,-1.9,3.8,0.0,2.8,7.2,,,68.0,
2022-03-06,9.1,-3.7,2.7,0.0,1.9,6.7,,,70.0,
2022-03-07,10.9,-0.9,5.0,0.0,1.7,7.8,,,69.0,
2022-03-08,11.7,2.5,7.1,0.0,5.3,14.4,,,69.0,
2022-03-09,12.9,1.5,7.2,0.0,4.4,11.7,,,76.0,
2022-03-10,14.8,2.6,8.7,1.0,4.4,13.6,,,61.0,
2022-03-11,13.4,3.3,8.4,1.8,4.2,14.2,,,70.0,
2022-03-12,11.2,-0.3,5.4,13.8,5.0,13.1,,,73.0,
2022-03-13,12.7,3.1,7.9,0.0,2.8,11.4,,,66.0,
2022-03-14,8.7,3.5,6.1,3.6,4.4,11.9,,,89.0,
2022-03-15,18.4,6.6,12.5,0.0,4.4,14.7,,,47.0,
2022-03-16,13.4,8.6,11.0,0.0,3.3,10.8,,,77.0,
2022-03-17,9.0,4.4,6.7,0.0,5.8,11.7,,,64.0,
2022-03-18,14.0,1.6,7.8,0.0,1.7,6.4,,,72.0,
2022-03-19,15.6,3.4,9.5,0.0,3.1,10.0,,,65.0,
2022-03-20,13.3,4.3,8.8,0.0,6.4,15.8,,,68.0,
2022-03-21,15.5,6.8,11.2,0.6,4.4,14.2,,,70.0,
2022-03-22,14.5,6.4,10.4,0.2,8.6,16.1,,,72.0,
2022-03-23,14.2,5.8,10.0,0.0,6.1,15.6,,,57.0,
2022-03-24,11.4,3.0,7.2,0.2,2.5,7.5,,,77.0,
2022-03-25,15.5,6.7,11.1,1.6,3.1,8.3,,,84.0,
2022-03-26,15.2,4.0,9.6,0.0,1.7,5.0,,,77.0,
2022-03-27,16.2,4.7,10.4,0.0,5.3,12.8,,,68.0,
2022-03-28,17.2,7.2,12.2,0.2,4.7,10.3,,,50.0,
2022-03-29,18.0,8.3,13.2,1.0,2.8,9.2,,,70.0,
2022-03-30,14.7,1.8,8.2,0.2,4.7,10.3,,,82.0,
2022-03-31,12.2,-0.2,6.0,4.0,4.7,10.8,,,79.0,
2022-04-01,9.4,-2.8,3.3,0.2,3.9,11.1,,,49.0,
2022-04-02,9.1,-5.6,1.8,0.0,2.2,7.5,,,55.0,
2022-04-03,9.1,-5.9,1.6,0.0,3.9,11.4,,,46.0,
2022-04-04,12.0,-6.0,3.0,0.0,3.6,10.3,,,43.0,
2022-04-05,17.3,-4.0,6.6,0.0,1.9,5.8,,,47.0,
2022-04-06,18.2,-0.8,8.7,0.0,3.6,8.6,,,48.0,
2022-04-07,16.0,4.1,10.0,0.0,6.4,12.5,,,58.0,
2022-04-08,14.4,3.5,9.0,0.0,7.8,15.0,,,66.0,
2022-04-09,19.4,6.8,13.1,0.0,1.4,7.5,,,57.0,
2022-04-10,22.2,4.7,13.4,0.0,5.8,15.8,,,54.0,
2022-04-11,20.8,6.8,13.8,5.6,7.2,19.2,,,58.0,
2022-04-12,15.5,3.3,9.4,7.0,3.1,11.4,,,73.0,
2022-04-13,17.9,3.8,10.8,0.2,2.5,7.5,,,71.0,
2022-04-14,20.8,1.9,11.4,0.0,1.4,5.0,,,65.0,
2022-04-15,23.7,3.1,13.4,0.0,1.1,5.0,,,52.0,
2022-04-16,24.5,3.5,14.0,0.0,1.7,8.6,,,48.0,
2022-04-17,24.3,3.4,13.8,0.0,1.4,5.0,,,43.0,
2022-04-18,23.7,2.2,13.0,0.0,2.5,10.3,,,45.0,
2022-04-19,9.3,4.9,7.1,0.4,5.6,11.4,,,72.0,
2022-04-20,13.3,-0.7,6.3,0.2,4.7,11.9,,,59.0,
2022-04-21,15.9,-2.7,6.6,0.6,2.5,8.6,,,46.0,
2022-04-22,9.7,4.1,6.9,11.6,3.3,10.8,,,91.0,
2022-04-23,11.3,3.1,7.2,0.0,9.2,16.9,,,66.0,
2022-04-24,15.8,0.7,8.2,0.0,2.2,9.2,,,66.0,
2022-04-25,22.4,0.1,11.2,0.0,1.1,8.6,,,47.0,
2022-04-26,21.6,3.8,12.7,7.4,2.5,12.8,,,56.0,
2022-04-27,17.6,5.4,11.5,4.4,2.5,8.1,,,78.0,
2022-04-28,16.1,,,0.0,,,,,,
2022-04-29,24.6,3.9,14.2,0.0,1.7,5.3,,,57.0,
2022-04-30,24.3,6.2,15.2,0.0,1.9,9.4,,,57.0,
2022-05-01,23.5,8.9,16.2,0.0,3.6,9.7,,,43.0,
2022-05-02,15.7,5.8,10.8,0.2,3.3,10.8,,,74.0,
2022-05-03,17.0,7.6,12.3,0.0,5.8,12.2,,,68.0,
2022-05-04,20.9,4.6,12.8,0.0,3.3,8.9,,,54.0,
2022-05-05,21.3,3.0,12.2,0.0,1.9,6.9,,,43.0,
2022-05-06,22.1,2.6,12.4,0.0,2.8,7.5,,,37.0,
2022-05-07,23.8,0.9,12.4,0.0,3.1,7.8,,,39.0,
2022-05-08,26.1,4.4,15.2,0.0,2.5,9.7,,,36.0,
2022-05-09,29.3,4.2,16.8,0.0,1.7,6.1,,,31.0,
2022-05-10,30.9,7.0,19.0,0.0,3.9,8.9,,,30.0,
2022-05-11,29.5,10.2,19.8,0.0,3.3,10.0,,,33.0,
2022-05-12,26.7,12.4,19.6,0.0,2.8,9.2,,,42.0,
2022-05-13,29.7,7.8,18.8,0.0,2.2,11.9,,,35.0,
2022-05-14,24.3,11.6,18.0,2.0,3.3,12.5,,,62.0,
2022-05-15,23.3,9.3,16.3,0.0,6.7,14.2,,,48.0,
2022-05-16,26.2,6.4,16.3,0.0,3.3,11.7,,,44.0,
2022-05-17,28.2,8.3,18.2,0.0,3.6,8.3,,,45.0,
2022-05-18,30.0,9.1,19.6,0.0,3.6,9.7,,,32.0,
2022-05-19,33.0,11.3,22.2,0.0,3.1,11.4,,,36.0,
2022-05-20,32.8,15.3,24.0,0.0,1.7,8.9,,,26.0,
2022-05-21,34.9,19.0,27.0,0.0,4.2,11.1,,,19.0,
2022-05-22,23.6,12.7,18.2,0.0,5.6,13.6,,,50.0,
2022-05-23,24.3,11.3,17.8,0.0,5.6,10.8,,,48.0,
2022-05-24,17.9,7.7,12.8,0.0,3.6,10.3,,,41.0,
2022-05-25,21.0,2.2,11.6,0.0,3.6,10.3,,,37.0,
2022-05-26,27.2,4.2,15.7,0.0,4.7,11.1,,,35.0,
2022-05-27,31.4,6.0,18.7,0.0,5.0,11.4,,,29.0,
2022-05-28,32.4,7.0,19.7,0.0,2.8,11.7,,,27.0,
2022-05-29,31.5,9.7,20.6,0.0,1.9,10.8,,,38.0,
2022-05-30,21.8,10.5,16.2,0.0,5.0,11.1,,,47.0,
2022-05-31,29.7,9.0,19.4,0.0,3.3,9.7,,,33.0,
2022-06-01,26.6,11.3,19.0,0.0,6.7,15.0,,,45.0,
2022-06-02,26.3,11.3,18.8,0.0,4.2,11.4,,,37.0,
2022-06-03,27.1,9.5,18.3,0.0,4.4,13.6,,,35.0,
2022-06-04,27.4,9.2,18.3,0.0,5.3,14.7,,,32.0,
2022-06-05,28.1,9.8,19.0,0.0,3.1,9.2,,,38.0,
2022-06-06,28.6,10.3,19.4,0.0,4.7,11.9,,,31.0,
2022-06-07,31.0,11.1,21.0,0.0,3.3,9.2,,,31.0,
2022-06-08,27.2,14.3,20.8,0.0,6.4,13.9,,,48.0,
2022-06-09,31.8,11.2,21.5,0.0,3.3,8.6,,,40.0,
2022-06-10,36.4,10.7,23.6,0.0,1.9,7.5,,,24.0,
2022-06-11,34.4,12.7,23.6,0.0,0.8,12.5,,,25.0,
2022-06-12,37.0,17.1,27.0,0.0,4.7,11.4,,,17.0,
2022-06-13,39.1,15.2,27.2,0.0,3.9,11.4,,,27.0,
2022-06-14,37.9,18.6,28.2,,3.9,14.2,,,19.0,
2022-06-15,38.6,15.3,27.0,,2.5,,,,19.0,
2022-06-17,38.6,,,0.0,,,,,,
2022-06-18,35.8,17.6,26.7,0.0,8.3,16.7,,,14.0,
2022-06-19,24.1,12.3,18.2,0.0,6.9,15.8,,,42.0,
2022-06-20,24.8,9.7,17.2,0.0,5.0,15.0,,,41.0,
2022-06-21,26.1,7.7,16.9,0.0,4.2,11.9,,,32.0,
2022-06-22,23.4,10.5,17.0,8.2,2.8,11.1,,,60.0,
2022-06-23,22.1,12.5,17.3,1.6,5.6,13.9,,,57.0,
2022-06-24,24.9,10.4,17.6,0.0,5.0,11.1,,,50.0,
2022-06-25,24.0,10.4,17.2,0.0,5.8,16.4,,,42.0,
2022-06-26,24.5,5.1,14.8,0.0,2.8,8.9,,,37.0,
2022-06-27,26.1,7.4,16.8,0.0,3.3,8.9,,,38.0,
2022-06-28,30.3,6.5,18.4,0.0,2.2,8.9,,,28.0,
2022-06-29,28.4,11.8,20.1,0.0,5.6,13.6,,,27.0,
2022-06-30,25.5,7.3,16.4,0.0,2.2,11.1,,,33.0,
2022-07-01,31.9,6.2,19.0,0.0,2.2,6.7,,,27.0,
2022-07-02,35.7,11.6,23.6,0.0,1.7,10.6,,,20.0,
2022-07-03,32.7,13.3,23.0,0.0,5.3,14.7,,,38.0,
2022-07-04,33.9,13.0,23.4,0.0,2.2,8.6,,,34.0,
2022-07-05,34.7,13.2,24.0,0.0,4.4,19.7,,,32.0,
2022-07-06,30.1,11.1,20.6,0.0,5.3,13.9,,,46.0,
2022-07-07,30.7,10.0,20.4,0.0,4.2,11.4,,,28.0,
2022-07-08,34.0,10.2,22.1,0.0,2.5,7.2,,,27.0,
2022-07-09,36.6,9.5,23.0,0.0,2.5,7.5,,,25.0,
2022-07-10,37.4,12.3,24.8,0.0,1.9,9.2,,,18.0,
2022-07-11,39.3,12.7,26.0,0.0,3.6,11.1,,,14.0,
2022-07-12,40.1,15.5,27.8,0.0,3.1,8.9,,,14.0,
2022-07-13,40.3,16.2,28.2,0.0,2.8,10.0,,,14.0,
2022-07-14,41.4,16.1,28.8,0.0,3.6,11.7,,,12.0,
2022-07-15,41.0,18.0,29.5,0.0,4.4,10.8,,,11.0,
2022-07-16,40.7,18.8,29.8,0.0,3.6,11.7,,,9.0,
2022-07-17,40.0,16.9,28.4,0.0,6.4,12.5,,,10.0,
2022-07-18,39.1,20.5,29.8,0.0,5.6,19.2,,,15.0,
2022-07-19,30.3,13.3,21.8,0.0,4.4,11.9,,,33.0,
2022-07-20,35.7,12.6,24.2,0.0,2.5,6.9,,,28.0,
2022-07-21,38.4,12.2,25.3,0.0,3.1,11.4,,,19.0,
2022-07-22,36.6,16.1,26.4,0.0,4.2,12.8,,,15.0,
2022-07-23,36.9,12.1,24.5,0.0,2.2,10.6,,,29.0,
2022-07-24,37.9,16.9,27.4,0.0,7.2,16.9,,,12.0,
2022-07-25,34.5,16.3,25.4,0.0,3.1,10.0,,,23.0,
2022-07-26,32.3,12.3,22.3,0.0,2.5,8.3,,,36.0,
2022-07-27,33.0,11.4,22.2,0.0,3.3,9.7,,,31.0,
2022-07-28,32.9,14.9,23.9,0.0,2.8,10.0,,,28.0,
2022-07-29,34.2,12.6,23.4,0.0,3.1,9.7,,,30.0,
2022-07-30,35.9,13.3,24.6,0.0,4.7,10.0,,,31.0,
2022-07-31,36.7,14.2,25.4,0.0,2.8,10.8,,,32.0,
2022-08-01,39.6,13.0,26.3,0.0,3.1,8.1,,,23.0,
2022-08-02,39.0,19.1,29.0,0.0,3.3,10.0,,,18.0,
2022-08-03,38.9,19.0,29.0,0.0,3.6,14.7,,,15.0,
2022-08-04,37.6,15.2,26.4,0.0,3.9,11.1,,,17.0,
2022-08-05,36.5,13.4,25.0,0.0,2.8,11.1,,,31.0,
2022-08-06,36.2,12.7,24.4,0.0,2.2,7.5,,,32.0,
2022-08-07,37.2,14.6,25.9,0.0,3.1,9.2,,,24.0,
2022-08-08,37.1,17.0,27.0,0.0,2.2,11.7,,,19.0,
2022-08-09,38.2,15.6,26.9,0.6,1.7,12.8,,,15.0,
2022-08-10,38.4,19.6,29.0,1.8,2.2,11.1,,,31.0,
2022-08-11,37.0,16.9,27.0,0.0,3.6,9.2,,,32.0,
2022-08-12,37.0,16.2,26.6,0.0,3.6,14.2,,,24.0,
2022-08-13,33.0,16.8,24.9,0.0,7.8,18.3,,,28.0,
2022-08-14,29.2,10.4,19.8,0.0,4.2,12.5,,,30.0,
2022-08-15,29.8,12.8,21.3,0.0,5.0,12.5,,,31.0,
2022-08-16,25.7,13.4,19.6,0.0,6.1,12.5,,,35.0,
2022-08-17,27.4,10.7,19.0,0.0,4.4,11.4,,,44.0,
2022-08-18,26.4,8.3,17.4,0.0,1.9,7.8,,,36.0,
2022-08-19,31.5,8.8,20.2,0.0,1.7,7.8,,,28.0,
2022-08-20,34.9,9.2,22.0,0.0,1.7,8.3,,,17.0,
2022-08-21,34.3,14.7,24.5,0.0,3.1,8.1,,,22.0,
2022-08-22,33.3,13.7,23.5,0.0,3.3,9.2,,,32.0,
2022-08-23,37.0,14.1,25.6,0.0,2.5,6.9,,,32.0,
2022-08-24,37.2,18.8,28.0,0.0,2.5,13.9,,,24.0,
2022-08-25,34.5,14.5,24.5,0.0,3.3,10.6,,,35.0,
2022-08-26,32.8,13.9,23.4,0.0,3.6,8.6,,,38.0,
2022-08-27,34.6,11.9,23.2,0.0,3.3,9.2,,,34.0,
2022-08-28,34.0,15.7,24.8,,,,,,,
2022-08-31,29.7,,,,,,,,,
2022-09-01,29.5,13.2,21.4,0.0,3.3,9.7,,,34.0,
2022-09-02,27.5,11.8,19.6,0.0,3.6,9.4,,,45.0,
2022-09-03,26.7,11.1,18.9,0.0,4.4,11.1,,,38.0,
2022-09-04,27.8,8.0,17.9,0.0,3.9,10.8,,,34.0,
2022-09-05,27.6,9.3,18.4,0.0,5.3,16.1,,,34.0,
2022-09-06,26.6,10.0,18.3,0.0,4.7,11.4,,,39.0,
2022-09-07,24.4,10.2,17.3,0.0,5.6,11.7,,,41.0,
2022-09-08,24.4,14.2,19.3,2.6,4.2,10.0,,,66.0,
2022-09-09,30.2,13.5,21.8,0.0,1.7,6.1,,,49.0,
2022-09-10,33.9,11.0,22.4,0.0,2.8,8.9,,,31.0,
2022-09-11,35.3,13.5,24.4,0.0,3.3,14.4,,,26.0,
2022-09-12,27.3,20.7,24.0,0.2,7.5,20.3,,,36.0,
2022-09-13,26.6,14.2,20.4,0.8,6.7,14.7,,,45.0,
2022-09-14,23.8,11.1,17.4,3.6,3.6,10.0,,,63.0,
2022-09-15,26.4,14.6,20.5,1.2,2.2,6.1,,,65.0,
2022-09-16,28.2,10.9,19.6,0.0,1.7,7.5,,,54.0,
2022-09-17,27.4,7.4,17.4,0.0,1.7,5.6,,,43.0,
2022-09-18,30.0,8.4,19.2,0.0,0.8,12.5,,,43.0,
2022-09-19,29.9,14.2,22.0,0.0,4.4,10.8,,,45.0,
2022-09-20,30.4,11.6,21.0,0.0,1.4,7.2,,,39.0,
2022-09-21,30.3,7.2,18.8,0.0,2.8,10.8,,,31.0,
2022-09-22,29.4,10.1,19.8,0.0,2.5,11.1,,,44.0,
2022-09-23,28.3,10.3,19.3,0.0,4.7,12.5,,,29.0,
2022-09-24,23.3,7.3,15.3,0.0,3.1,10.3,,,48.0,
2022-09-25,19.6,3.4,11.5,0.0,3.9,10.0,,,45.0,
2022-09-26,22.2,2.4,12.3,0.0,2.5,8.1,,,47.0,
2022-09-27,23.4,4.1,13.8,0.0,3.3,11.4,,,38.0,
2022-09-28,22.1,6.4,14.2,0.0,5.8,12.2,,,49.0,
2022-09-29,16.9,6.4,11.6,5.8,5.0,13.6,,,79.0,
2022-09-30,21.9,3.2,12.6,0.0,1.1,4.7,,,57.0,
2022-10-01,27.2,4.9,16.0,0.0,0.6,6.9,,,37.0,
2022-10-02,29.9,5.0,17.4,0.0,2.2,8.6,,,32.0,
2022-10-03,28.5,6.6,17.6,0.0,1.9,5.3,,,33.0,
2022-10-04,30.2,10.3,20.2,0.0,1.1,6.7,,,31.0,
2022-10-05,29.6,8.3,19.0,0.0,1.9,5.6,,,31.0,
2022-10-06,27.3,7.2,17.2,0.0,1.4,6.4,,,43.0,
2022-10-07,26.8,10.7,18.8,0.0,1.7,8.3,,,46.0,
2022-10-08,27.9,7.3,17.6,0.0,1.4,5.0,,,42.0,
2022-10-09,27.6,7.2,17.4,0.0,1.9,10.0,,,43.0,
2022-10-10,21.9,13.4,17.6,0.2,1.7,7.8,,,69.0,
2022-10-11,24.2,9.7,17.0,0.8,1.7,8.6,,,76.0,
2022-10-12,24.9,6.7,15.8,0.2,1.4,5.3,,,62.0,
2022-10-13,25.4,6.1,15.8,0.0,2.8,8.9,,,48.0,
2022-10-14,27.8,8.4,18.1,0.0,2.5,6.4,,,43.0,
2022-10-15,27.2,5.9,16.6,0.0,4.4,12.5,,,41.0,
2022-10-16,25.4,8.9,17.2,2.4,3.1,8.6,,,52.0,
2022-10-17,24.7,9.8,17.2,0.0,2.8,10.3,,,59.0,
2022-10-18,26.7,9.3,18.0,0.0,3.6,11.1,,,43.0,
2022-10-19,22.9,10.6,16.8,16.4,4.4,15.8,,,54.0,
2022-10-20,19.0,10.6,14.8,10.8,3.3,11.4,,,82.0,
2022-10-21,15.8,11.8,13.8,0.6,5.8,11.1,,,87.0,
2022-10-22,20.1,10.2,15.2,5.2,5.3,18.9,,,78.0,
2022-10-23,18.5,9.8,14.2,0.0,7.8,18.9,,,61.0,
2022-10-24,17.6,7.6,12.6,0.0,3.1,8.6,,,65.0,
2022-10-25,22.8,8.9,15.8,0.0,5.8,17.8,,,61.0,
2022-10-26,23.2,8.3,15.8,0.0,3.3,11.4,,,59.0,
2022-10-27,25.4,13.6,19.5,0.0,6.1,11.9,,,31.0,
2022-10-28,23.9,11.0,17.4,0.0,3.3,10.3,,,51.0,
2022-10-29,25.0,12.1,18.6,5.2,4.2,15.0,,,40.0,
2022-10-30,19.7,9.3,14.5,7.0,2.2,10.3,,,83.0,
2022-10-31,17.1,9.1,13.1,0.8,4.7,12.8,,,87.0,
2022-11-01,18.6,7.2,12.9,0.2,2.5,5.8,,,83.0,
2022-11-02,20.7,4.8,12.8,1.6,0.3,3.9,,,78.0,
2022-11-03,15.2,9.0,12.1,2.6,6.4,12.8,,,86.0,
2022-11-04,16.3,2.3,9.3,0.0,1.4,4.4,,,72.0,
2022-11-05,20.0,0.2,10.1,0.0,0.8,3.9,,,63.0,
2022-11-06,17.8,2.0,9.9,0.0,3.1,8.6,,,78.0,
2022-11-07,17.3,4.7,11.0,1.6,2.5,11.7,,,82.0,
2022-11-08,16.6,10.1,13.4,7.8,5.8,16.7,,,83.0,
2022-11-09,16.4,6.2,11.3,0.2,3.1,9.4,,,85.0,
2022-11-10,18.4,4.3,11.4,0.0,1.4,4.2,,,79.0,
2022-11-11,16.8,2.6,9.7,0.0,3.6,8.9,,,79.0,
2022-11-12,18.6,8.2,13.4,1.2,6.1,15.0,,,75.0,
2022-11-13,19.3,8.4,13.8,0.6,4.7,8.6,,,60.0,
2022-11-14,15.3,8.7,12.0,0.2,4.2,10.0,,,85.0,
2022-11-15,15.4,10.2,12.8,1.6,7.2,17.8,,,88.0,
2022-11-16,13.7,9.7,11.7,3.0,7.5,14.7,,,88.0,
2022-11-17,16.4,8.4,12.4,2.6,7.8,18.6,,,80.0,
2022-11-18,12.1,3.6,7.8,0.0,6.4,13.6,,,75.0,
2022-11-19,10.2,1.7,6.0,0.2,4.7,8.9,,,77.0,
2022-11-20,15.8,6.0,10.9,1.0,5.3,12.8,,,87.0,
2022-11-21,13.0,3.6,8.3,4.2,10.0,23.9,,,82.0,
2022-11-22,12.1,3.4,7.8,2.2,9.7,19.7,,,89.0,
2022-11-23,15.1,5.8,10.4,1.4,7.2,15.0,,,85.0,
2022-11-24,14.9,5.4,10.2,4.8,5.0,23.6,,,91.0,
2022-11-25,14.4,2.1,8.2,0.0,2.8,8.3,,,78.0,
2022-11-26,16.1,-1.8,7.2,0.0,0.0,5.3,,,74.0,
2022-11-27,15.6,-0.6,7.5,3.6,2.2,13.3,,,77.0,
2022-11-28,11.5,1.8,6.6,0.0,4.7,13.3,,,79.0,
2022-11-30,8.6,-2.2,3.2,0.0,1.1,3.1,,,87.0,
2022-12-01,10.9,-2.6,4.2,0.0,1.7,6.1,,,92.0,
2022-12-02,10.1,-4.4,2.8,0.0,0.8,4.7,,,82.0,
2022-12-03,7.7,-4.7,1.5,0.2,1.4,4.7,,,91.0,
2022-12-04,7.0,-4.8,1.1,0.4,0.6,5.0,,,92.0,
2022-12-05,9.1,0.2,4.6,4.4,3.1,7.8,,,94.0,
2022-12-06,10.4,4.6,7.5,0.0,1.1,3.9,,,97.0,
2022-12-07,13.5,3.7,8.6,1.6,1.4,5.6,,,97.0,
2022-12-08,13.9,6.9,10.4,9.2,5.8,15.0,,,83.0,
2022-12-09,10.9,7.4,9.2,6.4,2.2,6.1,,,93.0,
2022-12-10,11.2,5.1,8.2,16.0,0.8,8.6,,,84.0,
2022-12-11,8.5,3.7,6.1,1.6,2.5,8.9,,,96.0,
2022-12-12,15.2,7.9,11.6,5.2,7.2,21.9,,,91.0,
2022-12-13,13.9,10.3,12.1,22.8,2.5,15.3,,,97.0,
2022-12-14,15.1,8.3,11.7,6.0,2.5,10.0,,,87.0,
2022-12-15,11.5,6.7,9.1,0.2,4.2,9.7,,,87.0,
2022-12-16,11.9,4.9,8.4,0.0,2.5,6.1,,,86.0,
2022-12-17,9.8,1.4,5.6,0.0,1.4,6.4,,,93.0,
2022-12-18,13.2,2.3,7.8,0.0,2.5,7.2,,,84.0,
2022-12-19,14.7,1.9,8.3,2.0,3.6,9.2,,,80.0,
2022-12-20,13.2,6.4,9.8,6.2,3.6,14.7,,,93.0,
2022-12-21,13.3,7.5,10.4,0.0,5.8,12.5,,,87.0,
2022-12-22,14.5,9.7,12.1,0.0,4.7,10.0,,,87.0,
2022-12-23,14.0,6.5,10.2,0.0,3.3,9.4,,,88.0,
2022-12-24,14.8,4.1,9.4,0.0,2.2,11.9,,,86.0,
2022-12-25,14.0,2.9,8.4,2.4,3.1,6.1,,,87.0,
2022-12-26,18.2,5.3,11.8,0.0,0.6,5.3,,,87.0,
2022-12-27,15.6,3.6,9.6,0.0,1.1,5.6,,,84.0,
2022-12-28,14.4,1.6,8.0,0.0,3.9,10.6,,,80.0,
2022-12-29,13.2,8.6,10.9,0.0,7.2,14.7,,,87.0,
2022-12-30,12.7,9.0,10.8,0.0,6.9,16.4,,,82.0,
2022-12-31,17.2,2.5,9.8,0.0,2.5,9.4,,,57.0,
2023-01-01,18.4,8.3,13.4,5.0,9.4,17.5,,,39.0,
2023-01-02,11.3,0.6,6.0,0.0,1.1,9.4,,,81.0,
2023-01-03,7.8,-1.4,3.2,0.4,1.1,3.9,,,99.0,
2023-01-04,4.8,-2.1,1.4,0.2,0.6,2.8,,,99.0,
2023-01-05,2.4,-1.5,0.4,0.2,0.6,2.8,,,100.0,
2023-01-06,1.9,-3.1,-0.6,0.2,1.1,5.3,,,99.0,
2023-01-07,12.1,0.8,6.4,3.6,7.2,17.8,,,87.0,
2023-01-08,12.9,7.7,10.3,5.8,7.8,18.3,,,92.0,
2023-01-09,11.0,2.6,6.8,0.0,3.9,11.1,,,81.0,
2023-01-10,11.0,0.2,5.6,0.4,3.1,7.8,,,88.0,
2023-01-11,12.9,1.1,7.0,1.2,3.3,8.9,,,88.0,
2023-01-12,13.7,-0.4,6.6,0.0,2.2,5.0,,,84.0,
2023-01-13,14.2,1.2,7.7,0.0,1.7,5.3,,,81.0,
2023-01-14,13.4,-0.4,6.5,0.0,3.1,8.3,,,82.0,
2023-01-15,9.6,2.6,6.1,0.6,5.6,12.5,,,78.0,
2023-01-16,9.1,2.7,5.9,0.4,11.7,22.2,,,95.0,
2023-01-17,9.4,0.9,5.2,0.6,11.7,21.1,,,75.0,
2023-01-18,6.0,-0.7,2.6,0.0,7.2,15.6,,,72.0,
2023-01-19,7.9,-1.4,3.2,0.0,8.9,16.9,,,87.0,
2023-01-20,12.7,4.6,8.6,0.8,2.5,8.9,,,84.0,
2023-01-21,8.2,-1.0,3.6,0.0,3.3,8.1,,,78.0,
2023-01-22,5.5,-4.9,0.3,0.0,2.8,8.3,,,67.0,
2023-01-23,5.2,-5.8,-0.3,0.0,1.9,11.9,,,73.0,
2023-01-24,3.9,-4.6,-0.4,0.0,3.3,9.7,,,68.0,
2023-01-25,8.5,-6.5,1.0,0.0,0.8,5.0,,,76.0,
2023-01-26,8.8,-4.3,2.2,0.0,1.7,6.7,,,76.0,
2023-01-27,6.6,-3.1,1.8,0.0,3.6,11.9,,,72.0,
2023-01-28,7.7,-3.0,2.4,0.0,3.9,12.5,,,67.0,
2023-01-29,6.5,-4.6,1.0,0.0,3.9,9.7,,,68.0,
2023-01-30,7.9,-6.6,0.6,0.0,1.9,4.7,,,67.0,
2023-01-31,7.6,-7.0,0.3,0.0,0.8,6.7,,,73.0,
2023-02-01,8.3,-5.5,1.4,0.0,1.1,5.6,,,76.0,
2023-02-02,13.2,-6.7,3.2,0.0,1.1,3.3,,,71.0,
2023-02-03,14.5,-5.7,4.4,0.0,0.8,3.1,,,65.0,
2023-02-04,14.9,-5.9,4.5,0.0,1.4,4.7,,,56.0,
2023-02-05,13.6,-6.0,3.8,0.0,2.8,6.9,,,67.0,
2023-02-06,11.3,-5.3,3.0,0.0,3.9,11.4,,,57.0,
2023-02-07,10.2,-5.4,2.4,0.0,2.8,6.7,,,62.0,
2023-02-08,12.0,-1.6,5.2,0.0,3.1,7.5,,,57.0,
2023-02-09,11.1,-3.2,4.0,0.0,2.8,6.4,,,60.0,
2023-02-10,11.6,-4.7,3.4,0.0,2.8,8.1,,,56.0,
2023-02-11,11.8,-3.9,4.0,0.0,4.4,11.9,,,45.0,
2023-02-12,11.1,-4.8,3.2,0.0,4.7,11.7,,,61.0,
2023-02-13,15.7,1.4,8.6,0.0,4.2,10.8,,,48.0,
2023-02-14,12.1,3.4,7.8,0.0,8.1,13.9,,,58.0,
2023-02-15,15.0,-0.7,7.2,0.0,2.8,8.6,,,58.0,
2023-02-16,16.8,-4.0,6.4,0.0,1.9,7.2,,,52.0,
2023-02-17,19.1,-4.9,7.1,0.0,1.9,7.5,,,44.0,
2023-02-18,17.5,-2.8,7.4,0.2,2.5,6.7,,,41.0,
2023-02-19,18.9,3.9,11.4,0.0,1.9,5.6,,,57.0,
2023-02-20,17.0,2.8,9.9,0.0,3.9,8.1,,,50.0,
2023-02-21,17.1,2.6,9.8,0.0,1.7,5.8,,,61.0,
2023-02-22,14.0,5.0,9.5,0.2,2.8,6.4,,,73.0,
2023-02-23,7.5,-1.1,3.2,1.8,4.7,14.4,,,92.0,
2023-02-24,9.4,-4.6,2.4,0.2,1.9,7.5,,,67.0,
2023-02-25,7.9,-2.6,2.6,0.0,3.6,8.3,,,70.0,
2023-02-26,8.2,-1.8,3.2,0.0,2.5,9.2,,,76.0,
2023-02-27,6.8,-4.8,1.0,0.0,3.6,11.4,,,46.0,
2023-02-28,5.4,-6.4,-0.5,0.0,2.8,8.6,,,61.0,
2023-03-01,7.8,-2.9,2.4,0.0,1.4,6.9,,,51.0,
2023-03-02,10.4,-5.9,2.2,0.0,1.9,8.1,,,58.0,
2023-03-03,12.5,-6.2,3.2,0.0,1.7,6.1,,,52.0,
2023-03-04,13.3,-5.2,4.0,0.0,1.4,7.5,,,53.0,
2023-03-05,8.8,-4.7,2.0,2.2,1.1,5.6,,,76.0,
2023-03-06,12.3,5.0,8.6,2.2,4.7,10.8,,,79.0,
2023-03-07,12.2,6.5,9.4,0.0,6.9,17.2,,,78.0,
2023-03-08,16.2,8.3,12.2,2.8,9.4,19.4,,,80.0,
2023-03-09,15.2,8.9,12.0,4.6,6.9,20.3,,,81.0,
2023-03-10,16.3,7.1,11.7,0.0,7.2,16.4,,,74.0,
2023-03-11,17.3,9.8,13.6,0.0,7.5,13.6,,,77.0,
2023-03-12,23.7,7.1,15.4,0.0,2.8,7.2,,,62.0,
2023-03-13,19.2,5.5,12.4,0.0,8.6,21.9,,,63.0,
2023-03-14,14.9,4.1,9.5,0.0,3.9,10.8,,,57.0,
2023-03-15,23.3,0.5,11.9,0.0,0.8,5.0,,,47.0,
2023-03-16,23.3,1.4,12.4,0.0,3.1,10.3,,,45.0,
2023-03-17,15.2,7.0,11.1,0.4,6.7,15.3,,,67.0,
2023-03-18,14.4,4.6,9.5,0.8,4.4,11.1,,,79.0,
2023-03-19,17.9,0.5,9.2,0.0,1.1,4.7,,,53.0,
2023-03-20,21.6,-0.6,10.5,0.0,2.5,6.4,,,49.0,
2023-03-21,20.8,4.4,12.6,0.0,3.6,7.2,,,46.0,
2023-03-22,21.6,3.6,12.6,0.0,3.3,8.3,,,49.0,
2023-03-23,18.6,3.3,11.0,0.0,5.3,13.6,,,28.0,
2023-03-24,18.1,4.2,11.2,0.0,6.4,12.8,,,55.0,
2023-03-25,19.5,0.2,9.8,0.0,5.8,12.8,,,52.0,
2023-03-26,17.3,3.3,10.3,0.0,5.6,16.4,,,45.0,
2023-03-27,20.5,-2.1,9.2,0.0,1.1,5.8,,,32.0,
2023-03-28,26.1,-0.2,13.0,0.0,1.4,5.8,,,28.0,
2023-03-29,25.0,3.2,14.1,0.0,5.3,14.2,,,29.0,
2023-03-30,19.7,5.9,12.8,0.0,6.1,13.6,,,50.0,
2023-03-31,19.1,6.5,12.8,0.0,8.3,16.1,,,45.0,
2023-04-01,16.7,3.4,10.0,0.0,7.2,17.5,,,51.0,
2023-04-02,17.5,-2.6,7.4,0.0,2.2,7.2,,,35.0,
2023-04-03,17.6,-2.4,7.6,0.0,1.7,6.4,,,34.0,
2023-04-04,18.8,-0.8,9.0,0.0,3.3,12.2,,,31.0,
2023-04-05,22.7,-4.8,9.0,0.0,1.9,5.0,,,22.0,
2023-04-06,23.4,-2.7,10.4,0.0,1.4,6.4,,,,
2023-04-07,25.8,-2.0,11.9,0.0,2.2,8.1,,,23.0,
2023-04-08,26.8,2.6,14.7,0.0,0.6,6.9,,,19.0,
2023-04-09,26.5,4.0,15.2,0.0,3.1,10.8,,,27.0,
2023-04-10,24.9,8.9,16.9,0.0,5.0,10.0,,,26.0,
2023-04-11,23.4,5.1,14.2,0.0,4.4,11.4,,,39.0,
2023-04-12,15.0,4.8,9.9,0.0,8.6,14.4,,,53.0,
2023-04-13,14.4,0.3,7.4,0.0,6.4,15.8,,,47.0,
2023-04-14,18.1,6.6,12.4,0.0,8.9,17.8,,,51.0,
2023-04-15,21.4,4.1,12.8,0.0,3.6,10.0,,,43.0,
2023-04-16,21.8,1.8,11.8,0.0,2.5,8.9,,,36.0,
2023-04-17,22.4,0.7,11.6,0.0,3.3,10.8,,,21.0,
2023-04-18,23.7,0.1,11.9,0.0,1.7,5.8,,,27.0,
2023-04-19,27.1,1.8,14.4,0.0,2.2,8.9,,,21.0,
2023-04-20,26.1,6.3,16.2,0.0,4.4,13.3,,,24.0,
2023-04-21,22.8,6.0,14.4,3.2,6.7,15.3,,,35.0,
2023-04-22,17.8,6.8,12.3,0.0,4.7,10.8,,,50.0,
2023-04-23,20.5,5.8,13.2,0.0,6.4,13.1,,,47.0,
2023-04-24,23.6,6.7,15.2,0.0,4.2,10.0,,,49.0,
2023-04-25,26.0,7.7,16.8,0.0,3.3,10.6,,,38.0,
2023-04-26,26.6,8.6,17.6,0.0,3.6,10.0,,,34.0,
2023-04-27,30.9,10.7,20.8,0.0,1.9,11.1,,,24.0,
2023-04-28,30.2,10.6,20.4,0.0,5.3,12.2,,,23.0,
2023-04-29,25.7,12.2,19.0,0.0,5.3,11.1,,,41.0,
2023-04-30,22.1,7.5,14.8,0.0,3.3,10.3,,,45.0,
2023-05-01,26.4,4.7,15.6,0.0,1.9,5.6,,,31.0,
2023-05-02,28.9,4.9,16.9,0.0,1.9,6.1,,,22.0,
2023-05-03,29.8,11.2,20.5,0.8,6.9,16.7,,,14.0,
2023-05-04,22.3,8.9,15.6,0.0,4.7,11.7,,,45.0,
2023-05-05,23.6,8.1,15.8,0.0,3.3,10.8,,,32.0,
2023-05-06,25.1,7.1,16.1,0.0,3.3,13.3,,,36.0,
2023-05-07,25.4,6.8,16.1,0.0,1.9,7.2,,,35.0,
2023-05-08,28.6,6.6,17.6,0.0,2.5,8.6,,,27.0,
2023-05-09,25.2,11.3,18.2,0.0,5.0,10.6,,,45.0,
2023-05-10,21.8,5.7,13.8,0.0,2.5,6.9,,,32.0,
2023-05-11,20.6,4.2,12.4,0.0,4.4,9.2,,,31.0,
2023-05-12,15.4,2.3,8.8,2.4,1.4,12.8,,,42.0,
2023-05-13,19.2,0.9,10.0,0.0,2.8,9.2,,,44.0,
2023-05-14,20.1,4.2,12.2,0.0,3.1,8.1,,,43.0,
2023-05-15,19.8,5.8,12.8,0.0,3.1,9.2,,,36.0,
2023-05-16,19.7,1.5,10.6,0.0,4.2,9.7,,,35.0,
2023-05-17,21.9,0.1,11.0,0.0,5.8,14.7,,,30.0,
2023-05-18,19.3,1.3,10.3,0.0,5.6,12.8,,,30.0,
2023-05-19,18.6,2.4,10.5,0.0,5.6,12.8,,,36.0,
2023-05-20,19.4,3.2,11.3,0.0,3.6,11.4,,,36.0,
2023-05-21,22.1,6.8,14.4,0.6,2.8,11.4,,,40.0,
2023-05-22,22.9,10.1,16.5,0.0,3.1,11.4,,,46.0,
2023-05-25,24.3,7.0,15.6,9.2,3.6,14.2,,,40.0,
2023-05-26,21.1,9.2,15.2,1.4,5.3,13.6,,,59.0,
2023-05-27,24.4,11.3,17.8,6.6,2.5,13.1,,,69.0,
2023-05-28,20.2,11.3,15.8,4.6,2.8,10.0,,,79.0,
2023-05-29,24.2,9.9,17.0,4.2,3.6,9.7,,,65.0,
2023-05-30,23.6,10.0,16.8,0.6,1.7,9.4,,,55.0,
2023-05-31,25.2,10.9,18.0,4.2,2.8,11.1,,,61.0,
2023-06-01,22.5,11.2,16.8,8.4,3.6,10.0,,,79.0,
2023-06-02,23.3,9.6,16.4,1.0,1.7,12.5,,,58.0,
2023-06-03,26.5,10.7,18.6,10.0,3.1,8.6,,,56.0,
2023-06-04,26.3,13.3,19.8,2.6,2.2,11.9,,,55.0,
2023-06-05,25.8,12.3,19.0,0.0,2.5,13.6,,,53.0,
2023-06-06,28.8,12.1,20.4,4.2,2.2,6.9,,,40.0,
2023-06-07,21.5,14.6,18.0,7.0,4.2,10.6,,,88.0,
2023-06-08,24.6,14.2,19.4,8.0,6.1,13.9,,,65.0,
2023-06-09,22.9,13.7,18.3,0.0,5.0,13.1,,,61.0,
2023-06-10,25.6,14.3,20.0,0.0,2.8,8.3,,,52.0,
2023-06-11,27.0,13.9,20.4,0.0,4.4,13.6,,,43.0,
2023-06-12,26.2,13.9,20.0,5.4,1.9,10.0,,,53.0,
2023-06-13,24.7,12.7,18.7,0.0,5.0,12.8,,,58.0,
2023-06-14,26.6,10.5,18.6,0.0,1.4,7.2,,,41.0,
2023-06-15,30.4,11.4,20.9,0.0,1.1,5.6,,,38.0,
2023-06-16,32.8,14.1,23.4,0.0,3.1,7.5,,,29.0,
2023-06-17,32.0,15.5,23.8,0.0,3.3,13.9,,,37.0,
2023-06-18,28.4,15.1,21.8,0.0,3.9,10.6,,,39.0,
2023-06-19,29.0,15.4,22.2,1.0,4.4,11.7,,,35.0,
2023-06-20,25.0,13.9,19.4,0.0,4.4,12.5,,,47.0,
2023-06-21,27.6,13.0,20.3,4.8,1.4,15.3,,,46.0,
2023-06-22,29.1,11.9,20.5,0.0,1.7,6.1,,,44.0,
2023-06-23,33.1,12.4,22.8,0.0,2.8,12.2,,,31.0,
2023-06-24,35.5,14.7,25.1,0.0,2.8,8.6,,,25.0,
2023-06-25,36.8,16.5,26.6,0.0,3.3,10.6,,,26.0,
2023-06-26,35.1,15.9,25.5,0.0,3.9,9.4,,,37.0,
2023-06-27,32.0,13.1,22.6,0.0,3.1,6.9,,,40.0,
2023-06-28,34.1,11.6,22.8,0.0,2.5,7.2,,,30.0,
2023-06-29,30.8,13.1,22.0,0.0,4.4,11.4,,,36.0,
2023-06-30,26.7,9.8,18.2,0.0,4.2,10.6,,,34.0,
2023-07-01,32.0,13.2,22.6,0.0,1.9,8.3,,,30.0,
2023-07-02,34.6,14.2,24.4,0.0,2.5,8.3,,,29.0,
2023-07-03,34.1,16.0,25.0,0.0,5.6,16.4,,,33.0,
2023-07-04,32.4,14.2,23.3,0.0,4.4,11.7,,,24.0,
2023-07-05,31.7,11.3,21.5,0.0,1.9,6.7,,,29.0,
2023-07-06,31.7,12.6,22.2,0.0,3.6,9.4,,,28.0,
2023-07-07,33.1,13.9,23.5,0.0,5.6,16.1,,,17.0,
2023-07-08,30.8,11.8,21.3,0.0,4.4,13.3,,,28.0,
2023-07-09,32.4,11.6,22.0,0.0,2.8,9.2,,,22.0,
2023-07-10,37.8,11.5,24.6,0.0,2.8,9.7,,,13.0,
2023-07-11,35.7,16.0,25.8,0.0,6.1,17.2,,,15.0,
2023-07-12,32.2,14.4,23.3,0.0,4.2,12.2,,,27.0,
2023-07-13,33.0,13.5,23.2,0.0,1.9,7.5,,,32.0,
2023-07-14,34.8,14.2,24.5,0.0,5.6,15.8,,,17.0,
2023-07-15,27.6,15.1,21.4,0.0,5.3,11.9,,,35.0,
2023-07-16,30.6,8.8,19.7,0.0,3.3,9.4,,,27.0,
2023-07-17,37.0,9.3,23.2,0.0,3.1,7.2,,,26.0,
2023-07-18,35.6,20.7,28.2,0.0,4.4,14.2,,,18.0,
2023-07-19,35.9,14.9,25.4,0.0,4.2,11.9,,,13.0,
2023-07-20,31.9,11.6,21.8,0.0,4.7,16.9,,,27.0,
2023-07-21,30.4,11.4,20.9,0.0,3.6,9.7,,,31.0,
2023-07-22,32.6,11.0,21.8,0.0,2.5,9.2,,,24.0,
2023-07-23,33.6,12.3,23.0,0.0,5.3,12.2,,,19.0,
2023-07-24,27.9,13.8,20.8,0.0,6.1,12.2,,,34.0,
2023-07-25,28.2,9.0,18.6,0.0,1.9,7.5,,,31.0,
2023-07-26,33.0,9.5,21.2,0.0,2.8,7.2,,,26.0,
2023-07-27,33.1,11.4,22.2,0.0,5.3,13.9,,,18.0,
2023-07-28,32.4,14.5,23.4,0.0,3.9,9.4,,,27.0,
2023-07-29,32.0,15.6,23.8,0.0,5.0,10.3,,,35.0,
2023-07-30,33.8,13.3,23.6,0.0,3.1,8.9,,,32.0,
2023-07-31,34.8,12.8,23.8,0.0,3.1,10.8,,,22.0,
2023-08-01,34.0,12.3,23.2,0.0,3.1,8.1,,,27.0,
2023-08-02,31.1,16.6,23.8,0.0,6.9,16.9,,,41.0,
2023-08-03,27.3,10.7,19.0,0.0,3.9,12.2,,,29.0,
2023-08-04,26.3,7.7,17.0,0.0,3.1,8.6,,,28.0,
2023-08-05,33.5,8.7,21.1,0.0,2.2,6.7,,,22.0,
2023-08-06,32.0,12.8,22.4,0.0,3.1,7.2,,,,
2023-08-07,35.2,9.7,22.4,0.0,2.8,6.9,,,19.0,
2023-08-08,39.8,14.0,26.9,0.0,1.9,7.8,,,11.0,
2023-08-09,39.6,18.3,29.0,0.0,4.4,12.5,,,15.0,
2023-08-10,35.9,14.3,25.1,0.0,2.5,10.0,,,19.0,
2023-08-11,37.4,14.7,26.0,0.0,3.9,10.8,,,15.0,
2023-08-12,35.9,17.3,26.6,0.0,2.8,8.6,,,27.0,
2023-08-13,34.8,13.9,24.4,0.0,3.9,9.7,,,28.0,
2023-08-14,34.7,15.3,25.0,0.0,3.6,9.2,,,21.0,
2023-08-15,33.6,12.4,23.0,0.0,1.9,8.9,,,27.0,
2023-08-16,33.9,12.4,23.2,0.0,2.5,9.2,,,29.0,
2023-08-17,34.5,13.4,24.0,0.0,3.9,11.9,,,22.0,
2023-08-18,32.8,14.3,23.6,0.0,4.2,11.4,,,24.0,
2023-08-19,36.0,15.9,26.0,0.0,3.1,11.4,,,19.0,
2023-08-20,37.8,16.2,27.0,0.0,1.7,7.5,,,23.0,
2023-08-21,40.0,16.4,28.2,0.0,1.9,8.1,,,18.0,
2023-08-22,40.8,17.5,29.2,0.0,3.6,11.4,,,12.0,
2023-08-23,39.1,22.3,30.7,0.0,5.6,13.6,,,11.0,
2023-08-24,38.3,16.3,27.3,0.0,4.7,11.7,,,13.0,
2023-08-25,34.6,13.8,24.2,0.0,6.4,18.6,,,13.0,
2023-08-26,28.3,14.7,21.5,0.0,4.4,14.2,,,36.0,
2023-08-27,23.6,10.3,17.0,0.0,5.8,12.2,,,29.0,
2023-08-28,28.0,7.7,17.8,0.0,3.3,10.0,,,29.0,
2023-08-29,27.1,9.1,18.1,0.0,2.5,8.6,,,33.0,
2023-08-30,27.2,10.7,19.0,0.0,2.2,7.5,,,31.0,
2023-08-31,31.5,7.0,19.2,0.0,2.2,9.4,,,20.0,
2023-09-01,30.9,13.2,22.0,8.4,6.4,15.8,,,20.0,
2023-09-02,24.2,12.8,18.5,7.6,5.3,13.1,,,66.0,
2023-09-03,21.1,13.7,17.4,49.4,3.9,10.3,,,87.0,
2023-09-04,26.8,14.3,20.6,0.0,3.9,10.3,,,62.0,
2023-09-05,28.1,13.0,20.6,0.0,1.9,9.2,,,44.0,
2023-09-06,29.7,13.1,21.4,0.0,2.8,8.9,,,49.0,
2023-09-07,30.8,17.4,24.1,0.4,2.5,8.1,,,46.0,
2023-09-08,31.1,17.0,24.0,0.0,2.2,8.1,,,50.0,
2023-09-09,28.4,15.6,22.0,0.0,2.8,8.9,,,47.0,
2023-09-10,29.5,12.8,21.2,0.0,3.3,8.1,,,47.0,
2023-09-11,26.5,13.6,20.0,0.0,4.2,10.0,,,49.0,
2023-09-12,28.0,12.9,20.4,8.0,3.3,11.4,,,60.0,
2023-09-13,26.5,12.0,19.2,0.0,2.2,6.1,,,57.0,
2023-09-14,29.5,12.3,20.9,0.4,2.2,10.6,,,52.0,
2023-09-15,27.8,15.7,21.8,1.6,2.8,15.6,,,61.0,
2023-09-16,21.0,14.1,17.6,1.6,3.6,8.9,,,72.0,
2023-09-17,22.4,14.2,18.3,0.6,4.4,14.7,,,53.0,
2023-09-18,23.5,13.2,18.4,0.0,2.8,10.6,,,60.0,
2023-09-19,24.5,10.4,17.4,0.0,1.9,6.4,,,52.0,
2023-09-20,24.4,11.6,18.0,0.0,4.7,12.2,,,48.0,
2023-09-21,18.9,10.8,14.8,0.6,7.8,17.8,,,58.0,
2023-09-22,20.5,7.5,14.0,0.0,3.6,8.9,,,52.0,
2023-09-23,24.7,6.0,15.4,0.0,1.4,4.7,,,44.0,
2023-09-24,28.7,5.9,17.3,0.0,0.8,4.7,,,34.0,
2023-09-25,31.0,7.6,19.3,0.0,1.9,6.7,,,32.0,
2023-09-26,30.5,9.9,20.2,0.0,0.8,6.4,,,30.0,
2023-09-27,29.4,12.4,20.9,0.0,3.9,13.3,,,33.0,
2023-09-28,29.7,9.1,19.4,0.0,2.5,9.7,,,35.0,
2023-09-29,32.9,11.2,22.0,0.0,1.4,4.2,,,36.0,
2023-09-30,33.2,10.4,21.8,0.0,2.5,8.3,,,33.0,
2023-10-01,34.3,11.5,22.9,0.0,2.2,5.8,,,24.0,
2023-10-02,33.4,10.9,22.2,0.0,3.6,8.9,,,24.0,
2023-10-03,29.5,10.9,20.2,0.0,1.4,6.4,,,36.0,
2023-10-04,31.2,8.8,20.0,0.0,1.9,5.3,,,49.0,
2023-10-05,32.8,8.9,20.8,0.0,0.6,6.4,,,32.0,
2023-10-06,33.3,9.4,21.4,0.0,1.4,5.8,,,28.0,
2023-10-07,33.9,9.0,21.4,0.0,1.9,5.3,,,25.0,
2023-10-08,32.1,8.3,20.2,0.0,1.1,4.4,,,27.0,
2023-10-09,30.8,7.4,19.1,0.0,1.1,5.8,,,28.0,
2023-10-10,31.0,6.0,18.5,0.0,0.8,6.4,,,25.0,
2023-10-11,30.1,5.6,17.8,0.0,0.6,5.8,,,23.0,
2023-10-12,31.9,8.4,20.2,0.0,0.8,5.0,,,21.0,
2023-10-13,24.8,10.7,17.8,1.6,2.8,8.6,,,45.0,
2023-10-14,24.4,10.5,17.4,0.0,1.4,6.4,,,63.0,
2023-10-15,20.5,8.8,14.6,6.8,1.1,8.1,,,80.0,
2023-10-16,20.6,13.3,17.0,0.4,1.7,7.2,,,81.0,
2023-10-17,24.3,15.4,19.8,0.2,9.2,20.3,,,55.0,
2023-10-18,21.2,13.1,17.2,5.0,8.3,17.2,,,64.0,
2023-10-19,15.5,9.9,12.7,16.6,6.7,17.5,,,88.0,
2023-10-20,14.1,8.0,11.0,0.0,10.0,18.9,,,76.0,
2023-10-21,15.2,6.1,10.6,0.0,3.1,9.2,,,74.0,
2023-10-22,16.9,8.6,12.8,6.8,4.4,13.9,,,65.0,
2023-10-23,13.3,8.1,10.7,1.2,3.6,8.3,,,91.0,
2023-10-24,13.5,5.9,9.7,4.6,6.4,16.4,,,91.0,
2023-10-25,17.0,11.8,14.4,0.2,6.9,14.2,,,85.0,
2023-10-26,18.1,9.1,13.6,5.8,8.3,22.2,,,88.0,
2023-10-27,14.7,8.8,11.8,0.2,6.7,16.9,,,85.0,
2023-10-28,16.8,10.0,13.4,0.0,8.3,18.3,,,78.0,
2023-10-29,17.6,11.5,14.6,19.4,8.9,18.3,,,85.0,
2023-10-30,13.0,7.1,10.0,1.6,6.9,16.4,,,82.0,
2023-10-31,15.5,4.8,10.2,0.0,2.5,7.2,,,66.0,
2023-11-01,16.6,9.6,13.1,7.8,8.9,19.4,,,70.0,
2023-11-02,14.9,5.4,10.2,2.2,11.1,26.7,,,86.0,
2023-11-03,11.6,6.7,9.2,0.4,8.6,15.3,,,85.0,
2023-11-04,16.3,7.9,12.1,1.6,11.9,27.8,,,84.0,
2023-11-05,13.0,5.7,9.4,0.0,8.6,16.7,,,79.0,
2023-11-06,11.7,3.0,7.4,0.0,4.7,11.1,,,77.0,
2023-11-07,11.0,2.2,6.6,1.6,3.9,11.4,,,84.0,
2023-11-08,12.0,4.1,8.0,0.0,4.7,14.7,,,88.0,
2023-11-09,12.4,6.5,9.4,0.0,4.7,14.4,,,77.0,
2023-11-10,13.0,7.6,10.3,1.2,4.7,17.2,,,89.0,
2023-11-11,17.4,12.0,14.7,0.0,6.9,15.3,,,89.0,
2023-11-12,18.4,11.7,15.0,0.0,5.0,11.1,,,84.0,
2023-11-13,18.4,10.3,14.4,0.0,2.2,7.5,,,84.0,
2023-11-14,16.6,7.6,12.1,0.0,3.6,8.6,,,88.0,
2023-11-15,19.3,11.3,15.3,0.0,1.4,6.7,,,86.0,
2023-11-16,17.9,11.1,14.5,0.0,4.2,9.7,,,90.0,
2023-11-17,20.2,8.1,14.2,0.0,1.1,5.6,,,89.0,
2023-11-18,22.2,3.5,12.8,0.0,0.3,3.6,,,79.0,
2023-11-19,15.0,4.3,9.6,0.2,1.4,3.9,,,93.0,
2023-11-20,8.3,5.4,6.8,0.2,0.8,5.3,,,100.0,
2023-11-21,11.7,0.9,6.3,0.0,2.5,7.8,,,78.0,
2023-11-22,12.2,0.0,6.1,0.0,4.2,11.7,,,78.0,
2023-11-23,12.5,-1.0,5.8,0.0,1.9,7.5,,,63.0,
2023-11-24,12.1,-2.5,4.8,0.0,0.8,4.7,,,84.0,
2023-11-25,11.1,-2.4,4.4,0.0,0.8,4.2,,,96.0,
2023-11-26,17.2,-2.6,7.3,0.0,0.6,3.9,,,73.0,
2023-11-27,13.1,2.4,7.8,0.8,4.2,9.7,,,86.0,
2023-11-28,13.3,8.6,11.0,0.4,3.9,9.2,,,94.0,
2023-11-29,16.0,8.2,12.1,0.0,6.1,14.2,,,81.0,
2023-11-30,13.8,6.7,10.2,30.0,6.4,17.2,,,91.0,
2023-12-01,7.7,2.8,5.2,0.0,5.6,11.7,,,84.0,
2023-12-02,10.7,-0.1,5.3,0.0,2.8,7.5,,,86.0,
2023-12-03,10.3,-1.7,4.3,1.2,3.1,11.4,,,83.0,
2023-12-04,11.6,2.0,6.8,0.2,6.1,13.1,,,83.0,
2023-12-05,6.3,-0.6,2.8,0.0,1.7,5.8,,,88.0,
2023-12-06,6.1,-1.4,2.4,0.4,1.1,4.2,,,98.0,
2023-12-07,10.1,0.3,5.2,8.4,5.6,13.3,,,93.0,
2023-12-08,9.9,4.4,7.2,0.2,5.3,11.7,,,82.0,
2023-12-09,14.6,6.7,10.6,0.0,6.4,13.1,,,87.0,
2023-12-10,14.6,8.7,11.6,0.0,5.8,11.1,,,86.0,
2023-12-11,16.2,7.0,11.6,0.0,3.3,6.4,,,82.0,
2023-12-12,14.8,6.5,10.6,3.4,6.1,15.0,,,90.0,
2023-12-13,10.1,2.3,6.2,0.0,6.4,12.8,,,80.0,
2023-12-14,12.9,-0.8,6.0,0.0,1.1,5.3,,,78.0,
2023-12-15,10.9,-1.4,4.8,0.0,1.7,6.4,,,83.0,
2023-12-16,3.0,-2.1,0.4,0.2,1.7,4.7,,,100.0,
2023-12-17,1.7,-1.0,0.4,0.2,1.4,3.3,,,100.0,
2023-12-18,0.4,-1.8,-0.7,0.2,0.6,2.5,,,100.0,
2023-12-19,2.9,-3.1,-0.1,0.2,0.6,2.5,,,100.0,
2023-12-20,9.5,-1.3,4.1,0.0,1.1,3.9,,,98.0,
2023-12-21,12.6,-2.2,5.2,0.2,0.6,3.6,,,87.0,
2023-12-22,12.2,-2.6,4.8,0.0,1.1,5.0,,,88.0,
2023-12-23,5.8,-2.2,1.8,0.4,0.6,3.6,,,99.0,
2023-12-24,2.8,0.0,1.4,0.0,0.8,3.6,,,100.0,
2023-12-25,0.5,-1.9,-0.7,0.2,0.3,3.9,,,100.0,
2023-12-26,-0.2,-3.0,-1.6,0.2,0.0,2.5,,,100.0,
2023-12-27,2.4,-3.5,-0.6,0.0,0.3,3.3,,,100.0,
2023-12-28,12.4,-0.4,6.0,0.0,2.2,4.7,,,90.0,
2023-12-29,10.9,3.5,7.2,0.0,0.8,4.4,,,91.0,
2023-12-30,13.9,1.2,7.6,0.0,3.9,9.7,,,75.0,
2023-12-31,10.2,3.7,7.0,0.4,5.8,13.3,,,75.0,
2024-01-01,10.6,-0.5,5.0,0.0,2.5,5.6,,,79.0,
2024-01-02,12.1,2.8,7.4,1.0,7.8,15.3,,,83.0,
2024-01-03,12.4,5.1,8.8,1.2,4.7,12.8,,,93.0,
2024-01-04,10.0,5.0,7.5,8.2,2.5,11.4,,,97.0,
2024-01-05,8.6,0.7,4.6,0.0,5.6,12.8,,,84.0,
2024-01-06,9.3,-0.4,4.4,0.0,3.6,7.8,,,85.0,
2024-01-07,10.5,-2.9,3.8,0.0,0.8,3.6,,,80.0,
2024-01-08,6.3,-4.3,1.0,0.0,1.4,5.3,,,76.0,
2024-01-09,6.5,2.0,4.2,0.2,0.6,3.3,,,82.0,
2024-01-10,7.8,3.5,5.6,5.4,6.1,12.5,,,91.0,
2024-01-11,6.8,-1.3,2.8,0.2,1.7,5.8,,,82.0,
2024-01-12,6.3,-4.3,1.0,0.0,2.2,5.0,,,83.0,
2024-01-13,10.1,-0.1,5.0,5.0,0.8,8.1,,,90.0,
2024-01-14,12.2,6.1,9.2,8.4,5.8,13.9,,,89.0,
2024-01-15,14.0,10.2,12.1,4.6,5.8,11.4,,,95.0,
2024-01-16,15.7,10.6,13.2,4.6,4.4,11.7,,,83.0,
2024-01-17,13.1,8.4,10.8,3.0,10.0,20.6,,,82.0,
2024-01-18,12.9,7.3,10.1,6.2,4.7,14.4,,,81.0,
2024-01-19,7.5,-0.1,3.7,6.2,5.6,12.2,,,85.0,
2024-01-20,7.2,-3.8,1.7,0.0,1.4,5.8,,,82.0,
2024-01-21,14.0,-2.9,5.6,0.2,1.1,3.9,,,78.0,
2024-01-22,13.9,3.2,8.6,0.0,4.4,10.0,,,77.0,
2024-01-23,17.3,5.4,11.4,0.2,1.1,5.0,,,87.0,
2024-01-24,8.7,3.1,5.9,0.2,0.3,3.3,,,100.0,
2024-01-25,8.1,2.3,5.2,0.4,1.1,2.8,,,100.0,
2024-01-26,11.5,2.8,7.2,0.2,1.1,3.3,,,100.0,
2024-01-27,12.4,3.1,7.8,0.2,0.6,3.3,,,98.0,
2024-01-28,18.2,-0.5,8.8,0.0,0.0,2.5,,,79.0,
2024-01-29,17.4,3.5,10.4,0.2,0.3,2.8,,,81.0,
2024-01-30,14.2,1.7,8.0,0.2,0.8,3.9,,,97.0,
2024-01-31,11.5,0.8,6.2,0.2,1.4,3.6,,,99.0,
2024-02-01,15.4,1.0,8.2,0.2,0.3,2.5,,,95.0,
2024-02-02,17.1,0.0,8.6,0.0,0.8,4.2,,,85.0,
2024-02-03,19.9,-0.1,9.9,0.0,0.8,3.9,,,74.0,
2024-02-04,16.9,-0.1,8.4,0.0,1.4,3.3,,,75.0,
2024-02-05,17.9,-0.4,8.8,0.0,0.6,2.8,,,78.0,
2024-02-06,17.6,3.4,10.5,0.0,1.9,8.1,,,67.0,
2024-02-07,12.6,2.1,7.4,0.0,4.4,10.8,,,86.0,
2024-02-08,13.3,6.2,9.8,3.4,5.6,18.9,,,58.0,
2024-02-09,12.3,6.5,9.4,6.0,5.6,20.3,,,85.0,
2024-02-10,8.2,1.8,5.0,0.6,9.2,16.7,,,66.0,
2024-02-11,8.9,2.2,5.6,1.2,4.4,12.5,,,81.0,
2024-02-12,15.6,7.5,11.6,0.0,6.7,14.2,,,76.0,
2024-02-13,16.5,6.5,11.5,0.8,3.3,9.4,,,90.0,
2024-02-14,19.0,5.6,12.3,0.0,3.6,11.1,,,83.0,
2024-02-15,17.8,7.8,12.8,9.0,6.1,14.2,,,76.0,
2024-02-16,15.1,3.7,9.4,0.2,1.7,6.9,,,81.0,
2024-02-17,16.3,0.5,8.4,0.0,1.7,5.0,,,74.0,
2024-02-18,17.9,0.6,9.2,0.0,0.3,3.3,,,66.0,
2024-02-19,16.8,2.7,9.8,0.0,2.5,6.9,,,70.0,
2024-02-20,19.7,-1.3,9.2,0.0,1.4,3.6,,,68.0,
2024-02-21,16.7,0.2,8.4,0.0,3.3,8.9,,,65.0,
2024-02-22,13.6,3.1,8.4,1.2,8.9,17.2,,,76.0,
2024-02-23,8.6,2.7,5.6,0.6,9.2,17.8,,,69.0,
2024-02-24,10.0,1.7,5.8,0.0,7.5,15.3,,,62.0,
2024-02-25,12.8,6.1,9.4,1.2,10.8,22.8,,,78.0,
2024-02-26,8.4,1.3,4.8,0.0,7.2,16.4,,,68.0,
2024-02-27,10.9,-2.1,4.4,0.0,5.0,12.5,,,56.0,
2024-02-28,12.0,-3.3,4.4,0.0,1.9,7.5,,,61.0,
2024-02-29,12.5,-0.6,6.0,0.0,5.8,17.5,,,66.0,
2024-03-01,9.5,-1.3,4.1,0.2,7.8,13.9,,,68.0,
2024-03-02,10.0,-0.6,4.7,6.4,9.7,28.3,,,75.0,
2024-03-03,9.2,-2.1,3.6,1.2,6.4,13.3,,,74.0,
2024-03-04,12.6,3.6,8.1,0.0,6.4,16.7,,,71.0,
2024-03-05,12.7,0.5,6.6,0.0,2.8,7.5,,,61.0,
2024-03-06,16.0,-2.1,7.0,0.0,1.1,6.4,,,56.0,
2024-03-07,11.8,1.8,6.8,5.0,7.8,15.6,,,63.0,
2024-03-08,10.3,1.4,5.8,4.2,8.6,18.9,,,65.0,
2024-03-09,7.9,2.0,5.0,0.8,8.3,16.7,,,75.0,
2024-03-10,11.5,3.5,7.5,0.0,8.9,17.2,,,66.0,
2024-03-11,12.6,2.7,7.6,0.0,5.3,12.5,,,62.0,
2024-03-12,16.7,-1.1,7.8,0.0,1.7,6.1,,,65.0,
2024-03-13,22.3,0.4,11.4,0.0,1.7,8.1,,,51.0,
2024-03-14,15.7,3.9,9.8,0.6,5.0,10.8,,,66.0,
2024-03-15,16.9,7.7,12.3,0.2,3.6,8.9,,,69.0,
2024-03-16,19.8,3.1,11.4,0.0,2.2,7.2,,,76.0,
2024-03-17,21.1,6.5,13.8,0.0,1.7,4.2,,,67.0,
2024-03-18,22.5,4.7,13.6,0.0,1.7,6.4,,,62.0,
2024-03-19,23.6,4.8,14.2,0.0,2.5,6.4,,,50.0,
2024-03-20,24.5,5.6,15.0,0.0,1.7,7.8,,,57.0,
2024-03-21,23.6,8.2,15.9,0.0,3.3,7.8,,,45.0,
2024-03-22,26.4,6.8,16.6,0.0,1.4,8.6,,,54.0,
2024-03-23,21.5,5.7,13.6,0.0,2.8,7.8,,,65.0,
2024-03-24,19.7,2.0,10.8,0.0,2.8,8.1,,,48.0,
2024-03-25,17.4,4.7,11.0,0.6,5.6,14.4,,,54.0,
2024-03-26,8.3,1.0,4.6,5.6,5.0,15.0,,,71.0,
2024-03-27,14.3,4.1,9.2,1.6,11.9,24.2,,,60.0,
2024-03-28,16.2,4.5,10.4,8.6,10.3,27.2,,,63.0,
2024-03-29,9.3,2.3,5.8,3.8,4.2,10.8,,,79.0,
2024-03-30,13.0,3.3,8.2,2.6,6.1,16.7,,,63.0,
2024-03-31,10.7,0.5,5.6,5.8,7.8,14.4,,,67.0,
2024-04-01,11.2,3.1,7.2,1.6,7.2,17.2,,,65.0,
2024-04-02,13.9,3.2,8.6,0.4,5.0,12.2,,,59.0,
2024-04-03,17.2,5.0,11.1,0.0,3.6,10.0,,,62.0,
2024-04-04,20.7,3.6,12.2,0.0,2.2,7.5,,,53.0,
2024-04-05,23.9,6.5,15.2,0.0,6.4,14.7,,,42.0,
2024-04-06,22.5,12.3,17.4,0.2,3.9,13.6,,,49.0,
2024-04-07,20.1,9.6,14.8,5.4,4.2,7.5,,,68.0,
2024-04-08,14.4,2.6,8.5,4.6,8.3,20.0,,,67.0,
2024-04-09,15.4,-0.7,7.4,0.0,1.9,6.9,,,48.0,
2024-04-10,18.7,1.0,9.8,0.0,1.4,6.7,,,45.0,
2024-04-11,23.1,3.4,13.2,0.0,2.8,7.5,,,52.0,
2024-04-12,27.6,4.7,16.2,0.0,1.4,4.2,,,49.0,
2024-04-13,28.7,6.7,17.7,0.0,1.4,4.2,,,45.0,
2024-04-14,28.8,8.6,18.7,0.0,0.8,7.2,,,40.0,
2024-04-15,24.2,10.2,17.2,0.0,2.5,6.4,,,52.0,
2024-04-16,21.3,4.7,13.0,0.0,2.8,7.2,,,42.0,
2024-04-17,18.3,2.8,10.6,0.0,2.8,9.2,,,41.0,
2024-04-18,19.4,1.0,10.2,0.0,3.1,8.3,,,34.0,
2024-04-19,23.8,-0.2,11.8,0.0,2.5,7.2,,,37.0,
2024-04-20,23.1,2.4,12.8,0.0,4.2,10.0,,,28.0,
2024-04-21,20.7,0.9,10.8,0.0,3.3,8.3,,,32.0,
2024-04-22,14.9,-1.0,7.0,0.0,3.9,10.6,,,29.0,
2024-04-23,16.6,-3.1,6.8,0.0,2.8,9.7,,,30.0,
2024-04-24,18.6,-0.7,9.0,0.0,1.9,6.7,,,30.0,
2024-04-25,16.8,4.8,10.8,0.0,3.6,8.6,,,41.0,
2024-04-26,16.5,4.6,10.6,0.6,5.3,13.3,,,47.0,
2024-04-27,12.7,4.4,8.6,2.6,5.6,15.0,,,60.0,
2024-04-28,15.3,1.1,8.2,0.2,2.5,8.1,,,53.0,
2024-04-29,19.1,-0.1,9.5,0.0,2.5,7.8,,,47.0,
2024-04-30,16.9,3.4,10.2,1.2,5.3,11.7,,,58.0,
2024-05-01,12.6,3.1,7.8,0.0,6.4,16.1,,,51.0,
2024-05-02,13.8,1.3,7.6,0.4,5.8,14.7,,,58.0,
2024-05-03,16.9,3.1,10.0,0.0,4.2,10.0,,,47.0,
2024-05-04,21.5,5.2,13.4,0.0,6.9,15.6,,,40.0,
2024-05-05,20.0,9.1,14.6,17.8,6.9,16.7,,,80.0,
2024-05-06,19.1,6.3,12.7,0.2,2.8,7.5,,,50.0,
2024-05-07,20.7,2.5,11.6,0.0,3.1,7.2,,,44.0,
2024-05-08,24.3,3.6,14.0,0.0,1.9,5.8,,,36.0,
2024-05-09,27.9,3.7,15.8,0.0,1.9,4.7,,,40.0,
2024-05-10,28.9,6.6,17.8,0.0,0.8,6.4,,,31.0,
2024-05-11,26.5,10.4,18.4,2.6,3.3,12.2,,,42.0,
2024-05-12,24.7,8.6,16.6,0.0,2.2,6.4,,,48.0,
2024-05-13,24.4,9.7,17.0,7.2,6.1,14.2,,,45.0,
2024-05-14,15.4,6.4,10.9,0.0,6.9,13.9,,,59.0,
2024-05-15,16.3,4.6,10.4,0.2,4.2,15.0,,,58.0,
2024-05-16,16.1,5.1,10.6,8.6,4.7,11.1,,,44.0,
2024-05-17,17.9,6.2,12.0,0.8,4.2,14.4,,,63.0,
2024-05-18,18.9,5.4,12.2,0.0,4.2,11.7,,,52.0,
2024-05-19,18.1,6.4,12.2,1.0,2.2,10.0,,,58.0,
2024-05-20,19.4,3.7,11.6,0.0,1.9,10.8,,,54.0,
2024-05-21,19.4,6.9,13.2,1.6,5.3,12.2,,,54.0,
2024-05-22,19.0,5.7,12.4,0.0,4.4,11.7,,,48.0,
2024-05-23,22.7,2.1,12.4,0.0,2.2,7.8,,,38.0,
2024-05-24,25.8,3.3,14.6,0.0,1.4,6.7,,,31.0,
2024-05-25,26.2,7.6,16.9,0.0,5.6,11.4,,,19.0,
2024-05-26,25.5,8.3,16.9,0.0,4.2,10.3,,,37.0,
2024-05-27,25.6,6.2,15.9,0.0,2.2,7.2,,,42.0,
2024-05-28,30.0,5.4,17.7,0.0,2.2,5.6,,,28.0,
2024-05-29,32.1,8.5,20.3,0.0,2.2,6.4,,,22.0,
2024-05-30,31.8,9.8,20.8,0.0,2.5,10.8,,,30.0,
2024-05-31,25.1,8.1,16.6,0.0,4.4,9.7,,,27.0,
2024-06-01,24.7,3.4,14.0,0.0,5.3,13.1,,,31.0,
2024-06-02,26.9,4.2,15.6,0.0,3.6,9.2,,,29.0,
2024-06-03,29.1,6.5,17.8,0.0,3.3,8.9,,,30.0,
2024-06-04,31.1,7.2,19.2,0.0,2.5,8.1,,,29.0,
2024-06-05,33.2,12.9,23.0,0.0,3.6,10.6,,,21.0,
2024-06-06,35.0,13.1,24.0,2.8,2.5,16.9,,,23.0,
2024-06-07,32.2,17.3,24.8,0.0,1.9,8.9,,,33.0,
2024-06-08,27.0,13.7,20.4,0.6,3.9,11.4,,,46.0,
2024-06-09,22.2,13.4,17.8,0.0,3.1,8.1,,,62.0,
2024-06-10,23.6,8.6,16.1,0.0,4.2,8.9,,,32.0,
2024-06-11,24.6,5.1,14.8,0.0,2.5,7.8,,,29.0,
2024-06-12,23.5,7.4,15.4,0.0,4.2,11.1,,,30.0,
2024-06-13,28.3,5.7,17.0,0.0,3.3,11.4,,,19.0,
2024-06-14,27.8,10.5,19.2,0.0,6.4,14.4,,,27.0,
2024-06-15,26.0,7.8,16.9,0.0,3.9,8.1,,,22.0,
2024-06-16,27.8,9.4,18.6,0.0,5.3,12.2,,,26.0,
2024-06-17,28.7,9.3,19.0,0.2,6.4,16.1,,,28.0,
2024-06-18,23.2,12.3,17.8,3.6,5.3,13.3,,,64.0,
2024-06-19,24.0,7.7,15.8,6.2,2.2,11.7,,,47.0,
2024-06-20,22.5,10.3,16.4,0.2,2.5,11.4,,,58.0,
2024-06-21,28.0,8.7,18.4,0.0,1.7,6.4,,,43.0,
2024-06-22,28.0,11.3,19.6,0.0,3.6,9.2,,,27.0,
2024-06-23,30.2,10.4,20.3,0.0,3.3,8.3,,,34.0,
2024-06-24,31.9,11.4,21.6,0.0,2.2,7.5,,,34.0,
2024-06-25,34.9,12.2,23.6,44.6,3.1,18.6,,,46.0,
2024-06-26,31.1,15.9,23.5,0.4,5.0,15.3,,,42.0,
2024-06-27,33.8,15.8,24.8,0.0,2.5,10.0,,,44.0,
2024-06-28,31.7,14.4,23.0,11.0,4.4,16.1,,,46.0,
2024-06-29,19.2,14.6,16.9,0.2,5.6,10.8,,,89.0,
2024-06-30,26.5,12.6,19.6,0.0,2.5,7.2,,,50.0,
2024-07-01,28.1,12.4,20.2,0.0,3.1,7.8,,,35.0,
2024-07-02,29.6,10.9,20.2,0.0,2.8,8.1,,,33.0,
2024-07-03,34.1,11.9,23.0,0.0,2.5,10.3,,,24.0,
2024-07-04,35.8,12.5,24.2,0.0,1.7,7.5,,,16.0,
2024-07-05,37.6,14.3,26.0,0.0,3.1,14.4,,,24.0,
2024-07-06,29.8,13.2,21.5,0.0,4.2,11.1,,,28.0,
2024-07-07,29.8,10.0,19.9,0.0,2.2,7.8,,,30.0,
2024-07-08,31.8,12.3,22.0,0.0,5.0,12.2,,,19.0,
2024-07-09,30.1,16.1,23.1,0.0,5.6,14.2,,,21.0,
2024-07-10,32.9,15.0,24.0,0.0,3.3,13.1,,,33.0,
2024-07-11,31.7,16.4,24.0,0.0,5.0,12.8,,,32.0,
2024-07-12,30.7,12.6,21.6,0.0,2.5,8.9,,,30.0,
2024-07-13,31.8,12.5,22.2,0.0,4.2,10.8,,,28.0,
2024-07-14,32.0,12.4,22.2,0.0,5.0,12.2,,,15.0,
2024-07-15,28.6,13.3,21.0,0.0,5.8,13.9,,,37.0,
2024-07-16,31.1,9.1,20.1,0.0,2.5,6.1,,,26.0,
2024-07-17,35.4,10.6,23.0,0.0,4.2,9.7,,,24.0,
2024-07-18,36.3,14.4,25.4,0.0,4.4,10.8,,,18.0,
2024-07-19,36.9,15.5,26.2,0.0,3.9,11.4,,,13.0,
2024-07-20,31.3,17.6,24.4,0.0,6.1,13.9,,,32.0,
2024-07-21,31.7,12.9,22.3,0.0,3.1,10.0,,,22.0,
2024-07-22,35.6,9.8,22.7,0.0,2.2,6.9,,,,
2024-07-23,38.9,12.6,25.8,0.0,2.8,8.6,,,14.0,
2024-07-24,39.9,16.2,28.0,0.0,1.7,7.8,,,16.0,
2024-07-25,39.2,15.9,27.6,0.0,1.9,8.6,,,18.0,
2024-07-26,38.3,15.2,26.8,0.0,2.2,8.6,,,20.0,
2024-07-27,37.6,18.6,28.1,0.0,3.6,10.3,,,20.0,
2024-07-28,38.1,17.8,28.0,0.0,5.0,13.3,,,21.0,
2024-07-29,33.9,20.6,27.2,0.0,3.9,15.8,,,17.0,
2024-07-30,37.4,17.3,27.4,0.0,4.7,14.2,,,24.0,
2024-07-31,36.2,17.0,26.6,0.0,4.2,10.3,,,17.0,
2024-08-01,37.4,18.2,27.8,0.0,3.3,8.3,,,23.0,
2024-08-02,32.9,16.6,24.8,0.0,3.6,8.3,,,34.0,
2024-08-03,35.3,13.7,24.5,0.0,2.5,6.7,,,29.0,
2024-08-04,37.5,14.0,25.8,0.0,3.1,8.1,,,17.0,
2024-08-05,37.0,15.4,26.2,0.0,4.2,12.2,,,17.0,
2024-08-06,36.1,14.0,25.0,0.0,3.3,10.8,,,21.0,
2024-08-07,37.2,14.0,25.6,0.0,3.1,11.4,,,25.0,
2024-08-08,38.9,14.5,26.7,0.0,2.8,7.5,,,24.0,
2024-08-09,40.9,16.6,28.8,0.0,1.4,8.1,,,20.0,
2024-08-10,39.9,19.1,29.5,0.0,6.1,11.9,,,9.0,
2024-08-11,38.5,22.1,30.3,0.0,4.7,13.9,,,12.0,
2024-08-12,37.1,19.8,28.4,0.0,4.7,11.1,,,18.0,
2024-08-13,25.9,16.2,21.0,0.2,3.9,8.9,,,41.0,
2024-08-14,30.6,12.4,21.5,0.0,3.1,9.2,,,33.0,
2024-08-15,30.0,8.3,19.2,0.0,3.6,8.9,,,23.0,
2024-08-16,34.6,8.9,21.8,0.0,2.5,10.8,,,12.0,
2024-08-17,35.5,13.2,24.4,0.0,4.2,11.1,,,16.0,
2024-08-18,33.4,15.0,24.2,0.0,2.8,10.0,,,27.0,
2024-08-19,34.3,12.0,23.2,0.0,2.5,7.5,,,21.0,
2024-08-20,35.5,12.9,24.2,0.0,2.5,7.5,,,15.0,
2024-08-21,36.2,12.3,24.2,0.0,2.5,9.7,,,29.0,
2024-08-22,36.0,15.3,25.6,0.0,4.7,11.4,,,18.0,
2024-08-23,36.3,14.7,25.5,0.0,3.1,12.2,,,24.0,
2024-08-24,33.9,16.9,25.4,0.0,6.1,14.4,,,21.0,
2024-08-25,31.7,12.2,22.0,0.0,4.7,10.3,,,37.0,
2024-08-26,33.1,9.6,21.4,0.0,2.5,6.4,,,28.0,
2024-08-27,35.6,11.9,23.8,0.0,3.1,10.3,,,15.0,
2024-08-28,36.0,14.7,25.4,5.2,2.8,8.6,,,20.0,
2024-08-29,31.8,15.1,23.4,1.8,3.6,16.1,,,54.0,
2024-08-30,33.0,15.0,24.0,0.0,2.8,8.6,,,49.0,
2024-08-31,30.3,18.2,24.2,8.8,4.2,11.9,,,54.0,
2024-09-01,30.3,14.6,22.4,0.0,1.9,7.2,,,,
2024-09-02,31.4,15.3,23.4,0.0,3.6,8.3,,,,
2024-09-03,28.8,14.9,21.8,0.0,4.4,11.7,,,,
2024-09-04,26.2,13.9,20.0,0.0,3.3,8.6,,,,
2024-09-05,23.9,9.2,16.6,0.0,2.2,11.7,,,,
2024-09-06,22.6,7.8,15.2,0.0,3.3,9.7,,,,
2024-09-07,25.3,7.2,16.2,0.0,3.6,10.8,,,,
2024-09-08,26.6,10.9,18.8,0.0,3.1,8.1,,,,
2024-09-09,29.1,7.2,18.2,0.0,1.4,6.4,,,,
2024-09-10,29.7,8.1,18.9,0.0,2.2,7.8,,,,
2024-09-11,26.7,8.5,17.6,0.0,2.5,7.8,,,,
2024-09-12,27.6,10.7,19.2,0.0,4.4,12.5,,,,
2024-09-13,22.5,6.1,14.3,0.0,4.4,10.6,,,,
2024-09-14,29.0,2.9,16.0,0.0,1.7,6.1,,,,
2024-09-15,29.6,4.0,16.8,0.0,2.2,7.8,,,,
2024-09-16,28.7,1.9,15.3,0.0,3.1,12.5,,,,
2024-09-17,25.8,4.7,15.2,0.0,3.6,11.4,,,,
2024-09-18,29.5,5.3,17.4,0.0,1.4,5.8,,,,
2024-09-19,26.3,11.0,18.6,0.0,3.6,10.8,,,,
2024-09-20,24.6,13.9,19.2,1.0,2.5,8.6,,,,
2024-09-21,24.0,11.1,17.6,0.2,3.3,11.4,,,,
2024-09-22,23.0,9.6,16.3,0.0,3.1,10.0,,,,
2024-09-23,23.0,7.6,15.3,0.0,3.3,8.3,,,,
2024-09-24,20.0,10.3,15.2,0.0,4.4,8.9,,,,
2024-09-25,26.0,13.2,19.6,0.0,7.5,17.2,,,,
2024-09-26,24.0,11.9,18.0,0.0,8.9,22.2,,,,
2024-09-27,19.5,4.8,12.2,0.0,5.6,13.9,,,,
2024-09-28,20.9,0.6,10.8,0.0,2.2,8.6,,,,
2024-09-29,27.2,3.6,15.4,0.0,1.9,6.9,,,,
2024-09-30,30.1,7.4,18.8,0.0,1.7,9.4,,,,
2024-10-01,27.2,12.5,19.8,0.0,4.4,10.3,,,,
2024-10-02,21.6,15.2,18.4,3.6,6.4,14.2,,,,
2024-10-03,24.2,14.0,19.1,2.4,1.4,6.4,,,,
2024-10-04,23.4,10.9,17.2,0.0,1.4,4.7,,,,
2024-10-05,25.6,9.4,17.5,0.0,5.6,14.4,,,,
2024-10-06,22.5,15.8,19.2,1.0,7.2,15.8,,,,
2024-10-07,17.6,10.2,13.9,12.0,4.4,19.4,,,,
2024-10-08,17.6,10.2,13.9,0.4,6.9,17.2,,,,
2024-10-09,22.6,10.4,16.5,1.8,10.0,26.7,,,,
2024-10-10,18.7,7.6,13.2,0.0,2.8,7.5,,,,
2024-10-11,20.2,6.6,13.4,1.6,4.7,13.9,,,,
2024-10-12,23.1,12.7,17.9,2.8,4.2,11.7,,,,
2024-10-13,23.8,11.1,17.4,0.0,4.2,9.7,,,,
2024-10-14,21.6,9.6,15.6,0.0,1.7,5.3,,,,
2024-10-15,19.9,14.7,17.3,14.6,6.4,14.2,,,,
2024-10-16,21.4,12.2,16.8,7.0,6.7,13.9,,,,
2024-10-17,16.8,6.7,11.8,0.0,6.9,14.7,,,,
2024-10-18,16.4,4.6,10.5,0.0,3.3,7.8,,,,
2024-10-19,19.6,11.1,15.4,0.4,3.3,9.7,,,,
2024-10-20,22.5,9.0,15.8,0.0,0.8,5.6,,,,
2024-10-21,23.3,5.9,14.6,0.0,1.4,6.4,,,,
2024-10-22,23.1,7.8,15.4,0.0,1.4,6.4,,,,
2024-10-23,22.6,7.3,15.0,0.0,3.3,11.1,,,,
2024-10-24,23.7,9.8,16.8,3.8,3.9,9.7,,,,
2024-10-25,15.6,4.7,10.2,0.0,4.2,10.8,,,,
2024-10-26,10.9,3.0,7.0,2.0,2.2,8.3,,,,
2024-10-27,11.3,5.8,8.6,2.2,2.2,7.5,,,,
2024-10-28,18.6,7.8,13.2,0.2,4.2,10.8,,,,
2024-10-29,17.2,7.9,12.6,3.8,2.5,18.9,,,,
2024-10-30,18.2,9.1,13.6,0.2,3.6,13.9,,,,
2024-10-31,20.1,10.4,15.2,1.2,4.7,11.4,,,,
2024-11-01,20.2,8.8,14.5,0.2,4.4,10.8,,,,
2024-11-02,21.4,6.5,14.0,0.0,0.6,7.8,,,,
2024-11-03,19.2,8.1,13.6,0.0,5.3,12.2,,,,
2024-11-04,21.0,8.5,14.8,0.0,4.2,9.7,,,,
2024-11-05,19.7,10.6,15.2,0.0,0.8,2.8,,,,
2024-11-06,22.2,5.8,14.0,0.0,1.7,6.1,,,,
2024-11-07,22.3,4.0,13.2,0.0,1.7,7.2,,,,
2024-11-08,22.2,6.7,14.4,0.0,1.4,6.4,,,,
2024-11-09,19.4,6.6,13.0,0.0,2.2,6.7,,,,
2024-11-10,15.6,7.0,11.3,1.6,2.2,5.8,,,,
2024-11-11,16.2,3.3,9.8,0.0,3.3,10.8,,,,
2024-11-12,14.7,0.3,7.5,0.0,1.7,11.4,,,,
2024-11-13,10.0,0.1,5.0,0.6,5.3,14.2,,,,
2024-11-14,17.5,7.1,12.3,0.2,3.3,8.3,,,,
2024-11-15,18.5,9.5,14.0,0.0,5.6,11.4,,,,
2024-11-16,18.0,5.7,11.8,0.0,3.6,9.7,,,,
2024-11-17,18.2,1.2,9.7,0.0,1.4,4.4,,,,
2024-11-18,22.7,4.3,13.5,0.0,0.6,3.9,,,,
2024-11-19,17.7,4.9,11.3,0.0,4.4,12.5,,,,
2024-11-20,15.1,7.3,11.2,0.0,6.1,12.2,,,,
2024-11-21,12.1,9.7,10.9,3.8,8.6,16.7,,,,
2024-11-22,14.5,4.7,9.6,0.0,1.1,15.8,,,,
2024-11-23,18.9,6.2,12.6,0.0,4.2,13.9,,,,
2024-11-24,16.5,10.9,13.7,5.2,11.1,18.9,,,,
2024-11-25,17.1,4.4,10.8,5.6,5.3,18.3,,,,
2024-11-26,11.2,2.2,6.7,0.0,1.4,3.9,,,,
2024-11-27,13.6,-1.1,6.2,0.0,0.6,4.4,,,,
2024-11-28,13.4,-1.3,6.0,0.2,0.6,3.3,,,,
2024-11-29,18.9,2.3,10.6,0.0,1.1,5.0,,,,
2024-11-30,19.8,4.7,12.2,0.0,1.7,4.4,,,,
2024-12-01,17.7,3.3,10.5,0.4,1.1,7.5,,,,
2024-12-02,16.7,5.2,11.0,0.4,1.9,5.0,,,,
2024-12-03,11.1,3.8,7.4,0.0,3.1,8.9,,,,
2024-12-04,13.9,4.9,9.4,0.0,2.2,9.7,,,,
2024-12-05,14.9,3.4,9.2,0.0,2.2,7.8,,,,
2024-12-06,11.4,8.3,9.8,0.0,2.8,7.2,,,,
2024-12-07,15.3,1.3,8.3,0.0,5.8,12.5,,,,
2024-12-08,11.1,-1.2,5.0,0.0,5.6,12.2,,,,
2024-12-09,9.4,-2.2,3.6,0.0,4.2,8.9,,,,
2024-12-10,8.5,-4.0,2.2,0.0,1.1,5.3,,,,
2024-12-11,5.6,0.2,2.9,0.0,0.8,3.9,,,,
2024-12-12,10.9,-2.1,4.4,0.4,1.1,6.7,,,,
2024-12-13,11.8,1.1,6.4,0.0,1.4,5.3,,,,
2024-12-14,13.1,-3.6,4.8,0.0,0.8,3.6,,,,
2024-12-15,9.6,-6.6,1.5,0.0,1.7,6.7,,,,
2024-12-16,9.9,-4.4,2.8,0.0,1.4,4.2,,,,
2024-12-17,13.0,-4.5,4.2,0.4,0.8,5.8,,,,
2024-12-18,15.4,0.6,8.0,0.0,4.7,12.2,,,,
2024-12-19,14.2,-0.2,7.0,0.8,5.3,15.0,,,,
2024-12-20,9.2,-4.1,2.6,0.2,1.1,5.0,,,,
2024-12-21,11.8,-5.4,3.2,0.0,0.8,3.1,,,,
2024-12-22,14.0,-3.7,5.2,0.0,3.1,6.1,,,,
2024-12-23,10.7,-2.4,4.2,0.2,2.5,8.1,,,,
2024-12-24,9.8,-3.6,3.1,0.2,0.8,3.9,,,,
2024-12-25,5.4,-0.3,2.6,0.2,0.8,3.9,,,,
2024-12-26,4.0,-0.5,1.8,0.2,0.8,3.3,,,,
2024-12-27,3.1,-0.5,1.3,0.2,0.3,4.7,,,,
2024-12-28,2.3,-1.1,0.6,0.2,0.6,3.6,,,,
2024-12-29,1.5,-1.9,-0.2,0.2,1.1,3.6,,,,
2024-12-30,0.2,-1.9,-0.8,0.2,0.3,3.1,,,,
2024-12-31,-0.1,-2.4,-1.2,0.2,0.0,3.3,,,,
2025-01-01,0.6,-2.5,-1.0,0.0,0.0,3.1,,,,
2025-01-02,10.0,-3.4,3.3,0.2,1.7,6.1,,,,
2025-01-03,9.5,0.7,5.1,0.2,3.1,8.9,,,,
2025-01-04,12.2,2.0,7.1,0.0,4.7,10.3,,,,
2025-01-05,11.9,3.2,7.6,0.4,5.8,15.3,,,,
2025-01-06,10.2,1.1,5.6,0.0,6.1,13.1,,,,
2025-01-07,10.7,0.1,5.4,0.0,6.9,14.7,,,,
2025-01-08,13.1,4.5,8.8,0.2,9.7,23.3,,,,
2025-01-09,13.9,7.7,10.8,0.0,6.9,15.0,,,,
2025-01-10,16.5,8.5,12.5,0.2,4.7,10.0,,,,
2025-01-11,16.2,3.8,10.0,0.0,4.7,10.3,,,,
2025-01-12,12.2,-1.7,5.2,0.0,1.4,5.8,,,,
2025-01-13,10.9,-8.2,1.4,0.0,1.4,5.6,,,,
2025-01-14,11.1,-10.5,0.3,0.0,1.1,4.4,,,,
2025-01-15,12.5,-9.2,1.6,0.0,1.4,5.8,,,,
2025-01-16,12.4,-6.1,3.2,0.0,2.2,8.1,,,,
2025-01-17,11.0,-6.6,2.2,0.0,1.7,7.2,,,,
2025-01-18,13.7,-7.1,3.3,0.0,0.8,3.6,,,,
2025-01-19,11.4,-6.6,2.4,7.2,3.1,9.2,,,,
2025-01-20,10.2,3.6,6.9,5.8,1.9,6.1,,,,
2025-01-21,12.7,4.8,8.8,3.4,2.5,12.2,,,,
2025-01-22,15.7,6.5,11.1,5.4,3.6,10.3,,,,
2025-01-23,16.6,5.9,11.2,0.2,1.4,4.2,,,,
2025-01-24,14.0,6.7,10.4,2.4,5.0,11.9,,,,
2025-01-25,12.3,2.3,7.3,0.2,5.3,13.9,,,,
2025-01-26,14.1,2.3,8.2,8.4,8.6,25.3,,,,
2025-01-27,13.9,3.8,8.8,1.6,9.7,21.7,,,,
2025-01-28,9.1,2.6,5.8,0.4,7.8,18.9,,,,
2025-01-29,10.9,0.4,5.6,1.4,9.2,24.2,,,,
2025-01-30,9.7,0.2,5.0,0.0,5.8,11.9,,,,
2025-01-31,11.7,-2.8,4.4,0.0,0.8,4.7,,,,
2025-02-01,13.6,-2.0,5.8,0.0,1.7,7.8,,,,
2025-02-02,6.6,-2.5,2.0,9.0,1.4,13.6,,,,
2025-02-03,6.4,-2.1,2.2,0.2,0.8,3.9,,,,
2025-02-04,6.4,-2.9,1.8,0.2,1.1,3.3,,,,
2025-02-05,5.5,-2.9,1.3,0.2,1.1,3.9,,,,
2025-02-06,2.5,-3.7,-0.6,0.4,0.6,2.5,,,,
2025-02-07,11.0,-2.0,4.5,9.4,5.8,11.7,,,,
2025-02-08,11.8,-1.6,5.1,0.0,1.7,6.4,,,,
2025-02-09,16.1,6.6,11.4,0.0,3.1,8.3,,,,
2025-02-10,16.8,6.9,11.8,0.2,1.1,6.1,,,,
2025-02-11,16.4,2.4,9.4,0.6,3.9,11.1,,,,
2025-02-12,13.6,3.4,8.5,0.0,4.7,10.8,,,,
2025-02-13,16.5,3.3,9.9,0.0,2.2,6.1,,,,
2025-02-14,19.8,0.9,10.4,0.0,0.8,3.6,,,,
2025-02-15,16.0,1.7,8.8,0.0,2.8,8.6,,,,
2025-02-16,18.6,2.1,10.4,0.0,3.9,11.7,,,,
2025-02-17,17.5,4.7,11.1,0.0,1.4,5.0,,,,
2025-02-18,15.3,2.5,8.9,0.0,4.7,13.3,,,,
2025-02-19,17.8,2.3,10.0,0.0,1.7,6.1,,,,
2025-02-20,18.6,2.9,10.8,0.0,1.7,7.5,,,,
2025-02-21,15.0,5.2,10.1,3.6,3.9,15.8,,,,
2025-02-22,14.8,1.8,8.3,0.0,3.1,6.7,,,,
2025-02-23,17.5,-1.2,8.2,0.0,1.1,5.6,,,,
2025-02-24,17.1,3.6,10.4,0.2,3.6,11.4,,,,
2025-02-25,13.2,0.8,7.0,0.0,4.7,12.2,,,,
2025-02-26,15.8,-3.0,6.4,0.0,0.6,5.3,,,,
2025-02-27,16.1,2.4,9.2,0.4,1.1,5.6,,,,
2025-02-28,14.2,3.4,8.8,7.8,2.8,8.1,,,,
2025-03-01,6.7,2.6,4.6,5.2,5.6,11.4,,,,
2025-03-02,6.7,1.7,4.2,2.6,3.6,9.2,,,,
2025-03-03,13.6,3.0,8.3,0.0,3.9,11.4,,,,
2025-03-04,14.6,5.1,9.8,0.0,3.3,10.0,,,,
2025-03-05,13.9,4.5,9.2,0.0,5.0,10.8,,,,
2025-03-06,16.7,5.3,11.0,0.0,6.1,12.2,,,,
2025-03-07,13.6,4.5,9.0,0.0,7.5,15.0,,,,
2025-03-08,12.0,2.5,7.2,2.2,6.1,21.9,,,,
2025-03-09,14.2,-0.6,6.8,2.4,4.4,12.5,,,,
2025-03-10,12.9,0.0,6.4,0.0,4.7,12.2,,,,
2025-03-11,13.4,5.3,9.4,0.2,2.8,9.2,,,,
2025-03-12,12.6,1.8,7.2,0.0,4.4,15.3,,,,
2025-03-13,9.5,0.3,4.9,1.8,2.8,9.4,,,,
2025-03-14,8.8,-2.6,3.1,0.0,3.3,10.3,,,,
2025-03-15,10.0,-1.3,4.4,2.6,1.7,6.4,,,,
2025-03-16,10.2,-0.5,4.8,0.8,1.9,4.7,,,,
2025-03-17,14.5,0.3,7.4,4.6,5.3,13.1,,,,
2025-03-18,12.6,6.2,9.4,3.8,2.8,8.3,,,,
2025-03-20,14.2,6.9,10.6,8.0,8.1,22.2,,,,
2025-03-21,12.6,4.5,8.6,4.6,8.1,19.7,,,,
2025-03-22,10.3,3.3,6.8,7.2,8.6,15.6,,,,
2025-03-23,11.3,-0.5,5.4,4.4,2.8,8.1,,,,
2025-03-24,14.9,1.5,8.2,1.4,3.6,14.4,,,,
2025-03-25,13.5,2.8,8.2,0.0,1.9,6.7,,,,
2025-03-26,15.4,1.4,8.4,0.0,1.7,6.4,,,,
2025-03-27,12.9,0.3,6.6,0.0,1.4,7.5,,,,
2025-03-28,16.6,0.2,8.4,0.0,1.1,5.6,,,,
2025-03-29,14.9,-0.6,7.2,0.0,2.5,7.2,,,,
2025-03-30,18.7,-1.2,8.8,0.0,2.2,7.5,,,,
2025-03-31,25.1,-0.1,12.5,0.0,1.4,6.7,,,,
2025-04-01,22.4,5.0,13.7,0.0,1.7,5.8,,,,
2025-04-02,18.9,4.8,11.8,1.0,3.6,13.9,,,,
2025-04-03,14.5,6.7,10.6,3.0,6.1,16.9,,,,
2025-04-04,14.4,6.3,10.4,3.2,6.4,16.7,,,,
2025-04-05,17.5,7.7,12.6,0.0,4.2,9.4,,,,
2025-04-06,20.2,4.4,12.3,0.0,1.7,5.0,,,,
2025-04-07,22.9,2.6,12.8,0.0,1.1,3.9,,,,
2025-04-08,24.6,3.7,14.2,0.0,1.7,6.9,,,,
2025-04-09,25.9,3.8,14.8,0.0,1.1,6.9,,,,
2025-04-10,24.0,3.7,13.8,0.0,4.2,11.1,,,,
2025-04-11,16.8,8.4,12.6,3.8,4.2,13.3,,,,
2025-04-12,19.0,5.9,12.4,4.2,1.4,11.1,,,,
2025-04-13,19.9,8.4,14.2,0.0,3.3,7.2,,,,
2025-04-14,15.1,7.3,11.2,0.2,7.8,15.6,,,,
2025-04-15,10.7,0.9,5.8,4.8,4.4,12.5,,,,
2025-04-16,10.5,0.1,5.3,4.2,5.8,13.6,,,,
2025-04-17,16.1,1.2,8.6,0.0,4.4,9.2,,,,
2025-04-18,17.7,5.7,11.7,8.4,4.7,16.1,,,,
2025-04-19,11.5,3.2,7.4,1.0,8.6,19.4,,,,
2025-04-20,16.1,4.6,10.4,0.0,5.0,11.9,,,,
2025-04-21,17.6,4.3,11.0,0.8,3.6,11.1,,,,
2025-04-22,18.1,5.1,11.6,0.4,1.9,6.4,,,,
2025-04-23,22.8,3.3,13.0,0.0,1.4,5.3,,,,
2025-04-24,26.0,4.1,15.0,0.0,1.4,5.3,,,,
2025-04-25,24.0,5.4,14.7,0.0,4.2,11.9,,,,
2025-04-26,19.4,4.8,12.1,0.0,3.3,8.9,,,,
2025-04-27,19.1,0.5,9.8,0.0,2.8,8.9,,,,
2025-04-28,23.0,2.1,12.6,0.0,4.4,10.8,,,,
2025-04-29,22.7,9.8,16.2,0.0,8.1,15.6,,,,
2025-04-30,19.3,8.6,14.0,6.2,4.7,17.5,,,,
2025-05-01,22.3,5.2,13.8,14.0,3.9,12.8,,,,
2025-05-02,19.5,8.9,14.2,0.2,4.7,16.1,,,,
2025-05-03,20.2,9.1,14.6,2.0,3.1,11.1,,,,
2025-05-04,17.1,8.5,12.8,6.4,3.6,12.8,,,,
2025-05-05,19.1,8.5,13.8,0.8,3.6,13.1,,,,
2025-05-06,15.3,4.4,9.8,0.0,3.3,9.2,,,,
2025-05-07,20.1,0.5,10.3,0.0,1.7,5.6,,,,
2025-05-08,20.5,3.0,11.8,0.0,3.9,8.9,,,,
2025-05-09,18.3,7.7,13.0,0.4,4.7,13.3,,,,
2025-05-10,16.2,5.9,11.0,6.4,5.3,20.8,,,,
2025-05-11,15.3,4.8,10.0,0.0,5.3,10.3,,,,
2025-05-12,17.7,4.0,10.8,0.2,3.9,13.1,,,,
2025-05-13,21.0,7.4,14.2,0.0,2.5,13.3,,,,
2025-05-14,20.4,5.2,12.8,22.2,2.8,10.3,,,,
2025-05-15,18.1,7.3,12.7,0.6,1.1,8.1,,,,
2025-05-16,22.1,4.4,13.2,0.0,1.7,7.5,,,,
2025-05-17,25.4,3.6,14.5,0.0,1.4,4.7,,,,
2025-05-18,26.1,7.3,16.7,0.0,4.2,13.1,,,,
2025-05-19,19.6,8.3,14.0,0.4,4.7,11.7,,,,
2025-05-20,23.3,6.5,14.9,0.0,1.9,6.1,,,,
2025-05-21,26.4,5.4,15.9,0.0,3.3,8.3,,,,
2025-05-22,20.7,6.4,13.6,0.0,4.2,12.5,,,,
2025-05-23,22.9,1.7,12.3,0.0,3.1,8.3,,,,
2025-05-24,25.8,3.3,14.6,0.0,1.7,7.2,,,,
2025-05-25,29.5,8.7,19.1,0.0,3.6,8.6,,,,
2025-05-26,28.0,7.5,17.8,0.0,2.5,6.9,,,,
2025-05-27,31.0,7.0,19.0,0.0,2.8,7.5,,,,
2025-05-28,33.0,8.0,20.5,0.0,2.2,8.6,,,,
2025-05-29,35.4,9.0,22.2,1.0,3.1,9.7,,,,
2025-05-30,34.2,14.3,24.2,0.0,4.2,13.6,,,,
2025-05-31,34.8,11.5,23.2,0.0,3.9,13.3,,,,
2025-06-01,32.6,17.7,25.2,0.0,5.6,15.6,,,18.0,
2025-06-02,29.9,12.6,21.2,0.0,2.5,10.3,,,44.0,
2025-06-03,24.8,12.0,18.4,6.6,4.2,9.7,,,63.0,
2025-06-04,23.5,9.4,16.4,0.0,4.4,10.3,,,47.0,
2025-06-05,27.3,9.8,18.6,0.0,4.4,10.0,,,31.0,
2025-06-06,28.5,9.7,19.1,0.0,3.9,10.8,,,30.0,
2025-06-07,29.6,11.3,20.4,0.0,4.2,10.0,,,26.0,
2025-06-08,31.9,8.7,20.3,0.0,2.5,6.1,,,27.0,
2025-06-09,37.0,10.7,23.8,5.2,1.4,15.8,,,,
2025-06-10,35.6,18.3,27.0,,1.7,12.2,,,,
2025-06-12,28.2,10.2,19.2,0.0,2.8,11.1,,,,
2025-06-13,31.1,9.9,20.5,0.0,3.6,10.6,,,,
2025-06-14,32.0,11.0,21.5,0.0,3.9,11.4,,,,
2025-06-15,32.0,9.3,20.6,0.0,3.9,10.3,,,,
2025-06-16,36.2,10.3,23.2,0.0,1.9,9.7,,,,
2025-06-17,37.2,13.9,25.6,0.0,1.9,7.8,,,,
2025-06-18,37.3,14.9,26.1,0.0,5.3,12.8,,,,
2025-06-19,32.9,16.9,24.9,0.0,4.4,11.4,,,,
2025-06-20,36.9,16.5,26.7,1.8,6.7,21.4,,,,
2025-06-21,37.2,14.4,25.8,0.0,5.0,12.5,,,,
2025-06-22,36.2,15.3,25.8,0.0,3.3,13.1,,,,
2025-06-23,34.8,14.3,24.6,1.8,2.2,16.4,,,,
2025-06-24,27.7,15.9,21.8,11.8,3.1,13.9,,,,
2025-06-25,26.3,13.7,20.0,0.2,5.6,13.1,,,,
2025-06-26,32.6,12.4,22.5,0.0,2.5,6.9,,,,
2025-06-27,36.2,13.1,24.6,0.0,2.8,10.8,,,,
2025-06-28,38.4,13.5,26.0,0.0,2.8,7.5,,,,
2025-06-29,40.0,14.6,27.3,0.0,1.9,12.8,,,,
2025-06-30,37.5,17.2,27.4,0.0,3.3,17.8,,,,
2025-07-01,37.7,14.8,26.2,0.0,2.8,10.8,,,,
2025-07-02,38.1,17.3,27.7,0.2,2.5,12.5,,,,
2025-07-03,36.1,16.2,26.2,6.2,3.9,17.2,,,,
2025-07-04,37.7,16.3,27.0,1.8,2.8,18.3,,,,
2025-07-05,35.4,16.4,25.9,0.0,4.7,17.2,,,,
2025-07-06,34.3,13.5,23.9,0.0,3.6,10.3,,,,
2025-07-07,31.6,13.9,22.8,0.0,4.4,11.1,,,,
2025-07-08,32.8,11.3,22.0,0.0,3.6,7.5,,,,
2025-07-09,36.3,13.5,24.9,0.0,3.1,9.7,,,,
2025-07-10,35.9,18.1,27.0,0.0,4.2,9.7,,,,
2025-07-11,31.7,15.2,23.4,0.0,4.2,11.1,,,,
2025-07-12,29.8,14.4,22.1,11.8,3.9,14.2,,,,
2025-07-13,30.7,14.8,22.8,0.0,3.6,8.3,,,,
2025-07-14,33.8,14.6,24.2,0.0,4.4,11.4,,,,
2025-07-15,34.5,14.1,24.3,0.0,2.2,6.4,,,,
2025-07-16,38.6,13.2,25.9,0.0,4.2,10.6,,,,
2025-07-17,36.3,16.7,26.5,0.0,5.3,12.5,,,,
2025-07-18,30.8,14.8,22.8,0.0,5.8,12.5,,,,
2025-07-19,28.7,13.5,21.1,0.0,5.6,13.3,,,,
2025-07-20,26.7,13.2,20.0,0.0,7.8,14.2,,,,
2025-07-21,29.6,8.6,19.1,0.0,2.2,6.9,,,,
2025-07-22,32.5,11.6,22.0,0.0,3.6,8.9,,,,
2025-07-23,31.4,15.2,23.3,0.0,3.1,9.7,,,,
2025-07-24,26.2,10.4,18.3,0.0,5.3,12.5,,,,
2025-07-25,29.0,8.1,18.6,0.0,3.1,9.2,,,,
2025-07-26,31.9,9.0,20.4,0.0,2.2,7.8,,,,
2025-07-27,34.1,11.0,22.6,0.0,3.3,13.1,,,,
2025-07-28,28.7,13.6,21.2,0.0,5.8,11.7,,,,
2025-07-29,29.1,9.9,19.5,0.0,4.7,10.3,,,,
2025-07-30,32.6,10.0,21.3,0.0,2.5,6.4,,,,
2025-07-31,34.0,11.2,22.6,0.0,2.5,7.5,,,,
2025-08-01,34.8,12.4,23.6,0.0,2.8,10.0,,,,
2025-08-02,36.3,14.3,25.3,0.0,2.8,8.9,,,,
2025-08-03,36.1,14.4,25.2,0.0,3.3,8.3,,,,
2025-08-04,38.1,14.0,26.0,0.0,2.5,8.9,,,,
2025-08-05,39.4,15.6,27.5,0.0,3.3,10.8,,,,
2025-08-06,37.2,14.6,25.9,0.0,3.1,10.0,,,,
2025-08-07,39.5,17.0,28.2,0.0,1.4,6.9,,,,
2025-08-08,40.1,18.2,29.2,0.0,2.8,12.2,,,,
2025-08-09,40.1,18.8,29.4,0.0,1.9,8.6,,,,
2025-08-10,38.8,20.1,29.4,0.0,5.0,13.9,,,,
2025-08-11,40.3,18.6,29.4,0.0,3.3,15.8,,,,
2025-08-12,39.2,17.7,28.4,0.0,2.8,19.4,,,,
2025-08-13,34.8,20.6,27.7,0.0,3.1,14.7,,,,
2025-08-14,37.9,18.2,28.0,0.0,1.9,11.9,,,,
2025-08-15,39.1,19.6,29.4,0.0,4.4,11.7,,,,
2025-08-16,41.4,16.9,29.2,0.0,1.7,7.5,,,,
2025-08-17,39.7,20.0,29.8,0.0,4.4,13.9,,,,
2025-08-18,32.2,17.4,24.8,0.0,4.7,8.9,,,,
2025-08-19,28.5,11.4,20.0,0.0,2.8,8.3,,,,
2025-08-20,27.8,11.7,19.8,0.0,2.8,9.4,,,,
2025-08-21,28.7,9.1,18.9,0.0,1.9,6.9,,,,
2025-08-22,30.6,9.8,20.2,0.0,2.8,8.3,,,,
2025-08-23,33.5,8.3,20.9,0.0,1.7,7.2,,,,
2025-08-24,35.0,13.8,24.4,0.0,2.2,9.7,,,,
2025-08-25,35.3,14.4,24.8,0.0,2.5,9.4,,,,
2025-08-26,34.9,17.5,26.2,0.0,4.4,13.9,,,,
2025-08-27,30.0,13.2,21.6,0.0,4.4,11.9,,,,
2025-08-28,25.4,10.8,18.1,0.0,4.7,9.4,,,,
2025-08-29,26.2,12.0,19.1,0.0,6.4,12.8,,,,
2025-08-30,29.8,12.9,21.4,0.0,4.2,10.8,,,,
2025-08-31,25.0,10.6,17.8,0.0,6.7,16.1,,,,
2025-09-01,23.1,8.2,15.6,0.0,5.0,11.1,,,,
2025-09-02,25.2,9.2,17.2,0.0,4.4,10.8,,,,
2025-09-03,29.3,10.7,20.0,0.0,5.0,12.8,,,,
2025-09-04,27.4,9.2,18.3,0.0,3.3,7.5,,,,
2025-09-05,33.2,5.5,19.4,0.0,1.9,8.6,,,,
2025-09-06,33.8,16.4,25.1,0.0,5.8,15.8,,,,
2025-09-07,25.0,14.7,19.8,0.0,6.1,13.3,,,,
2025-09-08,27.0,11.2,19.1,0.0,2.5,8.6,,,,
2025-09-09,24.5,6.6,15.6,0.0,2.2,9.2,,,,
2025-09-10,25.4,12.7,19.0,0.0,6.9,14.2,,,,
2025-09-11,27.3,10.4,18.8,0.0,4.7,12.2,,,,
2025-09-12,27.5,11.1,19.3,0.0,3.9,10.8,,,,
2025-09-13,27.3,11.4,19.4,0.0,4.2,10.0,,,,
2025-09-14,31.4,11.7,21.6,0.0,1.4,6.1,,,,
2025-09-15,32.4,12.4,22.4,0.0,3.1,8.3,,,,
2025-09-16,32.4,8.0,20.2,0.0,1.9,7.2,,,,
2025-09-17,36.5,8.2,22.4,0.0,1.4,6.1,,,,
2025-09-18,36.0,11.6,23.8,1.2,3.3,9.4,,,,
2025-09-19,35.2,17.3,26.2,6.4,6.1,22.5,,,,
2025-09-20,30.7,13.4,22.0,0.4,5.0,15.8,,,,
2025-09-21,21.4,5.4,13.4,0.0,6.9,15.0,,,,
2025-09-22,19.8,2.5,11.2,0.0,2.8,11.1,,,,
2025-09-23,20.2,1.8,11.0,0.0,2.5,9.7,,,,
2025-09-24,20.6,1.2,10.9,0.0,1.4,6.1,,,,
2025-09-25,23.6,1.2,12.4,0.0,1.4,5.0,,,,
2025-09-26,26.8,2.4,14.6,0.0,2.8,9.4,,,,
2025-09-27,25.8,8.3,17.0,1.2,5.0,15.0,,,,
2025-09-28,18.8,12.5,15.6,7.2,3.9,9.7,,,,
2025-09-29,23.3,8.8,16.0,0.0,3.1,9.2,,,,
2025-09-30,25.1,6.8,16.0,0.0,1.4,5.6,,,,
2025-10-01,26.5,7.3,16.9,0.0,1.1,6.4,,,,
2025-10-02,29.1,3.7,16.4,0.0,1.7,6.9,,,,
2025-10-03,28.9,9.4,19.2,0.0,1.7,6.4,,,,
2025-10-04,28.6,9.6,19.1,0.0,1.9,11.7,,,,
2025-10-05,22.1,5.5,13.8,0.0,3.3,9.2,,,,
2025-10-06,27.2,1.7,14.4,0.0,1.4,4.7,,,,
2025-10-07,29.7,6.6,18.2,0.0,1.4,6.4,,,,
2025-10-08,28.1,11.3,19.7,0.0,1.9,7.5,,,,
2025-10-09,23.6,9.2,16.4,0.0,2.8,10.6,,,,
2025-10-10,25.1,4.0,14.6,0.0,1.4,7.5,,,,
2025-10-11,25.0,7.3,16.2,0.0,3.1,8.1,,,,
2025-10-12,24.9,7.1,16.0,0.0,1.9,6.9,,,,
2025-10-13,26.1,9.4,17.8,0.0,1.4,8.6,,,,
2025-10-14,26.1,6.8,16.4,0.0,0.8,5.3,,,,
2025-10-15,27.2,4.5,15.8,0.0,0.8,5.0,,,,
2025-10-16,27.4,8.2,17.8,0.0,0.8,8.3,,,,
2025-10-17,26.7,8.3,17.5,0.0,1.1,6.1,,,,
2025-10-18,27.6,5.6,16.6,0.0,0.8,6.1,,,,
2025-10-19,23.6,11.6,17.6,0.6,5.0,15.6,,,,
2025-10-20,17.3,10.1,13.7,2.6,5.0,12.2,,,,
2025-10-21,20.9,12.6,16.8,0.4,5.8,13.3,,,,
2025-10-22,22.4,13.5,18.0,1.2,7.5,17.2,,,,
2025-10-23,19.3,10.5,14.9,0.2,6.4,19.4,,,,
2025-10-24,18.4,9.2,13.8,3.4,2.5,9.4,,,,
2025-10-25,15.2,10.7,13.0,13.4,1.9,9.7,,,,
2025-10-26,15.8,3.8,9.8,0.0,2.2,8.1,,,,
2025-10-27,20.2,0.7,10.4,0.0,1.1,4.2,,,,
2025-10-28,22.7,0.9,11.8,,2.2,9.7,,,,
2025-10-29,19.4,9.4,14.4,0.0,3.3,8.1,,,,
2025-10-30,19.3,6.6,13.0,0.0,4.2,12.8,,,,
2025-10-31,17.9,7.1,12.5,4.8,4.7,12.5,,,,
2025-11-01,14.9,11.1,13.0,3.6,4.2,11.4,,,,
2025-11-02,16.7,4.9,10.8,0.0,2.5,7.8,,,,
2025-11-03,22.1,1.8,12.0,0.0,0.6,3.3,,,,
2025-11-05,20.2,7.9,14.0,10.4,6.9,17.8,,,,
2025-11-06,12.2,6.7,9.4,1.2,6.7,14.2,,,79.0,
2025-11-07,13.8,7.9,10.8,2.8,6.7,14.2,,,87.0,
2025-11-08,15.4,2.2,8.8,0.0,2.2,7.8,,,76.0,
2025-11-09,15.9,0.0,8.0,0.0,0.8,5.0,,,72.0,
2025-11-10,15.6,5.8,10.7,0.0,2.5,7.2,,,79.0,
2025-11-11,18.2,5.7,12.0,0.0,2.5,9.2,,,72.0,
2025-11-12,20.3,9.0,14.6,0.0,6.4,15.3,,,46.0,
2025-11-13,16.6,11.7,14.2,3.4,10.0,19.4,,,63.0,
2025-11-14,16.6,7.8,12.2,3.2,3.9,14.4,,,74.0,
2025-11-15,12.4,6.5,9.4,8.0,3.1,10.3,,,89.0,
2025-11-16,13.0,7.5,10.2,1.4,4.2,13.3,,,86.0,
2025-11-17,13.7,5.9,9.8,0.0,1.7,5.8,,,87.0,
2025-11-18,10.9,0.6,5.8,0.0,0.8,6.1,,,74.0,
2025-11-19,11.5,-0.8,5.4,0.0,1.9,4.4,,,77.0,
2025-11-20,10.8,-0.3,5.2,0.0,2.2,8.3,,,71.0,
2025-11-21,9.1,-3.1,3.0,0.0,2.8,8.6,,,67.0,
2025-11-22,9.2,-5.1,2.0,0.0,1.4,7.2,,,68.0,
2025-11-23,12.9,4.9,8.9,0.0,5.6,12.2,,,83.0,
2025-11-24,12.5,4.5,8.5,1.0,10.0,18.6,,,87.0,
2025-11-25,11.5,-0.8,5.4,0.0,4.2,8.6,,,81.0,
2025-11-26,11.6,-3.0,4.3,0.2,0.8,3.9,,,74.0,
2025-11-27,13.9,-3.4,5.2,0.0,0.6,4.4,,,72.0,
2025-11-28,15.2,-3.1,6.0,0.0,0.3,2.2,,,76.0,
2025-11-29,11.4,-2.5,4.4,1.0,2.5,8.6,,,90.0,
2025-11-30,9.8,-2.2,3.8,0.6,3.9,12.2,,,79.0,
2025-12-01,8.9,-4.0,2.4,1.0,1.4,6.4,,,89.0,
2025-12-02,10.2,2.2,6.2,5.0,4.4,10.8,,,81.0,
2025-12-03,8.3,-0.1,4.1,3.0,4.7,9.7,,,84.0,
2025-12-04,8.8,5.1,7.0,1.4,8.1,15.0,,,83.0,
2025-12-05,13.0,5.0,9.0,0.2,5.3,14.4,,,87.0,
2025-12-06,15.1,9.5,12.3,0.0,6.1,12.8,,,86.0,
2025-12-07,13.7,7.7,10.7,0.0,3.1,8.3,,,77.0,
2025-12-08,13.6,5.3,9.4,0.0,3.9,9.2,,,73.0,
2025-12-09,15.5,5.2,10.4,7.2,4.4,15.0,,,73.0,
2025-12-10,10.3,7.2,8.8,3.6,1.4,3.6,,,95.0,
2025-12-11,13.0,4.4,8.7,0.0,1.4,9.4,,,89.0,
2025-12-12,10.7,6.1,8.4,0.2,3.9,10.0,,,86.0,
2025-12-13,13.4,1.5,7.4,0.0,2.5,8.1,,,85.0,
2025-12-14,12.2,-1.3,5.4,0.0,1.9,5.3,,,86.0,
2025-12-15,9.7,1.2,5.4,5.2,1.7,7.8,,,96.0,
2025-12-16,9.9,3.6,6.8,1.0,3.9,9.2,,,93.0,
2025-12-17,7.9,1.2,4.6,0.0,1.1,4.4,,,92.0,
2025-12-18,13.1,2.4,7.8,2.4,3.3,6.9,,,84.0,
2025-12-19,8.4,4.3,6.4,3.0,1.9,6.9,,,95.0,
2025-12-20,9.2,4.7,7.0,6.0,3.3,9.4,,,91.0,
2025-12-21,6.5,0.2,3.4,0.0,5.8,17.2,,,84.0,
2025-12-22,5.8,0.6,3.2,0.2,5.3,11.7,,,84.0,
2025-12-23,6.9,0.7,3.8,0.6,1.9,6.4,,,92.0,
2025-12-24,9.1,0.8,5.0,0.0,1.4,8.3,,,83.0,
2025-12-25,5.5,-3.7,0.9,0.0,1.7,7.8,,,75.0,
2025-12-26,8.3,-4.2,2.0,0.0,0.8,3.9,,,80.0,
2025-12-27,11.3,-3.6,3.8,0.0,2.8,9.7,,,79.0,
2025-12-28,11.2,0.2,5.7,0.0,2.5,6.1,,,80.0,
2025-12-29,11.6,-2.1,4.8,0.0,1.1,5.0,,,86.0,
2025-12-30,3.9,-3.8,0.0,0.2,0.8,3.1,,,99.0,
2025-12-31,3.3,-0.3,1.5,0.0,1.1,3.6,,,100.0,
